state,state_name,month,expanded,enrollment,medicaid_enrollment,chip_enrollment,adult_enrollment,call_volume,wait_minutes,abandon_rate,renewal_due,renewed,ex_parte,procedural,ineligible,pending,enrollment_version,renewal_version,enrollment_footnote,medicaid_footnote,chip_footnote,renewal_due_footnote,renewal_footnote,ex_parte_footnote
AK,Alaska,201309,N,122334.0,,,,,,,,,,,,,U,,,,,,,
AL,Alabama,201309,N,799176.0,,,,,,,,,,,,,U,,,,,,,
AR,Arkansas,201309,N,556851.0,,,,,,,,,,,,,U,,,,,,,
AZ,Arizona,201309,N,1201770.0,,,,,,,,,,,,,U,,,,,,,
CA,California,201309,N,7755381.0,,,,,,,,,,,,,U,,,,,,,
CO,Colorado,201309,N,783420.0,,,,,,,,,,,,,U,,,,,,,
CT,Connecticut,201309,N,,,,,,,,,,,,,,U,,,,,,,
DC,District of Columbia,201309,N,235786.0,,,,,,,,,,,,,U,,,,,,,
DE,Delaware,201309,N,223324.0,,,,,,,,,,,,,U,,,,,,,
FL,Florida,201309,N,3695306.0,,,,,,,,,,,,,U,,,,,,,
GA,Georgia,201309,N,1535090.0,,,,,,,,,,,,,U,,,,,,,
HI,Hawaii,201309,N,288357.0,,,,,,,,,,,,,U,,,,,,,
IA,Iowa,201309,N,493515.0,,,,,,,,,,,,,U,,,,,,,
ID,Idaho,201309,N,238150.0,,,,,,,,,,,,,U,,,,,,,
IL,Illinois,201309,N,2626943.0,,,,,,,,,,,,,U,,,,,,,
IN,Indiana,201309,N,1120674.0,,,,,,,,,,,,,U,,,,,,,
KS,Kansas,201309,N,378160.0,,,,,,,,,,,,,U,,,,,,,
KY,Kentucky,201309,N,606805.0,,,,,,,,,,,,,U,,,,,,,
LA,Louisiana,201309,N,1019787.0,,,,,,,,,,,,,U,,,,,,,
MA,Massachusetts,201309,N,1296359.0,,,,,,,,,,,,,U,,,,,,,
MD,Maryland,201309,N,856297.0,,,,,,,,,,,,,U,,,,,,,
ME,Maine,201309,N,,,,,,,,,,,,,,U,,,,,,,
MI,Michigan,201309,N,1912009.0,,,,,,,,,,,,,U,,,,,,,
MN,Minnesota,201309,N,873040.0,,,,,,,,,,,,,U,,,,,,,
MO,Missouri,201309,N,846084.0,,,,,,,,,,,,,U,,,,,,,
MS,Mississippi,201309,N,615556.0,,,,,,,,,,,,,U,,,,,,,
MT,Montana,201309,N,148974.0,,,,,,,,,,,,,U,,,,,,,
NC,North Carolina,201309,N,1595952.0,,,,,,,,,,,,,U,,,,,,,
ND,North Dakota,201309,N,69980.0,,,,,,,,,,,,,U,,,,,,,
NE,Nebraska,201309,N,244600.0,,,,,,,,,,,,,U,,,,,,,
NH,New Hampshire,201309,N,127082.0,,,,,,,,,,,,,U,,,,,,,
NJ,New Jersey,201309,N,1283851.0,,,,,,,,,,,,,U,,,,,,,
NM,New Mexico,201309,N,457678.0,,,,,,,,,,,,,U,,,,,,,
NV,Nevada,201309,N,332560.0,,,,,,,,,,,,,U,,,,,,,
NY,New York,201309,N,5678417.0,,,,,,,,,,,,,U,,,,,,,
OH,Ohio,201309,N,2130322.0,,,,,,,,,,,,,U,,,,,,,
OK,Oklahoma,201309,N,790051.0,,,,,,,,,,,,,U,,,,,,,
OR,Oregon,201309,N,626356.0,,,,,,,,,,,,,U,,,,,,,
PA,Pennsylvania,201309,N,2386046.0,,,,,,,,,,,,,U,,,,,,,
RI,Rhode Island,201309,N,190833.0,,,,,,,,,,,,,U,,,,,,,
SC,South Carolina,201309,N,889744.0,,,,,,,,,,,,,U,,,,,,,
SD,South Dakota,201309,N,115501.0,,,,,,,,,,,,,U,,,,,,,
TN,Tennessee,201309,N,1244516.0,,,,,,,,,,,,,U,,,,,,,
TX,Texas,201309,N,4203449.0,,,,,,,,,,,,,U,,,,,,,
UT,Utah,201309,N,294029.0,,,,,,,,,,,,,U,,,,,,,
VA,Virginia,201309,N,935434.0,,,,,,,,,,,,,U,,,,,,,
VT,Vermont,201309,N,161081.0,,,,,,,,,,,,,U,,,,,,,
WA,Washington,201309,N,1117576.0,,,,,,,,,,,,,U,,,,,,,
WI,Wisconsin,201309,N,985531.0,,,,,,,,,,,,,U,,,,,,,
WV,West Virginia,201309,N,354544.0,,,,,,,,,,,,,U,,,,,,,
WY,Wyoming,201309,N,67518.0,,,,,,,,,,,,,U,,,,,,,
AK,Alaska,201706,Y,194534.0,182080.0,12454.0,,,,,,,,,,,U,,,,,,,
AL,Alabama,201706,N,885767.0,729368.0,156399.0,,,,,,,,,,,U,,,,,,,
AR,Arkansas,201706,Y,923807.0,842290.0,81517.0,,,,,,,,,,,U,,,,,,,
AZ,Arizona,201706,Y,1744617.0,1649411.0,95206.0,,,,,,,,,,,U,,,,,,,
CA,California,201706,Y,12293428.0,11004981.0,1288447.0,,,,,,,,,,,U,,Includes Limited-Benefit Enrollees,Includes Limited-Benefit Enrollees,Includes Limited-Benefit Enrollees,,,
CO,Colorado,201706,Y,1412331.0,1261644.0,150687.0,,,,,,,,,,,U,,,,,,,
CT,Connecticut,201706,Y,794805.0,777208.0,17597.0,,,,,,,,,,,U,,Does Not Include All Full-Benefit Medicaid enrollees; Does Not Include All CHIP enrollees,Does Not Include All Full-Benefit Medicaid enrollees,Does Not Include All CHIP enrollees,,,
DC,District of Columbia,201706,Y,254253.0,242621.0,11632.0,,,,,,,,,,,U,,,,,,,
DE,Delaware,201706,Y,227659.0,215041.0,12618.0,,,,,,,,,,,U,,,,,,,
FL,Florida,201706,N,3874106.0,3678987.0,195119.0,,,,,,,,,,,U,,,,,,,
GA,Georgia,201706,N,1765789.0,1584883.0,180906.0,,,,,,,,,,,U,,,,,,,
HI,Hawaii,201706,Y,348125.0,324337.0,23788.0,,,,,,,,,,,U,,,,,,,
IA,Iowa,201706,Y,649088.0,585696.0,63392.0,,,,,,,,,,,U,,,,,,,
ID,Idaho,201706,N,294792.0,272228.0,22564.0,,,,,,,,,,,U,,,,,,,
IL,Illinois,201706,Y,3075710.0,2824233.0,251477.0,,,,,,,,,,,U,,,,,,,
IN,Indiana,201706,Y,1382276.0,1277414.0,104862.0,,,,,,,,,,,U,,,,,,,
KS,Kansas,201706,N,392222.0,355263.0,36959.0,,,,,,,,,,,U,,,,,,,
KY,Kentucky,201706,Y,1354391.0,1271825.0,82566.0,,,,,,,,,,,U,,,,,,,
LA,Louisiana,201706,Y,1448253.0,1328323.0,119930.0,,,,,,,,,,,U,,,,,,,
MA,Massachusetts,201706,Y,1661114.0,1490673.0,170441.0,,,,,,,,,,,U,,,,,,,
MD,Maryland,201706,Y,1305591.0,1159266.0,146325.0,,,,,,,,,,,U,,,,,,,
ME,Maine,201706,N,235597.0,226077.0,9520.0,,,,,,,,,,,U,,,,,,,
MI,Michigan,201706,Y,2378157.0,2322920.0,55237.0,,,,,,,,,,,U,,Does Not Include All Full-Benefit Medicaid enrollees,Does Not Include All Full-Benefit Medicaid enrollees,,,,
MN,Minnesota,201706,Y,1061615.0,1060153.0,1462.0,,,,,,,,,,,U,,,,,,,
MO,Missouri,201706,N,1006903.0,978396.0,28507.0,,,,,,,,,,,U,,,,,,,
MS,Mississippi,201706,N,625456.0,545469.0,79987.0,,,,,,,,,,,U,,,,,,,
MT,Montana,201706,Y,261293.0,232258.0,29035.0,,,,,,,,,,,U,,,,,,,
NC,North Carolina,201706,N,1962670.0,1726359.0,236311.0,,,,,,,,,,,U,,,,,,,
ND,North Dakota,201706,Y,93804.0,91813.0,1991.0,,,,,,,,,,,U,,,,,,,
NE,Nebraska,201706,N,244956.0,212724.0,32232.0,,,,,,,,,,,U,,,,,,,
NH,New Hampshire,201706,Y,188296.0,174526.0,13770.0,,,,,,,,,,,U,,,,,,,
NJ,New Jersey,201706,Y,1787875.0,1584693.0,203182.0,,,,,,,,,,,U,,,,,,,
NM,New Mexico,201706,Y,784379.0,741415.0,42964.0,,,,,,,,,,,U,,,,,,,
NV,Nevada,201706,Y,631132.0,592871.0,38261.0,,,,,,,,,,,U,,,,,,,
NY,New York,201706,Y,6073176.0,5576355.0,496821.0,,,,,,,,,,,U,,,,,,,
OH,Ohio,201706,Y,2910222.0,2697294.0,212928.0,,,,,,,,,,,U,,,,,,,
OK,Oklahoma,201706,N,753984.0,637395.0,116589.0,,,,,,,,,,,U,,,,,,,
OR,Oregon,201706,Y,1006080.0,890245.0,115835.0,,,,,,,,,,,U,,,,,,,
PA,Pennsylvania,201706,Y,2949330.0,2772759.0,176571.0,,,,,,,,,,,U,,,,,,,
RI,Rhode Island,201706,Y,314845.0,289918.0,24927.0,,,,,,,,,,,U,,,,,,,
SC,South Carolina,201706,N,1031667.0,955856.0,75811.0,,,,,,,,,,,U,,,,,,,
SD,South Dakota,201706,N,113110.0,97454.0,15656.0,,,,,,,,,,,U,,,,,,,
TN,Tennessee,201706,N,1498146.0,1418288.0,79858.0,,,,,,,,,,,U,,,,,,,
TX,Texas,201706,N,4431050.0,3882210.0,548840.0,,,,,,,,,,,U,,,,,,,
UT,Utah,201706,N,306849.0,259048.0,47801.0,,,,,,,,,,,U,,Includes Enrollees in Other Financial Assistance Programs Not Enrolled in Medicaid or CHIP,Includes Enrollees in Other Financial Assistance Programs Not Enrolled in Medicaid or CHIP,,,,
VA,Virginia,201706,N,1011261.0,887688.0,123573.0,,,,,,,,,,,U,,,,,,,
VT,Vermont,201706,Y,169702.0,164772.0,4930.0,,,,,,,,,,,U,,,,,,,
WA,Washington,201706,Y,1810090.0,1756877.0,53213.0,,,,,,,,,,,U,,Includes Individuals Enrolled At Any Time in Month (Not a Point-in-Time Count),Includes Individuals Enrolled At Any Time in Month (Not a Point-in-Time Count),,,,
WI,Wisconsin,201706,N,1039204.0,977320.0,61884.0,,,,,,,,,,,U,,,,,,,
WV,West Virginia,201706,Y,547952.0,513067.0,34885.0,,,,,,,,,,,U,,Includes Individuals Enrolled At Any Time in Month (Not a Point-in-Time Count),Includes Individuals Enrolled At Any Time in Month (Not a Point-in-Time Count),Includes Individuals Enrolled At Any Time in Month (Not a Point-in-Time Count),,,
WY,Wyoming,201706,N,60822.0,56558.0,4264.0,,,,,,,,,,,U,,,,,,,
AK,Alaska,201707,Y,196121.0,183516.0,12605.0,,,,,,,,,,,U,,,,,,,
AL,Alabama,201707,N,890639.0,733065.0,157574.0,,,,,,,,,,,U,,,,,,,
AR,Arkansas,201707,Y,911171.0,829793.0,81378.0,,,,,,,,,,,U,,,,,,,
AZ,Arizona,201707,Y,1745097.0,1649135.0,95962.0,,,,,,,,,,,U,,,,,,,
CA,California,201707,Y,12277389.0,10988391.0,1288998.0,,,,,,,,,,,U,,Includes Limited-Benefit Enrollees,Includes Limited-Benefit Enrollees,Includes Limited-Benefit Enrollees,,,
CO,Colorado,201707,Y,1407161.0,1256576.0,150585.0,,,,,,,,,,,U,,,,,,,
CT,Connecticut,201707,Y,799837.0,782506.0,17331.0,,,,,,,,,,,U,,Does Not Include All Full-Benefit Medicaid enrollees; Does Not Include All CHIP enrollees,Does Not Include All Full-Benefit Medicaid enrollees,Does Not Include All CHIP enrollees,,,
DC,District of Columbia,201707,Y,255601.0,243189.0,12412.0,,,,,,,,,,,U,,,,,,,
DE,Delaware,201707,Y,228630.0,216012.0,12618.0,,,,,,,,,,,U,,,,,,,
FL,Florida,201707,N,3882461.0,3686820.0,195641.0,,,,,,,,,,,U,,,,,,,
GA,Georgia,201707,N,1754492.0,1577997.0,176495.0,,,,,,,,,,,U,,,,,,,
HI,Hawaii,201707,Y,346435.0,322552.0,23883.0,,,,,,,,,,,U,,,,,,,
IA,Iowa,201707,Y,649401.0,586034.0,63367.0,,,,,,,,,,,U,,,,,,,
ID,Idaho,201707,N,294571.0,272084.0,22487.0,,,,,,,,,,,U,,,,,,,
IL,Illinois,201707,Y,3073670.0,2820285.0,253385.0,,,,,,,,,,,U,,,,,,,
IN,Indiana,201707,Y,1383067.0,1277971.0,105096.0,,,,,,,,,,,U,,,,,,,
KS,Kansas,201707,N,403231.0,365846.0,37385.0,,,,,,,,,,,U,,,,,,,
KY,Kentucky,201707,Y,1355660.0,1273142.0,82518.0,,,,,,,,,,,U,,,,,,,
LA,Louisiana,201707,Y,1449244.0,1328785.0,120459.0,,,,,,,,,,,U,,,,,,,
MA,Massachusetts,201707,Y,1632523.0,1458560.0,173963.0,,,,,,,,,,,U,,,,,,,
MD,Maryland,201707,Y,1306788.0,1161097.0,145691.0,,,,,,,,,,,U,,,,,,,
ME,Maine,201707,N,234918.0,225459.0,9459.0,,,,,,,,,,,U,,,,,,,
MI,Michigan,201707,Y,2380232.0,2325893.0,54339.0,,,,,,,,,,,U,,Does Not Include All Full-Benefit Medicaid enrollees,Does Not Include All Full-Benefit Medicaid enrollees,,,,
MN,Minnesota,201707,Y,1065061.0,1063615.0,1446.0,,,,,,,,,,,U,,,,,,,
MO,Missouri,201707,N,1006683.0,978262.0,28421.0,,,,,,,,,,,U,,,,,,,
MS,Mississippi,201707,N,625464.0,545228.0,80236.0,,,,,,,,,,,U,,,,,,,
MT,Montana,201707,Y,262329.0,233915.0,28414.0,,,,,,,,,,,U,,,,,,,
NC,North Carolina,201707,N,1962166.0,1722871.0,239295.0,,,,,,,,,,,U,,,,,,,
ND,North Dakota,201707,Y,93148.0,91188.0,1960.0,,,,,,,,,,,U,,,,,,,
NE,Nebraska,201707,N,245909.0,213522.0,32387.0,,,,,,,,,,,U,,,,,,,
NH,New Hampshire,201707,Y,187798.0,173900.0,13898.0,,,,,,,,,,,U,,,,,,,
NJ,New Jersey,201707,Y,1778951.0,1576418.0,202533.0,,,,,,,,,,,U,,,,,,,
NM,New Mexico,201707,Y,778728.0,736689.0,42039.0,,,,,,,,,,,U,,,,,,,
NV,Nevada,201707,Y,633838.0,594484.0,39354.0,,,,,,,,,,,U,,,,,,,
NY,New York,201707,Y,6096142.0,5586832.0,509310.0,,,,,,,,,,,U,,,,,,,
OH,Ohio,201707,Y,2881568.0,2669793.0,211775.0,,,,,,,,,,,U,,,,,,,
OK,Oklahoma,201707,N,753610.0,633476.0,120134.0,,,,,,,,,,,U,,,,,,,
OR,Oregon,201707,Y,989582.0,872063.0,117519.0,,,,,,,,,,,U,,,,,,,
PA,Pennsylvania,201707,Y,3001087.0,2714446.0,286641.0,,,,,,,,,,,U,,,,,,,
RI,Rhode Island,201707,Y,313103.0,287916.0,25187.0,,,,,,,,,,,U,,,,,,,
SC,South Carolina,201707,N,1032955.0,956376.0,76579.0,,,,,,,,,,,U,,,,,,,
SD,South Dakota,201707,N,112529.0,96871.0,15658.0,,,,,,,,,,,U,,,,,,,
TN,Tennessee,201707,N,1484821.0,1405280.0,79541.0,,,,,,,,,,,U,,,,,,,
TX,Texas,201707,N,4434104.0,3874786.0,559318.0,,,,,,,,,,,U,,,,,,,
UT,Utah,201707,N,307267.0,259669.0,47598.0,,,,,,,,,,,U,,Includes Enrollees in Other Financial Assistance Programs Not Enrolled in Medicaid or CHIP,Includes Enrollees in Other Financial Assistance Programs Not Enrolled in Medicaid or CHIP,,,,
VA,Virginia,201707,N,1015609.0,890178.0,125431.0,,,,,,,,,,,U,,,,,,,
VT,Vermont,201707,Y,168455.0,163597.0,4858.0,,,,,,,,,,,U,,,,,,,
WA,Washington,201707,Y,1795941.0,1742072.0,53869.0,,,,,,,,,,,U,,Includes Individuals Enrolled At Any Time in Month (Not a Point-in-Time Count),Includes Individuals Enrolled At Any Time in Month (Not a Point-in-Time Count),,,,
WI,Wisconsin,201707,N,1037696.0,975494.0,62202.0,,,,,,,,,,,U,,,,,,,
WV,West Virginia,201707,Y,547832.0,512944.0,34888.0,,,,,,,,,,,U,,Includes Individuals Enrolled At Any Time in Month (Not a Point-in-Time Count),Includes Individuals Enrolled At Any Time in Month (Not a Point-in-Time Count),Includes Individuals Enrolled At Any Time in Month (Not a Point-in-Time Count),,,
WY,Wyoming,201707,N,60075.0,55841.0,4234.0,,,,,,,,,,,U,,,,,,,
AK,Alaska,201708,Y,197834.0,185071.0,12763.0,,,,,,,,,,,U,,,,,,,
AL,Alabama,201708,N,890747.0,732419.0,158328.0,,,,,,,,,,,U,,,,,,,
AR,Arkansas,201708,Y,909960.0,827909.0,82051.0,,,,,,,,,,,U,,,,,,,
AZ,Arizona,201708,Y,1742701.0,1646612.0,96089.0,,,,,,,,,,,U,,,,,,,
CA,California,201708,Y,12310936.0,11010221.0,1300715.0,,,,,,,,,,,U,,Includes Limited-Benefit Enrollees,Includes Limited-Benefit Enrollees,Includes Limited-Benefit Enrollees,,,
CO,Colorado,201708,Y,1411445.0,1259441.0,152004.0,,,,,,,,,,,U,,,,,,,
CT,Connecticut,201708,Y,801870.0,784375.0,17495.0,,,,,,,,,,,U,,Does Not Include All Full-Benefit Medicaid enrollees; Does Not Include All CHIP enrollees,Does Not Include All Full-Benefit Medicaid enrollees,Does Not Include All CHIP enrollees,,,
DC,District of Columbia,201708,Y,257388.0,244250.0,13138.0,,,,,,,,,,,U,,,,,,,
DE,Delaware,201708,Y,229944.0,217339.0,12605.0,,,,,,,,,,,U,,,,,,,
FL,Florida,201708,N,3843679.0,3646981.0,196698.0,,,,,,,,,,,U,,,,,,,
GA,Georgia,201708,N,1766183.0,1585673.0,180510.0,,,,,,,,,,,U,,,,,,,
HI,Hawaii,201708,Y,346500.0,322546.0,23954.0,,,,,,,,,,,U,,,,,,,
IA,Iowa,201708,Y,647094.0,583122.0,63972.0,,,,,,,,,,,U,,,,,,,
ID,Idaho,201708,N,296356.0,273867.0,22489.0,,,,,,,,,,,U,,,,,,,
IL,Illinois,201708,Y,3078351.0,2823816.0,254535.0,,,,,,,,,,,U,,,,,,,
IN,Indiana,201708,Y,1383030.0,1277834.0,105196.0,,,,,,,,,,,U,,,,,,,
KS,Kansas,201708,N,394141.0,344662.0,49479.0,,,,,,,,,,,U,,,,,,,
KY,Kentucky,201708,Y,1359442.0,1276273.0,83169.0,,,,,,,,,,,U,,,,,,,
LA,Louisiana,201708,Y,1444529.0,1323892.0,120637.0,,,,,,,,,,,U,,,,,,,
MA,Massachusetts,201708,Y,1624439.0,1448697.0,175742.0,,,,,,,,,,,U,,,,,,,
MD,Maryland,201708,Y,1309986.0,1163808.0,146178.0,,,,,,,,,,,U,,,,,,,
ME,Maine,201708,N,234535.0,225046.0,9489.0,,,,,,,,,,,U,,,,,,,
MI,Michigan,201708,Y,2385647.0,2330756.0,54891.0,,,,,,,,,,,U,,Does Not Include All Full-Benefit Medicaid enrollees,Does Not Include All Full-Benefit Medicaid enrollees,,,,
MN,Minnesota,201708,Y,1070241.0,1068782.0,1459.0,,,,,,,,,,,U,,,,,,,
MO,Missouri,201708,N,1002239.0,972460.0,29779.0,,,,,,,,,,,U,,,,,,,
MS,Mississippi,201708,N,624436.0,544486.0,79950.0,,,,,,,,,,,U,,,,,,,
MT,Montana,201708,Y,263978.0,236142.0,27836.0,,,,,,,,,,,U,,,,,,,
NC,North Carolina,201708,N,1966019.0,1723893.0,242126.0,,,,,,,,,,,U,,,,,,,
ND,North Dakota,201708,Y,93407.0,91467.0,1940.0,,,,,,,,,,,U,,,,,,,
NE,Nebraska,201708,N,246250.0,213714.0,32536.0,,,,,,,,,,,U,,,,,,,
NH,New Hampshire,201708,Y,188058.0,174120.0,13938.0,,,,,,,,,,,U,,,,,,,
NJ,New Jersey,201708,Y,1771394.0,1568626.0,202768.0,,,,,,,,,,,U,,,,,,,
NM,New Mexico,201708,Y,768072.0,727359.0,40713.0,,,,,,,,,,,U,,,,,,,
NV,Nevada,201708,Y,636806.0,597226.0,39580.0,,,,,,,,,,,U,,,,,,,
NY,New York,201708,Y,6076621.0,5563706.0,512915.0,,,,,,,,,,,U,,,,,,,
OH,Ohio,201708,Y,2876683.0,2664638.0,212045.0,,,,,,,,,,,U,,,,,,,
OK,Oklahoma,201708,N,747582.0,630402.0,117180.0,,,,,,,,,,,U,,,,,,,
OR,Oregon,201708,Y,974751.0,855736.0,119015.0,,,,,,,,,,,U,,,,,,,
PA,Pennsylvania,201708,Y,3013365.0,2725645.0,287720.0,,,,,,,,,,,U,,,,,,,
RI,Rhode Island,201708,Y,315776.0,289160.0,26616.0,,,,,,,,,,,U,,,,,,,
SC,South Carolina,201708,N,1033865.0,956011.0,77854.0,,,,,,,,,,,U,,,,,,,
SD,South Dakota,201708,N,112964.0,97248.0,15716.0,,,,,,,,,,,U,,,,,,,
TN,Tennessee,201708,N,1505215.0,1425855.0,79360.0,,,,,,,,,,,U,,,,,,,
TX,Texas,201708,N,4444789.0,3864515.0,580274.0,,,,,,,,,,,U,,,,,,,
UT,Utah,201708,N,308312.0,260162.0,48150.0,,,,,,,,,,,U,,Includes Enrollees in Other Financial Assistance Programs Not Enrolled in Medicaid or CHIP,Includes Enrollees in Other Financial Assistance Programs Not Enrolled in Medicaid or CHIP,,,,
VA,Virginia,201708,N,1023102.0,895340.0,127762.0,,,,,,,,,,,U,,,,,,,
VT,Vermont,201708,Y,166295.0,161590.0,4705.0,,,,,,,,,,,U,,,,,,,
WA,Washington,201708,Y,1788562.0,1733585.0,54977.0,,,,,,,,,,,U,,Includes Individuals Enrolled At Any Time in Month (Not a Point-in-Time Count),Includes Individuals Enrolled At Any Time in Month (Not a Point-in-Time Count),,,,
WI,Wisconsin,201708,N,1037812.0,974977.0,62835.0,,,,,,,,,,,U,,,,,,,
WV,West Virginia,201708,Y,548098.0,513042.0,35056.0,,,,,,,,,,,U,,Includes Individuals Enrolled At Any Time in Month (Not a Point-in-Time Count),Includes Individuals Enrolled At Any Time in Month (Not a Point-in-Time Count),Includes Individuals Enrolled At Any Time in Month (Not a Point-in-Time Count),,,
WY,Wyoming,201708,N,60072.0,55730.0,4342.0,,,,,,,,,,,U,,,,,,,
AK,Alaska,201709,Y,198742.0,185974.0,12768.0,,,,,,,,,,,U,,,,,,,
AL,Alabama,201709,N,890170.0,732026.0,158144.0,,,,,,,,,,,U,,,,,,,
AR,Arkansas,201709,Y,917847.0,835686.0,82161.0,,,,,,,,,,,U,,,,,,,
AZ,Arizona,201709,Y,1743139.0,1646000.0,97139.0,,,,,,,,,,,U,,,,,,,
CA,California,201709,Y,12268887.0,10966252.0,1302635.0,,,,,,,,,,,U,,Includes Limited-Benefit Enrollees,Includes Limited-Benefit Enrollees,Includes Limited-Benefit Enrollees,,,
CO,Colorado,201709,Y,1404453.0,1253830.0,150623.0,,,,,,,,,,,U,,,,,,,
CT,Connecticut,201709,Y,813767.0,796032.0,17735.0,,,,,,,,,,,U,,Does Not Include All Full-Benefit Medicaid enrollees; Does Not Include All CHIP enrollees,Does Not Include All Full-Benefit Medicaid enrollees,Does Not Include All CHIP enrollees,,,
DC,District of Columbia,201709,Y,258187.0,244961.0,13226.0,,,,,,,,,,,U,,,,,,,
DE,Delaware,201709,Y,230339.0,217588.0,12751.0,,,,,,,,,,,U,,,,,,,
FL,Florida,201709,N,3806151.0,3607546.0,198605.0,,,,,,,,,,,U,,,,,,,
GA,Georgia,201709,N,1769089.0,1587970.0,181119.0,,,,,,,,,,,U,,,,,,,
HI,Hawaii,201709,Y,343874.0,319868.0,24006.0,,,,,,,,,,,U,,,,,,,
IA,Iowa,201709,Y,641863.0,578621.0,63242.0,,,,,,,,,,,U,,,,,,,
ID,Idaho,201709,N,297066.0,274809.0,22257.0,,,,,,,,,,,U,,,,,,,
IL,Illinois,201709,Y,3070815.0,2816541.0,254274.0,,,,,,,,,,,U,,,,,,,
IN,Indiana,201709,Y,1383030.0,1277834.0,105196.0,,,,,,,,,,,U,,,,,,,
KS,Kansas,201709,N,381853.0,331697.0,50156.0,,,,,,,,,,,U,,,,,,,
KY,Kentucky,201709,Y,1360852.0,1277614.0,83238.0,,,,,,,,,,,U,,,,,,,
LA,Louisiana,201709,Y,1444971.0,1324003.0,120968.0,,,,,,,,,,,U,,,,,,,
MA,Massachusetts,201709,Y,1630412.0,1452043.0,178369.0,,,,,,,,,,,U,,,,,,,
MD,Maryland,201709,Y,1309803.0,1163936.0,145867.0,,,,,,,,,,,U,,,,,,,
ME,Maine,201709,N,233850.0,224308.0,9542.0,,,,,,,,,,,U,,,,,,,
MI,Michigan,201709,Y,2356366.0,2301349.0,55017.0,,,,,,,,,,,U,,Does Not Include All Full-Benefit Medicaid enrollees,Does Not Include All Full-Benefit Medicaid enrollees,,,,
MN,Minnesota,201709,Y,1069823.0,1068342.0,1481.0,,,,,,,,,,,U,,,,,,,
MO,Missouri,201709,N,996789.0,967103.0,29686.0,,,,,,,,,,,U,,,,,,,
MS,Mississippi,201709,N,623606.0,543886.0,79720.0,,,,,,,,,,,U,,,,,,,
MT,Montana,201709,Y,264735.0,237391.0,27344.0,,,,,,,,,,,U,,,,,,,
NC,North Carolina,201709,N,1962882.0,1719265.0,243617.0,,,,,,,,,,,U,,,,,,,
ND,North Dakota,201709,Y,93484.0,91533.0,1951.0,,,,,,,,,,,U,,,,,,,
NE,Nebraska,201709,N,246353.0,213658.0,32695.0,,,,,,,,,,,U,,,,,,,
NH,New Hampshire,201709,Y,187720.0,173528.0,14192.0,,,,,,,,,,,U,,,,,,,
NJ,New Jersey,201709,Y,1763781.0,1561429.0,202352.0,,,,,,,,,,,U,,,,,,,
NM,New Mexico,201709,Y,751031.0,712073.0,38958.0,,,,,,,,,,,U,,,,,,,
NV,Nevada,201709,Y,635568.0,595583.0,39985.0,,,,,,,,,,,U,,,,,,,
NY,New York,201709,Y,6089591.0,5572559.0,517032.0,,,,,,,,,,,U,,,,,,,
OH,Ohio,201709,Y,2857339.0,2643589.0,213750.0,,,,,,,,,,,U,,,,,,,
OK,Oklahoma,201709,N,744800.0,630366.0,114434.0,,,,,,,,,,,U,,,,,,,
OR,Oregon,201709,Y,968409.0,848151.0,120258.0,,,,,,,,,,,U,,,,,,,
PA,Pennsylvania,201709,Y,3010042.0,2722276.0,287766.0,,,,,,,,,,,U,,,,,,,
RI,Rhode Island,201709,Y,309904.0,282355.0,27549.0,,,,,,,,,,,U,,,,,,,
SC,South Carolina,201709,N,1032321.0,953301.0,79020.0,,,,,,,,,,,U,,,,,,,
SD,South Dakota,201709,N,112653.0,96780.0,15873.0,,,,,,,,,,,U,,,,,,,
TN,Tennessee,201709,N,1517342.0,1438652.0,78690.0,,,,,,,,,,,U,,,,,,,
TX,Texas,201709,N,4455818.0,3847035.0,608783.0,,,,,,,,,,,U,,,,,,,
UT,Utah,201709,N,305540.0,258085.0,47455.0,,,,,,,,,,,U,,Includes Enrollees in Other Financial Assistance Programs Not Enrolled in Medicaid or CHIP,Includes Enrollees in Other Financial Assistance Programs Not Enrolled in Medicaid or CHIP,,,,
VA,Virginia,201709,N,1026222.0,896443.0,129779.0,,,,,,,,,,,U,,,,,,,
VT,Vermont,201709,Y,164668.0,160012.0,4656.0,,,,,,,,,,,U,,,,,,,
WA,Washington,201709,Y,1776086.0,1720001.0,56085.0,,,,,,,,,,,U,,,,,,,
WI,Wisconsin,201709,N,1036360.0,972821.0,63539.0,,,,,,,,,,,U,,,,,,,
WV,West Virginia,201709,Y,545300.0,510182.0,35118.0,,,,,,,,,,,U,,Includes Individuals Enrolled At Any Time in Month (Not a Point-in-Time Count),Includes Individuals Enrolled At Any Time in Month (Not a Point-in-Time Count),Includes Individuals Enrolled At Any Time in Month (Not a Point-in-Time Count),,,
WY,Wyoming,201709,N,62088.0,57578.0,4510.0,,,,,,,,,,,U,,,,,,,
AK,Alaska,201710,Y,200627.0,187664.0,12963.0,,,,,,,,,,,U,,,,,,,
AL,Alabama,201710,N,891729.0,732649.0,159080.0,,,,,,,,,,,U,,,,,,,
AR,Arkansas,201710,Y,917342.0,834320.0,83022.0,,,,,,,,,,,U,,,,,,,
AZ,Arizona,201710,Y,1739554.0,1641699.0,97855.0,,,,,,,,,,,U,,,,,,,
CA,California,201710,Y,12227560.0,10924224.0,1303336.0,,,,,,,,,,,U,,Includes Limited-Benefit Enrollees,Includes Limited-Benefit Enrollees,Includes Limited-Benefit Enrollees,,,
CO,Colorado,201710,Y,1364510.0,1215585.0,148925.0,,,,,,,,,,,U,,,,,,,
CT,Connecticut,201710,Y,835724.0,817984.0,17740.0,,,,,,,,,,,U,,Does Not Include All Full-Benefit Medicaid enrollees; Does Not Include All CHIP enrollees,,,,,
DC,District of Columbia,201710,Y,258896.0,245582.0,13314.0,,,,,,,,,,,U,,,,,,,
DE,Delaware,201710,Y,230748.0,217936.0,12812.0,,,,,,,,,,,U,,,,,,,
FL,Florida,201710,N,3839336.0,3644087.0,195249.0,,,,,,,,,,,U,,,,,,,
GA,Georgia,201710,N,1805143.0,1618380.0,186763.0,,,,,,,,,,,U,,,,,,,
HI,Hawaii,201710,Y,345028.0,320779.0,24249.0,,,,,,,,,,,U,,,,,,,
IA,Iowa,201710,Y,637244.0,573307.0,63937.0,,,,,,,,,,,U,,,,,,,
ID,Idaho,201710,N,297445.0,275246.0,22199.0,,,,,,,,,,,U,,,,,,,
IL,Illinois,201710,Y,3166200.0,2937918.0,228282.0,,,,,,,,,,,U,,,,,,,
IN,Indiana,201710,Y,1378256.0,1271405.0,106851.0,,,,,,,,,,,U,,,,,,,
KS,Kansas,201710,N,385603.0,335764.0,49839.0,,,,,,,,,,,U,,,,,,,
KY,Kentucky,201710,Y,1363011.0,1278723.0,84288.0,,,,,,,,,,,U,,,,,,,
LA,Louisiana,201710,Y,1445477.0,1323817.0,121660.0,,,,,,,,,,,U,,,,,,,
MA,Massachusetts,201710,Y,1649014.0,1464021.0,184993.0,,,,,,,,,,,U,,,,,,,
MD,Maryland,201710,Y,1312572.0,1164686.0,147886.0,,,,,,,,,,,U,,,,,,,
ME,Maine,201710,N,233303.0,223687.0,9616.0,,,,,,,,,,,U,,,,,,,
MI,Michigan,201710,Y,2356831.0,2300676.0,56155.0,,,,,,,,,,,U,,,,,,,
MN,Minnesota,201710,Y,1074467.0,1073042.0,1425.0,,,,,,,,,,,U,,,,,,,
MO,Missouri,201710,N,992201.0,962970.0,29231.0,,,,,,,,,,,U,,,,,,,
MS,Mississippi,201710,N,622763.0,543575.0,79188.0,,,,,,,,,,,U,,,,,,,
MT,Montana,201710,Y,266801.0,239893.0,26908.0,,,,,,,,,,,U,,,,,,,
NC,North Carolina,201710,N,1962918.0,1716869.0,246049.0,,,,,,,,,,,U,,,,,,,
ND,North Dakota,201710,Y,93557.0,91591.0,1966.0,,,,,,,,,,,U,,,,,,,
NE,Nebraska,201710,N,245617.0,212797.0,32820.0,,,,,,,,,,,U,,,,,,,
NH,New Hampshire,201710,Y,187056.0,172691.0,14365.0,,,,,,,,,,,U,,,,,,,
NJ,New Jersey,201710,Y,1765184.0,1563318.0,201866.0,,,,,,,,,,,U,,,,,,,
NM,New Mexico,201710,Y,751740.0,713132.0,38608.0,,,,,,,,,,,U,,,,,,,
NV,Nevada,201710,Y,638384.0,597796.0,40588.0,,,,,,,,,,,U,,,,,,,
NY,New York,201710,Y,6087638.0,5566298.0,521340.0,,,,,,,,,,,U,,,,,,,
OH,Ohio,201710,Y,2838173.0,2622940.0,215233.0,,,,,,,,,,,U,,,,,,,
OK,Oklahoma,201710,N,750448.0,631893.0,118555.0,,,,,,,,,,,U,,,,,,,
OR,Oregon,201710,Y,969692.0,847369.0,122323.0,,,,,,,,,,,U,,,,,,,
PA,Pennsylvania,201710,Y,3017805.0,2727128.0,290677.0,,,,,,,,,,,U,,,,,,,
RI,Rhode Island,201710,Y,314924.0,286849.0,28075.0,,,,,,,,,,,U,,,,,,,
SC,South Carolina,201710,N,1032730.0,952712.0,80018.0,,,,,,,,,,,U,,,,,,,
SD,South Dakota,201710,N,112665.0,96539.0,16126.0,,,,,,,,,,,U,,,,,,,
TN,Tennessee,201710,N,1526890.0,1447931.0,78959.0,,,,,,,,,,,U,,,,,,,
TX,Texas,201710,N,4467384.0,3923901.0,543483.0,,,,,,,,,,,U,,,,,,,
UT,Utah,201710,N,303963.0,256853.0,47110.0,,,,,,,,,,,U,,,,,,,
VA,Virginia,201710,N,1029487.0,898155.0,131332.0,,,,,,,,,,,U,,,,,,,
VT,Vermont,201710,Y,164121.0,159454.0,4667.0,,,,,,,,,,,U,,,,,,,
WA,Washington,201710,Y,1770959.0,1713629.0,57330.0,,,,,,,,,,,U,,,,,,,
WI,Wisconsin,201710,N,1036969.0,972502.0,64467.0,,,,,,,,,,,U,,,,,,,
WV,West Virginia,201710,Y,543091.0,507833.0,35258.0,,,,,,,,,,,U,,Includes Individuals Enrolled At Any Time in Month (Not a Point-in-Time Count),Includes Individuals Enrolled At Any Time in Month (Not a Point-in-Time Count),Includes Individuals Enrolled At Any Time in Month (Not a Point-in-Time Count),,,
WY,Wyoming,201710,N,62217.0,57609.0,4608.0,,,,,,,,,,,U,,,,,,,
AK,Alaska,201711,Y,201672.0,188630.0,13042.0,,,,,,,,,,,U,,,,,,,
AL,Alabama,201711,N,893227.0,720563.0,172664.0,,,,,,,,,,,U,,,,,,,
AR,Arkansas,201711,Y,919965.0,836536.0,83429.0,,,,,,,,,,,U,,,,,,,
AZ,Arizona,201711,Y,1728003.0,1630614.0,97389.0,,,,,,,,,,,U,,,,,,,
CA,California,201711,Y,12194344.0,10892189.0,1302155.0,,,,,,,,,,,U,,Includes Limited-Benefit Enrollees,Includes Limited-Benefit Enrollees,Includes Limited-Benefit Enrollees,,,
CO,Colorado,201711,Y,1357587.0,1208444.0,149143.0,,,,,,,,,,,U,,,,,,,
CT,Connecticut,201711,Y,835934.0,817708.0,18226.0,,,,,,,,,,,U,,Does Not Include All Full-Benefit Medicaid enrollees; Does Not Include All CHIP enrollees,,,,,
DC,District of Columbia,201711,Y,258835.0,245448.0,13387.0,,,,,,,,,,,U,,,,,,,
DE,Delaware,201711,Y,231385.0,218568.0,12817.0,,,,,,,,,,,U,,,,,,,
FL,Florida,201711,N,3810911.0,3610069.0,200842.0,,,,,,,,,,,U,,,,,,,
GA,Georgia,201711,N,1806068.0,1618925.0,187143.0,,,,,,,,,,,U,,,,,,,
HI,Hawaii,201711,Y,347605.0,322945.0,24660.0,,,,,,,,,,,U,,,,,,,
IA,Iowa,201711,Y,638799.0,573782.0,65017.0,,,,,,,,,,,U,,,,,,,
ID,Idaho,201711,N,296910.0,274802.0,22108.0,,,,,,,,,,,U,,,,,,,
IL,Illinois,201711,Y,3166443.0,2937222.0,229221.0,,,,,,,,,,,U,,,,,,,
IN,Indiana,201711,Y,1374366.0,1266274.0,108092.0,,,,,,,,,,,U,,,,,,,
KS,Kansas,201711,N,387500.0,336972.0,50528.0,,,,,,,,,,,U,,,,,,,
KY,Kentucky,201711,Y,1370334.0,1284620.0,85714.0,,,,,,,,,,,U,,,,,,,
LA,Louisiana,201711,Y,1448555.0,1326309.0,122246.0,,,,,,,,,,,U,,,,,,,
MA,Massachusetts,201711,Y,1668344.0,1482925.0,185419.0,,,,,,,,,,,U,,,,,,,
MD,Maryland,201711,Y,1317089.0,1169636.0,147453.0,,,,,,,,,,,U,,,,,,,
ME,Maine,201711,N,232105.0,222322.0,9783.0,,,,,,,,,,,U,,,,,,,
MI,Michigan,201711,Y,2357576.0,2300482.0,57094.0,,,,,,,,,,,U,,,,,,,
MN,Minnesota,201711,Y,1075335.0,1073984.0,1351.0,,,,,,,,,,,U,,,,,,,
MO,Missouri,201711,N,991578.0,962148.0,29430.0,,,,,,,,,,,U,,,,,,,
MS,Mississippi,201711,N,619890.0,540693.0,79197.0,,,,,,,,,,,U,,,,,,,
MT,Montana,201711,Y,266302.0,239855.0,26447.0,,,,,,,,,,,U,,,,,,,
NC,North Carolina,201711,N,1963473.0,1714183.0,249290.0,,,,,,,,,,,U,,,,,,,
ND,North Dakota,201711,Y,93696.0,91712.0,1984.0,,,,,,,,,,,U,,,,,,,
NE,Nebraska,201711,N,247722.0,214129.0,33593.0,,,,,,,,,,,U,,,,,,,
NH,New Hampshire,201711,Y,188951.0,174152.0,14799.0,,,,,,,,,,,U,,,,,,,
NJ,New Jersey,201711,Y,1774040.0,1570565.0,203475.0,,,,,,,,,,,U,,,,,,,
NM,New Mexico,201711,Y,751480.0,712758.0,38722.0,,,,,,,,,,,U,,,,,,,
NV,Nevada,201711,Y,637421.0,596891.0,40530.0,,,,,,,,,,,U,,,,,,,
NY,New York,201711,Y,6120155.0,5595061.0,525094.0,,,,,,,,,,,U,,,,,,,
OH,Ohio,201711,Y,2820606.0,2605277.0,215329.0,,,,,,,,,,,U,,,,,,,
OK,Oklahoma,201711,N,745255.0,627186.0,118069.0,,,,,,,,,,,U,,,,,,,
OR,Oregon,201711,Y,974672.0,850758.0,123914.0,,,,,,,,,,,U,,,,,,,
PA,Pennsylvania,201711,Y,3033755.0,2741429.0,292326.0,,,,,,,,,,,U,,,,,,,
RI,Rhode Island,201711,Y,313203.0,284078.0,29125.0,,,,,,,,,,,U,,,,,,,
SC,South Carolina,201711,N,1034151.0,953248.0,80903.0,,,,,,,,,,,U,,,,,,,
SD,South Dakota,201711,N,112562.0,96317.0,16245.0,,,,,,,,,,,U,,,,,,,
TN,Tennessee,201711,N,1543255.0,1462715.0,80540.0,,,,,,,,,,,U,,,,,,,
TX,Texas,201711,N,4479268.0,3914664.0,564604.0,,,,,,,,,,,U,,,,,,,
UT,Utah,201711,N,303346.0,255908.0,47438.0,,,,,,,,,,,U,,,,,,,
VA,Virginia,201711,N,1027932.0,894177.0,133755.0,,,,,,,,,,,U,,,,,,,
VT,Vermont,201711,Y,163604.0,158900.0,4704.0,,,,,,,,,,,U,,,,,,,
WA,Washington,201711,Y,1776761.0,1717434.0,59327.0,,,,,,,,,,,U,,,,,,,
WI,Wisconsin,201711,N,1035671.0,969991.0,65680.0,,,,,,,,,,,U,,,,,,,
WV,West Virginia,201711,Y,542336.0,507364.0,34972.0,,,,,,,,,,,U,,Includes Individuals Enrolled At Any Time in Month (Not a Point-in-Time Count),Includes Individuals Enrolled At Any Time in Month (Not a Point-in-Time Count),Includes Individuals Enrolled At Any Time in Month (Not a Point-in-Time Count),,,
WY,Wyoming,201711,N,61639.0,56989.0,4650.0,,,,,,,,,,,U,,,,,,,
AK,Alaska,201712,Y,200369.0,187450.0,12919.0,,,,,,,,,,,U,,,,,,,
AL,Alabama,201712,N,891650.0,718798.0,172852.0,,,,,,,,,,,U,,,,,,,
AR,Arkansas,201712,Y,914913.0,830270.0,84643.0,,,,,,,,,,,U,,,,,,,
AZ,Arizona,201712,Y,1716236.0,1619477.0,96759.0,,,,,,,,,,,U,,,,,,,
CA,California,201712,Y,12220546.0,10911820.0,1308726.0,,,,,,,,,,,U,,Includes Limited-Benefit Enrollees,Includes Limited-Benefit Enrollees,Includes Limited-Benefit Enrollees,,,
CO,Colorado,201712,Y,1359978.0,1211115.0,148863.0,,,,,,,,,,,U,,,,,,,
CT,Connecticut,201712,Y,836906.0,818543.0,18363.0,,,,,,,,,,,U,,Does Not Include All Full-Benefit Medicaid enrollees; Does Not Include All CHIP enrollees,,,,,
DC,District of Columbia,201712,Y,258949.0,245483.0,13466.0,,,,,,,,,,,U,,,,,,,
DE,Delaware,201712,Y,232315.0,219516.0,12799.0,,,,,,,,,,,U,,,,,,,
FL,Florida,201712,N,3814637.0,3615126.0,199511.0,,,,,,,,,,,U,,,,,,,
GA,Georgia,201712,N,1812561.0,1620540.0,192021.0,,,,,,,,,,,U,,,,,,,
HI,Hawaii,201712,Y,346747.0,322079.0,24668.0,,,,,,,,,,,U,,,,,,,
IA,Iowa,201712,Y,644917.0,577721.0,67196.0,,,,,,,,,,,U,,,,,,,
ID,Idaho,201712,N,297688.0,275693.0,21995.0,,,,,,,,,,,U,,,,,,,
IL,Illinois,201712,Y,3189788.0,2964143.0,225645.0,,,,,,,,,,,U,,,,,,,
IN,Indiana,201712,Y,1366818.0,1257906.0,108912.0,,,,,,,,,,,U,,,,,,,
KS,Kansas,201712,N,389441.0,338264.0,51177.0,,,,,,,,,,,U,,,,,,,
KY,Kentucky,201712,Y,1374607.0,1287287.0,87320.0,,,,,,,,,,,U,,,,,,,
LA,Louisiana,201712,Y,1455541.0,1332411.0,123130.0,,,,,,,,,,,U,,,,,,,
MA,Massachusetts,201712,Y,1691917.0,1506698.0,185219.0,,,,,,,,,,,U,,,,,,,
MD,Maryland,201712,Y,1323306.0,1174217.0,149089.0,,,,,,,,,,,U,,,,,,,
ME,Maine,201712,N,231725.0,221915.0,9810.0,,,,,,,,,,,U,,,,,,,
MI,Michigan,201712,Y,2366223.0,2308978.0,57245.0,,,,,,,,,,,U,,,,,,,
MN,Minnesota,201712,Y,1082484.0,1081053.0,1431.0,,,,,,,,,,,U,,,,,,,
MO,Missouri,201712,N,989637.0,959673.0,29964.0,,,,,,,,,,,U,,,,,,,
MS,Mississippi,201712,N,615791.0,536722.0,79069.0,,,,,,,,,,,U,,,,,,,
MT,Montana,201712,Y,274234.0,247246.0,26988.0,,,,,,,,,,,U,,,,,,,
NC,North Carolina,201712,N,1961482.0,1710252.0,251230.0,,,,,,,,,,,U,,,,,,,
ND,North Dakota,201712,Y,93983.0,91975.0,2008.0,,,,,,,,,,,U,,,,,,,
NE,Nebraska,201712,N,245863.0,211904.0,33959.0,,,,,,,,,,,U,,,,,,,
NH,New Hampshire,201712,Y,189811.0,174766.0,15045.0,,,,,,,,,,,U,,,,,,,
NJ,New Jersey,201712,Y,1779163.0,1574029.0,205134.0,,,,,,,,,,,U,,,,,,,
NM,New Mexico,201712,Y,752431.0,713549.0,38882.0,,,,,,,,,,,U,,,,,,,
NV,Nevada,201712,Y,638420.0,598215.0,40205.0,,,,,,,,,,,U,,,,,,,
NY,New York,201712,Y,6122240.0,5590461.0,531779.0,,,,,,,,,,,U,,,,,,,
OH,Ohio,201712,Y,2810412.0,2594886.0,215526.0,,,,,,,,,,,U,,,,,,,
OK,Oklahoma,201712,N,734277.0,619767.0,114510.0,,,,,,,,,,,U,,,,,,,
OR,Oregon,201712,Y,976182.0,851016.0,125166.0,,,,,,,,,,,U,,,,,,,
PA,Pennsylvania,201712,Y,3045093.0,2751601.0,293492.0,,,,,,,,,,,U,,,,,,,
RI,Rhode Island,201712,Y,312705.0,283382.0,29323.0,,,,,,,,,,,U,,,,,,,
SC,South Carolina,201712,N,1036707.0,954803.0,81904.0,,,,,,,,,,,U,,,,,,,
SD,South Dakota,201712,N,112386.0,95978.0,16408.0,,,,,,,,,,,U,,,,,,,
TN,Tennessee,201712,N,1548572.0,1467252.0,81320.0,,,,,,,,,,,U,,,,,,,
TX,Texas,201712,N,4474461.0,3887970.0,586491.0,,,,,,,,,,,U,,,,,,,
UT,Utah,201712,N,302585.0,255190.0,47395.0,,,,,,,,,,,U,,,,,,,
VA,Virginia,201712,N,1028297.0,893007.0,135290.0,,,,,,,,,,,U,,,,,,,
VT,Vermont,201712,Y,163649.0,158947.0,4702.0,,,,,,,,,,,U,,,,,,,
WA,Washington,201712,Y,1789493.0,1728123.0,61370.0,,,,,,,,,,,U,,,,,,,
WI,Wisconsin,201712,N,1034480.0,967931.0,66549.0,,,,,,,,,,,U,,,,,,,
WV,West Virginia,201712,Y,540280.0,505290.0,34990.0,,,,,,,,,,,U,,Includes Individuals Enrolled At Any Time in Month (Not a Point-in-Time Count),Includes Individuals Enrolled At Any Time in Month (Not a Point-in-Time Count),Includes Individuals Enrolled At Any Time in Month (Not a Point-in-Time Count),,,
WY,Wyoming,201712,N,61072.0,56433.0,4639.0,,,,,,,,,,,U,,,,,,,
AK,Alaska,201801,Y,203654.0,190513.0,13141.0,,,,,,,,,,,U,,,,,,,
AL,Alabama,201801,N,893494.0,720994.0,172500.0,,,,,,,,,,,U,,,,,,,
AR,Arkansas,201801,Y,896053.0,811229.0,84824.0,,,,,,,,,,,U,,,,,,,
AZ,Arizona,201801,Y,1685219.0,1591805.0,93414.0,,,,,,,,,,,U,,,,,,,
CA,California,201801,Y,12103881.0,10803299.0,1300582.0,,,,,,,,,,,U,,Includes Limited-Benefit Enrollees,Includes Limited-Benefit Enrollees,Includes Limited-Benefit Enrollees,,,
CO,Colorado,201801,Y,1342365.0,1194608.0,147757.0,,,,,,,,,,,U,,,,,,,
CT,Connecticut,201801,Y,844856.0,826797.0,18059.0,,,,,,,,,,,U,,Does Not Include All Full-Benefit Medicaid enrollees; Does Not Include All CHIP enrollees,,,,,
DC,District of Columbia,201801,Y,259110.0,245632.0,13478.0,,,,,,,,,,,U,,,,,,,
DE,Delaware,201801,Y,232016.0,219263.0,12753.0,,,,,,,,,,,U,,,,,,,
FL,Florida,201801,N,3800552.0,3602908.0,197644.0,,,,,,,,,,,U,,,,,,,
GA,Georgia,201801,N,1818601.0,1622947.0,195654.0,,,,,,,,,,,U,,,,,,,
HI,Hawaii,201801,Y,349361.0,324486.0,24875.0,,,,,,,,,,,U,,,,,,,
IA,Iowa,201801,Y,648396.0,579620.0,68776.0,,,,,,,,,,,U,,,,,,,
ID,Idaho,201801,N,286089.0,260538.0,25551.0,,,,,,,,,,,U,,,,,,,
IL,Illinois,201801,Y,3076689.0,2833653.0,243036.0,,,,,,,,,,,U,,,,,,,
IN,Indiana,201801,Y,1364478.0,1254856.0,109622.0,,,,,,,,,,,U,,,,,,,
KS,Kansas,201801,N,395922.0,344294.0,51628.0,,,,,,,,,,,U,,,,,,,
KY,Kentucky,201801,Y,1374082.0,1285407.0,88675.0,,,,,,,,,,,U,,,,,,,
LA,Louisiana,201801,Y,1459238.0,1335226.0,124012.0,,,,,,,,,,,U,,,,,,,
MA,Massachusetts,201801,Y,1673993.0,1497405.0,176588.0,,,,,,,,,,,U,,,,,,,
MD,Maryland,201801,Y,1325225.0,1175447.0,149778.0,,,,,,,,,,,U,,,,,,,
ME,Maine,201801,N,231925.0,222114.0,9811.0,,,,,,,,,,,U,,,,,,,
MI,Michigan,201801,Y,2376844.0,2319734.0,57110.0,,,,,,,,,,,U,,,,,,,
MN,Minnesota,201801,Y,1081301.0,1079881.0,1420.0,,,,,,,,,,,U,,,,,,,
MO,Missouri,201801,N,990129.0,959459.0,30670.0,,,,,,,,,,,U,,,,,,,
MS,Mississippi,201801,N,614112.0,535122.0,78990.0,,,,,,,,,,,U,,,,,,,
MT,Montana,201801,Y,276623.0,249726.0,26897.0,,,,,,,,,,,U,,,,,,,
NC,North Carolina,201801,N,1963168.0,1710745.0,252423.0,,,,,,,,,,,U,,,,,,,
ND,North Dakota,201801,Y,94311.0,92255.0,2056.0,,,,,,,,,,,U,,,,,,,
NE,Nebraska,201801,N,249328.0,215186.0,34142.0,,,,,,,,,,,U,,,,,,,
NH,New Hampshire,201801,Y,188893.0,174232.0,14661.0,,,,,,,,,,,U,,,,,,,
NJ,New Jersey,201801,Y,1777619.0,1571086.0,206533.0,,,,,,,,,,,U,,,,,,,
NM,New Mexico,201801,Y,752870.0,717045.0,35825.0,,,,,,,,,,,U,,,,,,,
NV,Nevada,201801,Y,642663.0,601878.0,40785.0,,,,,,,,,,,U,,,,,,,
NY,New York,201801,Y,6151637.0,5619155.0,532482.0,,,,,,,,,,,U,,,,,,,
OH,Ohio,201801,Y,2798257.0,2582061.0,216196.0,,,,,,,,,,,U,,,,,,,
OK,Oklahoma,201801,N,739818.0,618365.0,121453.0,,,,,,,,,,,U,,,,,,,
OR,Oregon,201801,Y,973460.0,847632.0,125828.0,,,,,,,,,,,U,,,,,,,
PA,Pennsylvania,201801,Y,3051993.0,2757616.0,294377.0,,,,,,,,,,,U,,,,,,,
RI,Rhode Island,201801,Y,313552.0,283708.0,29844.0,,,,,,,,,,,U,,,,,,,
SC,South Carolina,201801,N,1038602.0,955716.0,82886.0,,,,,,,,,,,U,,,,,,,
SD,South Dakota,201801,N,112624.0,96161.0,16463.0,,,,,,,,,,,U,,,,,,,
TN,Tennessee,201801,N,1560038.0,1479514.0,80524.0,,,,,,,,,,,U,,,,,,,
TX,Texas,201801,N,4452925.0,3839524.0,613401.0,,,,,,,,,,,U,,,,,,,
UT,Utah,201801,N,302564.0,255268.0,47296.0,,,,,,,,,,,U,,,,,,,
VA,Virginia,201801,N,1030996.0,894254.0,136742.0,,,,,,,,,,,U,,,,,,,
VT,Vermont,201801,Y,164804.0,160021.0,4783.0,,,,,,,,,,,U,,,,,,,
WA,Washington,201801,Y,1786018.0,1723311.0,62707.0,,,,,,,,,,,U,,Includes Individuals Enrolled At Any Time in Month (Not a Point-in-Time Count),Includes Individuals Enrolled At Any Time in Month (Not a Point-in-Time Count),,,,
WI,Wisconsin,201801,N,1037795.0,970576.0,67219.0,,,,,,,,,,,U,,,,,,,
WV,West Virginia,201801,Y,539948.0,504795.0,35153.0,,,,,,,,,,,U,,Includes Individuals Enrolled At Any Time in Month (Not a Point-in-Time Count),Includes Individuals Enrolled At Any Time in Month (Not a Point-in-Time Count),Includes Individuals Enrolled At Any Time in Month (Not a Point-in-Time Count),,,
WY,Wyoming,201801,N,60806.0,56039.0,4767.0,,,,,,,,,,,U,,,,,,,
AK,Alaska,201802,Y,204311.0,191133.0,13178.0,,,,,,,,,,,U,,,,,,,
AL,Alabama,201802,N,896429.0,720508.0,175921.0,,,,,,,,,,,U,,,,,,,
AR,Arkansas,201802,Y,895639.0,810550.0,85089.0,,,,,,,,,,,U,,,,,,,
AZ,Arizona,201802,Y,1673728.0,1579801.0,93927.0,,,,,,,,,,,U,,,,,,,
CA,California,201802,Y,12215946.0,10898599.0,1317347.0,,,,,,,,,,,U,,Includes Limited-Benefit Enrollees,Includes Limited-Benefit Enrollees,Includes Limited-Benefit Enrollees,,,
CO,Colorado,201802,Y,1337525.0,1185562.0,151963.0,,,,,,,,,,,U,,,,,,,
CT,Connecticut,201802,Y,840412.0,822695.0,17717.0,,,,,,,,,,,U,,Does Not Include All Full-Benefit Medicaid enrollees; Does Not Include All CHIP enrollees,,,,,
DC,District of Columbia,201802,Y,259318.0,244793.0,14525.0,,,,,,,,,,,U,,,,,,,
DE,Delaware,201802,Y,231967.0,219338.0,12629.0,,,,,,,,,,,U,,,,,,,
FL,Florida,201802,N,3801846.0,3600824.0,201022.0,,,,,,,,,,,U,,,,,,,
GA,Georgia,201802,N,1840410.0,1637681.0,202729.0,,,,,,,,,,,U,,,,,,,
HI,Hawaii,201802,Y,350462.0,325479.0,24983.0,,,,,,,,,,,U,,,,,,,
IA,Iowa,201802,Y,650690.0,581751.0,68939.0,,,,,,,,,,,U,,,,,,,
ID,Idaho,201802,N,284104.0,259032.0,25072.0,,,,,,,,,,,U,,,,,,,
IL,Illinois,201802,Y,3153458.0,2935728.0,217730.0,,,,,,,,,,,U,,,,,,,
IN,Indiana,201802,Y,1355485.0,1245025.0,110460.0,,,,,,,,,,,U,,,,,,,
KS,Kansas,201802,N,396699.0,344353.0,52346.0,,,,,,,,,,,U,,,,,,,
KY,Kentucky,201802,Y,1377115.0,1288732.0,88383.0,,,,,,,,,,,U,,,,,,,
LA,Louisiana,201802,Y,1462701.0,1337737.0,124964.0,,,,,,,,,,,U,,,,,,,
MA,Massachusetts,201802,Y,1658413.0,1481086.0,177327.0,,,,,,,,,,,U,,,,,,,
MD,Maryland,201802,Y,1330636.0,1180761.0,149875.0,,,,,,,,,,,U,,,,,,,
ME,Maine,201802,N,231551.0,221642.0,9909.0,,,,,,,,,,,U,,,,,,,
MI,Michigan,201802,Y,2381797.0,2325253.0,56544.0,,,,,,,,,,,U,,,,,,,
MN,Minnesota,201802,Y,1081559.0,1080142.0,1417.0,,,,,,,,,,,U,,,,,,,
MO,Missouri,201802,N,983765.0,952943.0,30822.0,,,,,,,,,,,U,,,,,,,
MS,Mississippi,201802,N,609725.0,530907.0,78818.0,,,,,,,,,,,U,,,,,,,
MT,Montana,201802,Y,278379.0,251602.0,26777.0,,,,,,,,,,,U,,,,,,,
NC,North Carolina,201802,N,1961694.0,1708313.0,253381.0,,,,,,,,,,,U,,,,,,,
ND,North Dakota,201802,Y,95950.0,93872.0,2078.0,,,,,,,,,,,U,,,,,,,
NE,Nebraska,201802,N,249964.0,215666.0,34298.0,,,,,,,,,,,U,,,,,,,
NH,New Hampshire,201802,Y,187828.0,173222.0,14606.0,,,,,,,,,,,U,,,,,,,
NJ,New Jersey,201802,Y,1783242.0,1575337.0,207905.0,,,,,,,,,,,U,,,,,,,
NM,New Mexico,201802,Y,750054.0,714056.0,35998.0,,,,,,,,,,,U,,,,,,,
NV,Nevada,201802,Y,642618.0,601461.0,41157.0,,,,,,,,,,,U,,,,,,,
NY,New York,201802,Y,6129761.0,5593581.0,536180.0,,,,,,,,,,,U,,,,,,,
OH,Ohio,201802,Y,2796018.0,2578480.0,217538.0,,,,,,,,,,,U,,,,,,,
OK,Oklahoma,201802,N,733264.0,611498.0,121766.0,,,,,,,,,,,U,,,,,,,
OR,Oregon,201802,Y,970752.0,844832.0,125920.0,,,,,,,,,,,U,,,,,,,
PA,Pennsylvania,201802,Y,3052124.0,2758554.0,293570.0,,,,,,,,,,,U,,,,,,,
RI,Rhode Island,201802,Y,311695.0,282151.0,29544.0,,,,,,,,,,,U,,,,,,,
SC,South Carolina,201802,N,1039978.0,955846.0,84132.0,,,,,,,,,,,U,,,,,,,
SD,South Dakota,201802,N,112937.0,96517.0,16420.0,,,,,,,,,,,U,,,,,,,
TN,Tennessee,201802,N,1534978.0,1455833.0,79145.0,,,,,,,,,,,U,,,,,,,
TX,Texas,201802,N,4436055.0,3803351.0,632704.0,,,,,,,,,,,U,,,,,,,
UT,Utah,201802,N,301585.0,254766.0,46819.0,,,,,,,,,,,U,,Includes Enrollees in Other Financial Assistance Programs Not Enrolled in Medicaid or CHIP,Includes Enrollees in Other Financial Assistance Programs Not Enrolled in Medicaid or CHIP,,,,
VA,Virginia,201802,N,1035326.0,896952.0,138374.0,,,,,,,,,,,U,,,,,,,
VT,Vermont,201802,Y,165279.0,160577.0,4702.0,,,,,,,,,,,U,,,,,,,
WA,Washington,201802,Y,1780671.0,1717044.0,63627.0,,,,,,,,,,,U,,Includes Individuals Enrolled At Any Time in Month (Not a Point-in-Time Count),Includes Individuals Enrolled At Any Time in Month (Not a Point-in-Time Count),,,,
WI,Wisconsin,201802,N,1040641.0,972861.0,67780.0,,,,,,,,,,,U,,,,,,,
WV,West Virginia,201802,Y,539166.0,503537.0,35629.0,,,,,,,,,,,U,,Includes Individuals Enrolled At Any Time in Month (Not a Point-in-Time Count),Includes Individuals Enrolled At Any Time in Month (Not a Point-in-Time Count),Includes Individuals Enrolled At Any Time in Month (Not a Point-in-Time Count),,,
WY,Wyoming,201802,N,60905.0,56081.0,4824.0,,,,,,,,,,,U,,,,,,,
AK,Alaska,201803,Y,205761.0,192481.0,13280.0,,,,,,,,,,,U,,,,,,,
AL,Alabama,201803,N,901074.0,723056.0,178018.0,,,,,,,,,,,U,,,,,,,
AR,Arkansas,201803,Y,894890.0,809356.0,85534.0,,,,,,,,,,,U,,,,,,,
AZ,Arizona,201803,Y,1678077.0,1581222.0,96855.0,,,,,,,,,,,U,,,,,,,
CA,California,201803,Y,12193802.0,10876767.0,1317035.0,,,,,,,,,,,U,,Includes Limited-Benefit Enrollees,Includes Limited-Benefit Enrollees,Includes Limited-Benefit Enrollees,,,
CO,Colorado,201803,Y,1331559.0,1178262.0,153297.0,,,,,,,,,,,U,,,,,,,
CT,Connecticut,201803,Y,842582.0,825122.0,17460.0,,,,,,,,,,,U,,Does Not Include All Full-Benefit Medicaid enrollees; Does Not Include All CHIP enrollees,Does Not Include All Full-Benefit Medicaid enrollees,Does Not Include All CHIP enrollees,,,
DC,District of Columbia,201803,Y,256315.0,241584.0,14731.0,,,,,,,,,,,U,,,,,,,
DE,Delaware,201803,Y,231282.0,218785.0,12497.0,,,,,,,,,,,U,,,,,,,
FL,Florida,201803,N,3778635.0,3575187.0,203448.0,,,,,,,,,,,U,,,,,,,
GA,Georgia,201803,N,1876354.0,1668843.0,207511.0,,,,,,,,,,,U,,,,,,,
HI,Hawaii,201803,Y,348352.0,323455.0,24897.0,,,,,,,,,,,U,,,,,,,
IA,Iowa,201803,Y,653849.0,584237.0,69612.0,,,,,,,,,,,U,,,,,,,
ID,Idaho,201803,N,277803.0,252527.0,25276.0,,,,,,,,,,,U,,,,,,,
IL,Illinois,201803,Y,3132875.0,2916048.0,216827.0,,,,,,,,,,,U,,,,,,,
IN,Indiana,201803,Y,1351032.0,1240324.0,110708.0,,,,,,,,,,,U,,,,,,,
KS,Kansas,201803,N,396745.0,343546.0,53199.0,,,,,,,,,,,U,,,,,,,
KY,Kentucky,201803,Y,1378137.0,1289143.0,88994.0,,,,,,,,,,,U,,,,,,,
LA,Louisiana,201803,Y,1460587.0,1335024.0,125563.0,,,,,,,,,,,U,,,,,,,
MA,Massachusetts,201803,Y,1678328.0,1498956.0,179372.0,,,,,,,,,,,U,,,,,,,
MD,Maryland,201803,Y,1332308.0,1181472.0,150836.0,,,,,,,,,,,U,,,,,,,
ME,Maine,201803,N,231278.0,221228.0,10050.0,,,,,,,,,,,U,,,,,,,
MI,Michigan,201803,Y,2381578.0,2325348.0,56230.0,,,,,,,,,,,U,,,,,,,
MN,Minnesota,201803,Y,1083760.0,1082370.0,1390.0,,,,,,,,,,,U,,,,,,,
MO,Missouri,201803,N,977722.0,946186.0,31536.0,,,,,,,,,,,U,,,,,,,
MS,Mississippi,201803,N,607996.0,529544.0,78452.0,,,,,,,,,,,U,,,,,,,
MT,Montana,201803,Y,279583.0,253190.0,26393.0,,,,,,,,,,,U,,,,,,,
NC,North Carolina,201803,N,1958074.0,1703832.0,254242.0,,,,,,,,,,,U,,,,,,,
ND,North Dakota,201803,Y,94498.0,92411.0,2087.0,,,,,,,,,,,U,,,,,,,
NE,Nebraska,201803,N,250897.0,216687.0,34210.0,,,,,,,,,,,U,,,,,,,
NH,New Hampshire,201803,Y,187515.0,173028.0,14487.0,,,,,,,,,,,U,,,,,,,
NJ,New Jersey,201803,Y,1784928.0,1575763.0,209165.0,,,,,,,,,,,U,,,,,,,
NM,New Mexico,201803,Y,749080.0,713337.0,35743.0,,,,,,,,,,,U,,,,,,,
NV,Nevada,201803,Y,642743.0,601557.0,41186.0,,,,,,,,,,,U,,,,,,,
NY,New York,201803,Y,6152650.0,5610302.0,542348.0,,,,,,,,,,,U,,,,,,,
OH,Ohio,201803,Y,2787955.0,2570328.0,217627.0,,,,,,,,,,,U,,,,,,,
OK,Oklahoma,201803,N,732697.0,614274.0,118423.0,,,,,,,,,,,U,,,,,,,
OR,Oregon,201803,Y,972830.0,847100.0,125730.0,,,,,,,,,,,U,,,,,,,
PA,Pennsylvania,201803,Y,3052840.0,2759353.0,293487.0,,,,,,,,,,,U,,,,,,,
RI,Rhode Island,201803,Y,311036.0,281430.0,29606.0,,,,,,,,,,,U,,,,,,,
SC,South Carolina,201803,N,1041832.0,956913.0,84919.0,,,,,,,,,,,U,,,,,,,
SD,South Dakota,201803,N,113043.0,96826.0,16217.0,,,,,,,,,,,U,,,,,,,
TN,Tennessee,201803,N,1531732.0,1454063.0,77669.0,,,,,,,,,,,U,,,,,,,
TX,Texas,201803,N,4414433.0,3767906.0,646527.0,,,,,,,,,,,U,,,,,,,
UT,Utah,201803,N,301447.0,255586.0,45861.0,,,,,,,,,,,U,,Includes Enrollees in Other Financial Assistance Programs Not Enrolled in Medicaid or CHIP,Includes Enrollees in Other Financial Assistance Programs Not Enrolled in Medicaid or CHIP,,,,
VA,Virginia,201803,N,1038200.0,899058.0,139142.0,,,,,,,,,,,U,,,,,,,
VT,Vermont,201803,Y,165757.0,161046.0,4711.0,,,,,,,,,,,U,,,,,,,
WA,Washington,201803,Y,1778119.0,1713153.0,64966.0,,,,,,,,,,,U,,Includes Individuals Enrolled At Any Time in Month (Not a Point-in-Time Count),Includes Individuals Enrolled At Any Time in Month (Not a Point-in-Time Count),,,,
WI,Wisconsin,201803,N,1040069.0,973995.0,66074.0,,,,,,,,,,,U,,,,,,,
WV,West Virginia,201803,Y,536947.0,501163.0,35784.0,,,,,,,,,,,U,,Includes Individuals Enrolled At Any Time in Month (Not a Point-in-Time Count),Includes Individuals Enrolled At Any Time in Month (Not a Point-in-Time Count),Includes Individuals Enrolled At Any Time in Month (Not a Point-in-Time Count),,,
WY,Wyoming,201803,N,60778.0,55978.0,4800.0,,,,,,,,,,,U,,,,,,,
AK,Alaska,201804,Y,207337.0,194039.0,13298.0,,,,,,,,,,,U,,,,,,,
AL,Alabama,201804,N,902580.0,724564.0,178016.0,,,,,,,,,,,U,,,,,,,
AR,Arkansas,201804,Y,902350.0,817428.0,84922.0,,,,,,,,,,,U,,,,,,,
AZ,Arizona,201804,Y,1679239.0,1579537.0,99702.0,,,,,,,,,,,U,,,,,,,
CA,California,201804,Y,12147513.0,10830732.0,1316781.0,,,,,,,,,,,U,,Includes Limited-Benefit Enrollees,Includes Limited-Benefit Enrollees,Includes Limited-Benefit Enrollees,,,
CO,Colorado,201804,Y,1316684.0,1163003.0,153681.0,,,,,,,,,,,U,,,,,,,
CT,Connecticut,201804,Y,843388.0,825333.0,18055.0,,,,,,,,,,,U,,Does Not Include All Full-Benefit Medicaid enrollees; Does Not Include All CHIP enrollees,Does Not Include All Full-Benefit Medicaid enrollees,Does Not Include All CHIP enrollees,,,
DC,District of Columbia,201804,Y,255702.0,240812.0,14890.0,,,,,,,,,,,U,,,,,,,
DE,Delaware,201804,Y,230656.0,218347.0,12309.0,,,,,,,,,,,U,,,,,,,
FL,Florida,201804,N,3768663.0,3560556.0,208107.0,,,,,,,,,,,U,,,,,,,
GA,Georgia,201804,N,1862452.0,1659045.0,203407.0,,,,,,,,,,,U,,,,,,,
HI,Hawaii,201804,Y,345012.0,320336.0,24676.0,,,,,,,,,,,U,,,,,,,
IA,Iowa,201804,Y,655571.0,585243.0,70328.0,,,,,,,,,,,U,,,,,,,
ID,Idaho,201804,N,269430.0,244994.0,24436.0,,,,,,,,,,,U,,,,,,,
IL,Illinois,201804,Y,3104999.0,2887682.0,217317.0,,,,,,,,,,,U,,,,,,,
IN,Indiana,201804,Y,1348841.0,1238008.0,110833.0,,,,,,,,,,,U,,,,,,,
KS,Kansas,201804,N,393968.0,340932.0,53036.0,,,,,,,,,,,U,,,,,,,
KY,Kentucky,201804,Y,1350866.0,1266852.0,84014.0,,,,,,,,,,,U,,,,,,,
LA,Louisiana,201804,Y,1458873.0,1332778.0,126095.0,,,,,,,,,,,U,,,,,,,
MA,Massachusetts,201804,Y,1681456.0,1500128.0,181328.0,,,,,,,,,,,U,,,,,,,
MD,Maryland,201804,Y,1328160.0,1178127.0,150033.0,,,,,,,,,,,U,,,,,,,
ME,Maine,201804,N,230588.0,220544.0,10044.0,,,,,,,,,,,U,,,,,,,
MI,Michigan,201804,Y,2373421.0,2317301.0,56120.0,,,,,,,,,,,U,,,,,,,
MN,Minnesota,201804,Y,1085100.0,1083766.0,1334.0,,,,,,,,,,,U,,,,,,,
MO,Missouri,201804,N,973093.0,941950.0,31143.0,,,,,,,,,,,U,,,,,,,
MS,Mississippi,201804,N,605231.0,527290.0,77941.0,,,,,,,,,,,U,,,,,,,
MT,Montana,201804,Y,280169.0,254224.0,25945.0,,,,,,,,,,,U,,,,,,,
NC,North Carolina,201804,N,1952277.0,1697584.0,254693.0,,,,,,,,,,,U,,,,,,,
ND,North Dakota,201804,Y,94871.0,92804.0,2067.0,,,,,,,,,,,U,,,,,,,
NE,Nebraska,201804,N,250249.0,216360.0,33889.0,,,,,,,,,,,U,,,,,,,
NH,New Hampshire,201804,Y,187165.0,172759.0,14406.0,,,,,,,,,,,U,,,,,,,
NJ,New Jersey,201804,Y,1797425.0,1585243.0,212182.0,,,,,,,,,,,U,,,,,,,
NM,New Mexico,201804,Y,748313.0,713345.0,34968.0,,,,,,,,,,,U,,,,,,,
NV,Nevada,201804,Y,644223.0,603249.0,40974.0,,,,,,,,,,,U,,,,,,,
NY,New York,201804,Y,6134171.0,5589153.0,545018.0,,,,,,,,,,,U,,,,,,,
OH,Ohio,201804,Y,2775514.0,2557955.0,217559.0,,,,,,,,,,,U,,,,,,,
OK,Oklahoma,201804,N,736548.0,616175.0,120373.0,,,,,,,,,,,U,,,,,,,
OR,Oregon,201804,Y,975183.0,849378.0,125805.0,,,,,,,,,,,U,,,,,,,
PA,Pennsylvania,201804,Y,3043199.0,2754619.0,288580.0,,,,,,,,,,,U,,,,,,,
RI,Rhode Island,201804,Y,312463.0,282577.0,29886.0,,,,,,,,,,,U,,,,,,,
SC,South Carolina,201804,N,1043534.0,956798.0,86736.0,,,,,,,,,,,U,,,,,,,
SD,South Dakota,201804,N,112852.0,96708.0,16144.0,,,,,,,,,,,U,,,,,,,
TN,Tennessee,201804,N,1512118.0,1435586.0,76532.0,,,,,,,,,,,U,,,,,,,
TX,Texas,201804,N,4398226.0,3768981.0,629245.0,,,,,,,,,,,U,,,,,,,
UT,Utah,201804,N,300717.0,254855.0,45862.0,,,,,,,,,,,U,,Includes Enrollees in Other Financial Assistance Programs Not Enrolled in Medicaid or CHIP,Includes Enrollees in Other Financial Assistance Programs Not Enrolled in Medicaid or CHIP,,,,
VA,Virginia,201804,N,1041481.0,902408.0,139073.0,,,,,,,,,,,U,,,,,,,
VT,Vermont,201804,Y,165999.0,161324.0,4675.0,,,,,,,,,,,U,,,,,,,
WA,Washington,201804,Y,1766278.0,1704240.0,62038.0,,,,,,,,,,,U,,Includes Individuals Enrolled At Any Time in Month (Not a Point-in-Time Count),Includes Individuals Enrolled At Any Time in Month (Not a Point-in-Time Count),,,,
WI,Wisconsin,201804,N,1037033.0,970523.0,66510.0,,,,,,,,,,,U,,,,,,,
WV,West Virginia,201804,Y,535711.0,500703.0,35008.0,,,,,,,,,,,U,,Includes Individuals Enrolled At Any Time in Month (Not a Point-in-Time Count),Includes Individuals Enrolled At Any Time in Month (Not a Point-in-Time Count),Includes Individuals Enrolled At Any Time in Month (Not a Point-in-Time Count),,,
WY,Wyoming,201804,N,60619.0,56035.0,4584.0,,,,,,,,,,,U,,,,,,,
AK,Alaska,201805,Y,207771.0,194367.0,13404.0,,,,,,,,,,,U,,,,,,,
AL,Alabama,201805,N,893984.0,722678.0,171306.0,,,,,,,,,,,U,,,,,,,
AR,Arkansas,201805,Y,899238.0,814720.0,84518.0,,,,,,,,,,,U,,,,,,,
AZ,Arizona,201805,Y,1678798.0,1580306.0,98492.0,,,,,,,,,,,U,,,,,,,
CA,California,201805,Y,12109710.0,10797473.0,1312237.0,,,,,,,,,,,U,,Includes Limited-Benefit Enrollees,Includes Limited-Benefit Enrollees,Includes Limited-Benefit Enrollees,,,
CO,Colorado,201805,Y,1313937.0,1160454.0,153483.0,,,,,,,,,,,U,,,,,,,
CT,Connecticut,201805,Y,844938.0,826771.0,18167.0,,,,,,,,,,,U,,Does Not Include All Full-Benefit Medicaid enrollees; Does Not Include All CHIP enrollees,Does Not Include All Full-Benefit Medicaid enrollees,Does Not Include All CHIP enrollees,,,
DC,District of Columbia,201805,Y,255580.0,240358.0,15222.0,,,,,,,,,,,U,,,,,,,
DE,Delaware,201805,Y,230525.0,218247.0,12278.0,,,,,,,,,,,U,,,,,,,
FL,Florida,201805,N,3717972.0,3506937.0,211035.0,,,,,,,,,,,U,,,,,,,
GA,Georgia,201805,N,1862562.0,1655637.0,206925.0,,,,,,,,,,,U,,,,,,,
HI,Hawaii,201805,Y,339945.0,315564.0,24381.0,,,,,,,,,,,U,,,,,,,
IA,Iowa,201805,Y,658491.0,587547.0,70944.0,,,,,,,,,,,U,,,,,,,
ID,Idaho,201805,N,271305.0,246820.0,24485.0,,,,,,,,,,,U,,,,,,,
IL,Illinois,201805,Y,3122954.0,2905048.0,217906.0,,,,,,,,,,,U,,,,,,,
IN,Indiana,201805,Y,1346771.0,1235291.0,111480.0,,,,,,,,,,,U,,,,,,,
KS,Kansas,201805,N,391161.0,338408.0,52753.0,,,,,,,,,,,U,,,,,,,
KY,Kentucky,201805,Y,1348360.0,1263985.0,84375.0,,,,,,,,,,,U,,,,,,,
LA,Louisiana,201805,Y,1453981.0,1327280.0,126701.0,,,,,,,,,,,U,,,,,,,
MA,Massachusetts,201805,Y,1660494.0,1480239.0,180255.0,,,,,,,,,,,U,,,,,,,
MD,Maryland,201805,Y,1322717.0,1172193.0,150524.0,,,,,,,,,,,U,,,,,,,
ME,Maine,201805,N,228892.0,218902.0,9990.0,,,,,,,,,,,U,,,,,,,
MI,Michigan,201805,Y,2364929.0,2308845.0,56084.0,,,,,,,,,,,U,,,,,,,
MN,Minnesota,201805,Y,1085201.0,1083872.0,1329.0,,,,,,,,,,,U,,,,,,,
MO,Missouri,201805,N,974629.0,943342.0,31287.0,,,,,,,,,,,U,,,,,,,
MS,Mississippi,201805,N,602311.0,525125.0,77186.0,,,,,,,,,,,U,,,,,,,
MT,Montana,201805,Y,280768.0,255106.0,25662.0,,,,,,,,,,,U,,,,,,,
NC,North Carolina,201805,N,1946696.0,1690401.0,256295.0,,,,,,,,,,,U,,,,,,,
ND,North Dakota,201805,Y,96276.0,94204.0,2072.0,,,,,,,,,,,U,,,,,,,
NE,Nebraska,201805,N,249735.0,215856.0,33879.0,,,,,,,,,,,U,,,,,,,
NH,New Hampshire,201805,Y,186588.0,172248.0,14340.0,,,,,,,,,,,U,,,,,,,
NJ,New Jersey,201805,Y,1790663.0,1577060.0,213603.0,,,,,,,,,,,U,,,,,,,
NM,New Mexico,201805,Y,746393.0,711989.0,34404.0,,,,,,,,,,,U,,,,,,,
NV,Nevada,201805,Y,644329.0,603417.0,40912.0,,,,,,,,,,,U,,,,,,,
NY,New York,201805,Y,6153257.0,5605167.0,548090.0,,,,,,,,,,,U,,,,,,,
OH,Ohio,201805,Y,2768392.0,2550361.0,218031.0,,,,,,,,,,,U,,,,,,,
OK,Oklahoma,201805,N,735895.0,616826.0,119069.0,,,,,,,,,,,U,,,,,,,
OR,Oregon,201805,Y,974631.0,848838.0,125793.0,,,,,,,,,,,U,,,,,,,
PA,Pennsylvania,201805,Y,3046181.0,2757255.0,288926.0,,,,,,,,,,,U,,,,,,,
RI,Rhode Island,201805,Y,312490.0,282333.0,30157.0,,,,,,,,,,,U,,,,,,,
SC,South Carolina,201805,N,1042153.0,954420.0,87733.0,,,,,,,,,,,U,,,,,,,
SD,South Dakota,201805,N,112994.0,96928.0,16066.0,,,,,,,,,,,U,,,,,,,
TN,Tennessee,201805,N,1495246.0,1419941.0,75305.0,,,,,,,,,,,U,,,,,,,
TX,Texas,201805,N,4376614.0,3746860.0,629754.0,,,,,,,,,,,U,,,,,,,
UT,Utah,201805,N,299818.0,254155.0,45663.0,,,,,,,,,,,U,,Includes Enrollees in Other Financial Assistance Programs Not Enrolled in Medicaid or CHIP,Includes Enrollees in Other Financial Assistance Programs Not Enrolled in Medicaid or CHIP,,,,
VA,Virginia,201805,N,1043181.0,903997.0,139184.0,,,,,,,,,,,U,,,,,,,
VT,Vermont,201805,Y,164423.0,159911.0,4512.0,,,,,,,,,,,U,,,,,,,
WA,Washington,201805,Y,1765956.0,1703222.0,62734.0,,,,,,,,,,,U,,Includes Individuals Enrolled At Any Time in Month (Not a Point-in-Time Count),Includes Individuals Enrolled At Any Time in Month (Not a Point-in-Time Count),,,,
WI,Wisconsin,201805,N,1029109.0,962327.0,66782.0,,,,,,,,,,,U,,,,,,,
WV,West Virginia,201805,Y,534575.0,499562.0,35013.0,,,,,,,,,,,U,,Includes Individuals Enrolled At Any Time in Month (Not a Point-in-Time Count),Includes Individuals Enrolled At Any Time in Month (Not a Point-in-Time Count),Includes Individuals Enrolled At Any Time in Month (Not a Point-in-Time Count),,,
WY,Wyoming,201805,N,59975.0,55383.0,4592.0,,,,,,,,,,,U,,,,,,,
AK,Alaska,201806,Y,211054.0,197325.0,13729.0,,,,,,,,,,,U,,,,,,,
AL,Alabama,201806,N,893615.0,722779.0,170836.0,,,,,,,,,,,U,,,,,,,
AR,Arkansas,201806,Y,895127.0,809991.0,85136.0,,,,,,,,,,,U,,,,,,,
AZ,Arizona,201806,Y,1683690.0,1584929.0,98761.0,,,,,,,,,,,U,,,,,,,
CA,California,201806,Y,12064332.0,10755540.0,1308792.0,,,,,,,,,,,U,,Includes Limited-Benefit Enrollees,Includes Limited-Benefit Enrollees,Includes Limited-Benefit Enrollees,,,
CO,Colorado,201806,Y,1316199.0,1163259.0,152940.0,,,,,,,,,,,U,,,,,,,
CT,Connecticut,201806,Y,834343.0,815730.0,18613.0,,,,,,,,,,,U,,,,,,,
DC,District of Columbia,201806,Y,255054.0,239602.0,15452.0,,,,,,,,,,,U,,,,,,,
DE,Delaware,201806,Y,230590.0,218248.0,12342.0,,,,,,,,,,,U,,,,,,,
FL,Florida,201806,N,3716933.0,3503598.0,213335.0,,,,,,,,,,,U,,,,,,,
GA,Georgia,201806,N,1863305.0,1653328.0,209977.0,,,,,,,,,,,U,,,,,,,
HI,Hawaii,201806,Y,338832.0,314075.0,24757.0,,,,,,,,,,,U,,,,,,,
IA,Iowa,201806,Y,661148.0,589778.0,71370.0,,,,,,,,,,,U,,,,,,,
ID,Idaho,201806,N,273002.0,248502.0,24500.0,,,,,,,,,,,U,,,,,,,
IL,Illinois,201806,Y,3108756.0,2887939.0,220817.0,,,,,,,,,,,U,,,,,,,
IN,Indiana,201806,Y,1341244.0,1229433.0,111811.0,,,,,,,,,,,U,,,,,,,
KS,Kansas,201806,N,389737.0,336921.0,52816.0,,,,,,,,,,,U,,,,,,,
KY,Kentucky,201806,Y,1343781.0,1258756.0,85025.0,,,,,,,,,,,U,,,,,,,
LA,Louisiana,201806,Y,1450391.0,1323561.0,126830.0,,,,,,,,,,,U,,,,,,,
MA,Massachusetts,201806,Y,1650364.0,1468683.0,181681.0,,,,,,,,,,,U,,,,,,,
MD,Maryland,201806,Y,1312067.0,1161507.0,150560.0,,,,,,,,,,,U,,,,,,,
ME,Maine,201806,N,230488.0,220466.0,10022.0,,,,,,,,,,,U,,,,,,,
MI,Michigan,201806,Y,2357089.0,2300894.0,56195.0,,,,,,,,,,,U,,,,,,,
MN,Minnesota,201806,Y,1086788.0,1085485.0,1303.0,,,,,,,,,,,U,,,,,,,
MO,Missouri,201806,N,972388.0,940659.0,31729.0,,,,,,,,,,,U,,,,,,,
MS,Mississippi,201806,N,600577.0,523655.0,76922.0,,,,,,,,,,,U,,,,,,,
MT,Montana,201806,Y,280768.0,255323.0,25445.0,,,,,,,,,,,U,,,,,,,
NC,North Carolina,201806,N,1939276.0,1680831.0,258445.0,,,,,,,,,,,U,,,,,,,
ND,North Dakota,201806,Y,94285.0,92233.0,2052.0,,,,,,,,,,,U,,,,,,,
NE,Nebraska,201806,N,248886.0,214959.0,33927.0,,,,,,,,,,,U,,,,,,,
NH,New Hampshire,201806,Y,185529.0,171141.0,14388.0,,,,,,,,,,,U,,,,,,,
NJ,New Jersey,201806,Y,1786522.0,1572313.0,214209.0,,,,,,,,,,,U,,,,,,,
NM,New Mexico,201806,Y,737816.0,703685.0,34131.0,,,,,,,,,,,U,,,,,,,
NV,Nevada,201806,Y,643455.0,603021.0,40434.0,,,,,,,,,,,U,,,,,,,
NY,New York,201806,Y,6132759.0,5580463.0,552296.0,,,,,,,,,,,U,,,,,,,
OH,Ohio,201806,Y,2742460.0,2523395.0,219065.0,,,,,,,,,,,U,,,,,,,
OK,Oklahoma,201806,N,734328.0,617606.0,116722.0,,,,,,,,,,,U,,,,,,,
OR,Oregon,201806,Y,973948.0,848155.0,125793.0,,,,,,,,,,,U,,,,,,,
PA,Pennsylvania,201806,Y,3037148.0,2748392.0,288756.0,,,,,,,,,,,U,,,,,,,
RI,Rhode Island,201806,Y,310875.0,280395.0,30480.0,,,,,,,,,,,U,,,,,,,
SC,South Carolina,201806,N,1027262.0,940003.0,87259.0,,,,,,,,,,,U,,,,,,,
SD,South Dakota,201806,N,112319.0,96419.0,15900.0,,,,,,,,,,,U,,,,,,,
TN,Tennessee,201806,N,1482362.0,1423482.0,58880.0,,,,,,,,,,,U,,,,,,,
TX,Texas,201806,N,4358677.0,3739027.0,619650.0,,,,,,,,,,,U,,,,,,,
UT,Utah,201806,N,297967.0,252720.0,45247.0,,,,,,,,,,,U,,Includes Enrollees in Other Financial Assistance Programs Not Enrolled in Medicaid or CHIP,Includes Enrollees in Other Financial Assistance Programs Not Enrolled in Medicaid or CHIP,,,,
VA,Virginia,201806,N,1044206.0,904783.0,139423.0,,,,,,,,,,,U,,,,,,,
VT,Vermont,201806,Y,162899.0,158469.0,4430.0,,,,,,,,,,,U,,,,,,,
WA,Washington,201806,Y,1758911.0,1695434.0,63477.0,,,,,,,,,,,U,,Includes Individuals Enrolled At Any Time in Month (Not a Point-in-Time Count),Includes Individuals Enrolled At Any Time in Month (Not a Point-in-Time Count),,,,
WI,Wisconsin,201806,N,1033955.0,966070.0,67885.0,,,,,,,,,,,U,,,,,,,
WV,West Virginia,201806,Y,532551.0,497432.0,35119.0,,,,,,,,,,,U,,Includes Individuals Enrolled At Any Time in Month (Not a Point-in-Time Count),Includes Individuals Enrolled At Any Time in Month (Not a Point-in-Time Count),Includes Individuals Enrolled At Any Time in Month (Not a Point-in-Time Count),,,
WY,Wyoming,201806,N,59331.0,54860.0,4471.0,,,,,,,,,,,U,,,,,,,
AK,Alaska,201807,Y,211609.0,197806.0,13803.0,,,,,,,,,,,U,,,,,,,
AL,Alabama,201807,N,896938.0,726166.0,170772.0,,,,,,,,,,,U,,,,,,,
AR,Arkansas,201807,Y,894192.0,808262.0,85930.0,,,,,,,,,,,U,,,,,,,
AZ,Arizona,201807,Y,1688791.0,1589042.0,99749.0,,,,,,,,,,,U,,,,,,,
CA,California,201807,Y,12059138.0,10748634.0,1310504.0,,,,,,,,,,,U,,Includes Limited-Benefit Enrollees,Includes Limited-Benefit Enrollees,Includes Limited-Benefit Enrollees,,,
CO,Colorado,201807,Y,1311538.0,1157582.0,153956.0,,,,,,,,,,,U,,,,,,,
CT,Connecticut,201807,Y,845276.0,826557.0,18719.0,,,,,,,,,,,U,,,,,,,
DC,District of Columbia,201807,Y,254646.0,238989.0,15657.0,,,,,,,,,,,U,,,,,,,
DE,Delaware,201807,Y,231090.0,218692.0,12398.0,,,,,,,,,,,U,,,,,,,
FL,Florida,201807,N,3729831.0,3513481.0,216350.0,,,,,,,,,,,U,,,,,,,
GA,Georgia,201807,N,1874411.0,1663520.0,210891.0,,,,,,,,,,,U,,,,,,,
HI,Hawaii,201807,Y,337722.0,312832.0,24890.0,,,,,,,,,,,U,,,,,,,
IA,Iowa,201807,Y,662978.0,591447.0,71531.0,,,,,,,,,,,U,,,,,,,
ID,Idaho,201807,N,274741.0,250297.0,24444.0,,,,,,,,,,,U,,,,,,,
IL,Illinois,201807,Y,3099179.0,2874555.0,224624.0,,,,,,,,,,,U,,,,,,,
IN,Indiana,201807,Y,1342577.0,1230394.0,112183.0,,,,,,,,,,,U,,,,,,,
KS,Kansas,201807,N,386547.0,333779.0,52768.0,,,,,,,,,,,U,,,,,,,
KY,Kentucky,201807,Y,1339911.0,1253534.0,86377.0,,,,,,,,,,,U,,,,,,,
LA,Louisiana,201807,Y,1449055.0,1321276.0,127779.0,,,,,,,,,,,U,,,,,,,
MA,Massachusetts,201807,Y,1627391.0,1445832.0,181559.0,,,,,,,,,,,U,,,,,,,
MD,Maryland,201807,Y,1312271.0,1160208.0,152063.0,,,,,,,,,,,U,,,,,,,
ME,Maine,201807,Y,230826.0,220783.0,10043.0,,,,,,,,,,,U,,,,,,,
MI,Michigan,201807,Y,2355527.0,2298825.0,56702.0,,,,,,,,,,,U,,,,,,,
MN,Minnesota,201807,Y,1086267.0,1084950.0,1317.0,,,,,,,,,,,U,,,,,,,
MO,Missouri,201807,N,956346.0,924125.0,32221.0,,,,,,,,,,,U,,,,,,,
MS,Mississippi,201807,N,598703.0,522036.0,76667.0,,,,,,,,,,,U,,,,,,,
MT,Montana,201807,Y,280638.0,255515.0,25123.0,,,,,,,,,,,U,,,,,,,
NC,North Carolina,201807,N,1935759.0,1675298.0,260461.0,,,,,,,,,,,U,,,,,,,
ND,North Dakota,201807,Y,93970.0,91882.0,2088.0,,,,,,,,,,,U,,,,,,,
NE,Nebraska,201807,N,248379.0,214466.0,33913.0,,,,,,,,,,,U,,,,,,,
NH,New Hampshire,201807,Y,185233.0,170725.0,14508.0,,,,,,,,,,,U,,,,,,,
NJ,New Jersey,201807,Y,1788090.0,1572724.0,215366.0,,,,,,,,,,,U,,,,,,,
NM,New Mexico,201807,Y,736359.0,699955.0,36404.0,,,,,,,,,,,U,,,,,,,
NV,Nevada,201807,Y,655533.0,614533.0,41000.0,,,,,,,,,,,U,,,,,,,
NY,New York,201807,Y,6152207.0,5597943.0,554264.0,,,,,,,,,,,U,,,,,,,
OH,Ohio,201807,Y,2727615.0,2507920.0,219695.0,,,,,,,,,,,U,,,,,,,
OK,Oklahoma,201807,N,739877.0,617925.0,121952.0,,,,,,,,,,,U,,,,,,,
OR,Oregon,201807,Y,972808.0,846779.0,126029.0,,,,,,,,,,,U,,,,,,,
PA,Pennsylvania,201807,Y,3033379.0,2744327.0,289052.0,,,,,,,,,,,U,,,,,,,
RI,Rhode Island,201807,Y,311231.0,280244.0,30987.0,,,,,,,,,,,U,,,,,,,
SC,South Carolina,201807,N,1030392.0,942125.0,88267.0,,,,,,,,,,,U,,,,,,,
SD,South Dakota,201807,N,112018.0,96187.0,15831.0,,,,,,,,,,,U,,,,,,,
TN,Tennessee,201807,N,1443541.0,1390399.0,53142.0,,,,,,,,,,,U,,,,,,,
TX,Texas,201807,N,4355227.0,3738797.0,616430.0,,,,,,,,,,,U,,,,,,,
UT,Utah,201807,N,296702.0,252073.0,44629.0,,,,,,,,,,,U,,Includes Enrollees in Other Financial Assistance Programs Not Enrolled in Medicaid or CHIP,Includes Enrollees in Other Financial Assistance Programs Not Enrolled in Medicaid or CHIP,,,,
VA,Virginia,201807,N,1046260.0,906995.0,139265.0,,,,,,,,,,,U,,,,,,,
VT,Vermont,201807,Y,162726.0,158299.0,4427.0,,,,,,,,,,,U,,,,,,,
WA,Washington,201807,Y,1758023.0,1693291.0,64732.0,,,,,,,,,,,U,,Includes Individuals Enrolled At Any Time in Month (Not a Point-in-Time Count),Includes Individuals Enrolled At Any Time in Month (Not a Point-in-Time Count),,,,
WI,Wisconsin,201807,N,1032239.0,964141.0,68098.0,,,,,,,,,,,U,,,,,,,
WV,West Virginia,201807,Y,532840.0,497467.0,35373.0,,,,,,,,,,,U,,Includes Individuals Enrolled At Any Time in Month (Not a Point-in-Time Count),Includes Individuals Enrolled At Any Time in Month (Not a Point-in-Time Count),Includes Individuals Enrolled At Any Time in Month (Not a Point-in-Time Count),,,
WY,Wyoming,201807,N,59658.0,55089.0,4569.0,,,,,,,,,,,U,,,,,,,
AK,Alaska,201808,Y,211945.0,197981.0,13964.0,,,,,,,,,,,U,,,,,,,
AL,Alabama,201808,N,899907.0,728894.0,171013.0,,,,,,,,,,,U,,,,,,,
AR,Arkansas,201808,Y,895332.0,808583.0,86749.0,,,,,,,,,,,U,,,,,,,
AZ,Arizona,201808,Y,1691877.0,1591718.0,100159.0,,,,,,,,,,,U,,,,,,,
CA,California,201808,Y,12055099.0,10746671.0,1308428.0,,,,,,,,,,,U,,Includes Limited-Benefit Enrollees,Includes Limited-Benefit Enrollees,Includes Limited-Benefit Enrollees,,,
CO,Colorado,201808,Y,1315094.0,1161196.0,153898.0,,,,,,,,,,,U,,,,,,,
CT,Connecticut,201808,Y,847023.0,828292.0,18731.0,,,,,,,,,,,U,,,,,,,
DC,District of Columbia,201808,Y,254123.0,238334.0,15789.0,,,,,,,,,,,U,,,,,,,
DE,Delaware,201808,Y,231919.0,219431.0,12488.0,,,,,,,,,,,U,,,,,,,
FL,Florida,201808,N,3729920.0,3509312.0,220608.0,,,,,,,,,,,U,,,,,,,
GA,Georgia,201808,N,1815109.0,1605541.0,209568.0,,,,,,,,,,,U,,,,,,,
HI,Hawaii,201808,Y,336795.0,311822.0,24973.0,,,,,,,,,,,U,,,,,,,
IA,Iowa,201808,Y,667019.0,595556.0,71463.0,,,,,,,,,,,U,,,,,,,
ID,Idaho,201808,N,276978.0,252550.0,24428.0,,,,,,,,,,,U,,,,,,,
IL,Illinois,201808,Y,3089647.0,2862080.0,227567.0,,,,,,,,,,,U,,,,,,,
IN,Indiana,201808,Y,1343027.0,1229658.0,113369.0,,,,,,,,,,,U,,,,,,,
KS,Kansas,201808,N,384606.0,331942.0,52664.0,,,,,,,,,,,U,,,,,,,
KY,Kentucky,201808,Y,1337833.0,1250370.0,87463.0,,,,,,,,,,,U,,,,,,,
LA,Louisiana,201808,Y,1455451.0,1326418.0,129033.0,,,,,,,,,,,U,,,,,,,
MA,Massachusetts,201808,Y,1622812.0,1440525.0,182287.0,,,,,,,,,,,U,,,,,,,
MD,Maryland,201808,Y,1314590.0,1160769.0,153821.0,,,,,,,,,,,U,,,,,,,
ME,Maine,201808,Y,230634.0,220519.0,10115.0,,,,,,,,,,,U,,,,,,,
MI,Michigan,201808,Y,2352398.0,2295085.0,57313.0,,,,,,,,,,,U,,,,,,,
MN,Minnesota,201808,Y,1082325.0,1081047.0,1278.0,,,,,,,,,,,U,,,,,,,
MO,Missouri,201808,N,956869.0,924486.0,32383.0,,,,,,,,,,,U,,,,,,,
MS,Mississippi,201808,N,595501.0,519029.0,76472.0,,,,,,,,,,,U,,,,,,,
MT,Montana,201808,Y,281233.0,255835.0,25398.0,,,,,,,,,,,U,,,,,,,
NC,North Carolina,201808,N,1934720.0,1671419.0,263301.0,,,,,,,,,,,U,,,,,,,
ND,North Dakota,201808,Y,95077.0,92996.0,2081.0,,,,,,,,,,,U,,,,,,,
NE,Nebraska,201808,N,249042.0,214800.0,34242.0,,,,,,,,,,,U,,,,,,,
NH,New Hampshire,201808,Y,185159.0,170585.0,14574.0,,,,,,,,,,,U,,,,,,,
NJ,New Jersey,201808,Y,1776276.0,1562617.0,213659.0,,,,,,,,,,,U,,,,,,,
NM,New Mexico,201808,Y,734378.0,697876.0,36502.0,,,,,,,,,,,U,,,,,,,
NV,Nevada,201808,Y,646973.0,605418.0,41555.0,,,,,,,,,,,U,,,,,,,
NY,New York,201808,Y,6148840.0,5594399.0,554441.0,,,,,,,,,,,U,,,,,,,
OH,Ohio,201808,Y,2717014.0,2497173.0,219841.0,,,,,,,,,,,U,,,,,,,
OK,Oklahoma,201808,N,736945.0,616489.0,120456.0,,,,,,,,,,,U,,,,,,,
OR,Oregon,201808,Y,972190.0,846403.0,125787.0,,,,,,,,,,,U,,,,,,,
PA,Pennsylvania,201808,Y,3032672.0,2741763.0,290909.0,,,,,,,,,,,U,,,,,,,
RI,Rhode Island,201808,Y,312377.0,280763.0,31614.0,,,,,,,,,,,U,,,,,,,
SC,South Carolina,201808,N,1041709.0,953218.0,88491.0,,,,,,,,,,,U,,,,,,,
SD,South Dakota,201808,N,112015.0,96144.0,15871.0,,,,,,,,,,,U,,,,,,,
TN,Tennessee,201808,N,1384347.0,1331629.0,52718.0,,,,,,,,,,,U,,,,,,,
TX,Texas,201808,N,4362456.0,3745909.0,616547.0,,,,,,,,,,,U,,,,,,,
UT,Utah,201808,N,297259.0,252325.0,44934.0,,,,,,,,,,,U,,Includes Enrollees in Other Financial Assistance Programs Not Enrolled in Medicaid or CHIP,Includes Enrollees in Other Financial Assistance Programs Not Enrolled in Medicaid or CHIP,,,,
VA,Virginia,201808,N,1046885.0,908048.0,138837.0,,,,,,,,,,,U,,,,,,,
VT,Vermont,201808,Y,162742.0,158324.0,4418.0,,,,,,,,,,,U,,,,,,,
WA,Washington,201808,Y,1753275.0,1687019.0,66256.0,,,,,,,,,,,U,,Includes Individuals Enrolled At Any Time in Month (Not a Point-in-Time Count),Includes Individuals Enrolled At Any Time in Month (Not a Point-in-Time Count),,,,
WI,Wisconsin,201808,N,1032565.0,963580.0,68985.0,,,,,,,,,,,U,,,,,,,
WV,West Virginia,201808,Y,532528.0,496670.0,35858.0,,,,,,,,,,,U,,Includes Individuals Enrolled At Any Time in Month (Not a Point-in-Time Count),Includes Individuals Enrolled At Any Time in Month (Not a Point-in-Time Count),Includes Individuals Enrolled At Any Time in Month (Not a Point-in-Time Count),,,
WY,Wyoming,201808,N,59605.0,54983.0,4622.0,,,,,,,,,,,U,,,,,,,
AK,Alaska,201809,Y,210368.0,196445.0,13923.0,,,,,,,,,,,U,,,,,,,
AL,Alabama,201809,N,902832.0,731276.0,171556.0,,,,,,,,,,,U,,,,,,,
AR,Arkansas,201809,Y,871873.0,784671.0,87202.0,,,,,,,,,,,U,,,,,,,
AZ,Arizona,201809,Y,1697061.0,1592142.0,104919.0,,,,,,,,,,,U,,,,,,,
CA,California,201809,Y,12011621.0,10706541.0,1305080.0,,,,,,,,,,,U,,Includes Limited-Benefit Enrollees,Includes Limited-Benefit Enrollees,Includes Limited-Benefit Enrollees,,,
CO,Colorado,201809,Y,1315452.0,1163012.0,152440.0,,,,,,,,,,,U,,,,,,,
CT,Connecticut,201809,Y,847594.0,828885.0,18709.0,,,,,,,,,,,U,,,,,,,
DC,District of Columbia,201809,Y,253373.0,237463.0,15910.0,,,,,,,,,,,U,,,,,,,
DE,Delaware,201809,Y,231952.0,219469.0,12483.0,,,,,,,,,,,U,,,,,,,
FL,Florida,201809,N,3724654.0,3499699.0,224955.0,,,,,,,,,,,U,,,,,,,
GA,Georgia,201809,N,1808021.0,1597709.0,210312.0,,,,,,,,,,,U,,,,,,,
HI,Hawaii,201809,Y,334678.0,309661.0,25017.0,,,,,,,,,,,U,,,,,,,
IA,Iowa,201809,Y,668278.0,596530.0,71748.0,,,,,,,,,,,U,,,,,,,
ID,Idaho,201809,N,278382.0,254013.0,24369.0,,,,,,,,,,,U,,,,,,,
IL,Illinois,201809,Y,3071476.0,2839767.0,231709.0,,,,,,,,,,,U,,,,,,,
IN,Indiana,201809,Y,1339484.0,1225273.0,114211.0,,,,,,,,,,,U,,,,,,,
KS,Kansas,201809,N,384737.0,331938.0,52799.0,,,,,,,,,,,U,,,,,,,
KY,Kentucky,201809,Y,1326250.0,1238294.0,87956.0,,,,,,,,,,,U,,,,,,,
LA,Louisiana,201809,Y,1457989.0,1328341.0,129648.0,,,,,,,,,,,U,,,,,,,
MA,Massachusetts,201809,Y,1622460.0,1437443.0,185017.0,,,,,,,,,,,U,,,,,,,
MD,Maryland,201809,Y,1312423.0,1158182.0,154241.0,,,,,,,,,,,U,,,,,,,
ME,Maine,201809,Y,231268.0,221067.0,10201.0,,,,,,,,,,,U,,,,,,,
MI,Michigan,201809,Y,2347955.0,2290217.0,57738.0,,,,,,,,,,,U,,,,,,,
MN,Minnesota,201809,Y,1079754.0,1078453.0,1301.0,,,,,,,,,,,U,,,,,,,
MO,Missouri,201809,N,945063.0,912369.0,32694.0,,,,,,,,,,,U,,,,,,,
MS,Mississippi,201809,N,595142.0,518842.0,76300.0,,,,,,,,,,,U,,,,,,,
MT,Montana,201809,Y,280737.0,253030.0,27707.0,,,,,,,,,,,U,,,,,,,
NC,North Carolina,201809,N,1924704.0,1660008.0,264696.0,,,,,,,,,,,U,,,,,,,
ND,North Dakota,201809,Y,92922.0,90825.0,2097.0,,,,,,,,,,,U,,,,,,,
NE,Nebraska,201809,N,248524.0,214252.0,34272.0,,,,,,,,,,,U,,,,,,,
NH,New Hampshire,201809,Y,184595.0,169991.0,14604.0,,,,,,,,,,,U,,,,,,,
NJ,New Jersey,201809,Y,1765952.0,1553002.0,212950.0,,,,,,,,,,,U,,,,,,,
NM,New Mexico,201809,Y,729632.0,693339.0,36293.0,,,,,,,,,,,U,,,,,,,
NV,Nevada,201809,Y,644952.0,603686.0,41266.0,,,,,,,,,,,U,,,,,,,
NY,New York,201809,Y,6122141.0,5565602.0,556539.0,,,,,,,,,,,U,,,,,,,
OH,Ohio,201809,Y,2712441.0,2492422.0,220019.0,,,,,,,,,,,U,,,,,,,
OK,Oklahoma,201809,N,735297.0,617107.0,118190.0,,,,,,,,,,,U,,,,,,,
OR,Oregon,201809,Y,972150.0,846182.0,125968.0,,,,,,,,,,,U,,,,,,,
PA,Pennsylvania,201809,Y,3016323.0,2725574.0,290749.0,,,,,,,,,,,U,,,,,,,
RI,Rhode Island,201809,Y,310961.0,278985.0,31976.0,,,,,,,,,,,U,,,,,,,
SC,South Carolina,201809,N,1039508.0,951101.0,88407.0,,,,,,,,,,,U,,,,,,,
SD,South Dakota,201809,N,111336.0,95538.0,15798.0,,,,,,,,,,,U,,,,,,,
TN,Tennessee,201809,N,1388863.0,1336779.0,52084.0,,,,,,,,,,,U,,,,,,,
TX,Texas,201809,N,4354009.0,3745746.0,608263.0,,,,,,,,,,,U,,,,,,,
UT,Utah,201809,N,294766.0,250116.0,44650.0,,,,,,,,,,,U,,Includes Enrollees in Other Financial Assistance Programs Not Enrolled in Medicaid or CHIP,Includes Enrollees in Other Financial Assistance Programs Not Enrolled in Medicaid or CHIP,,,,
VA,Virginia,201809,N,1046208.0,907030.0,139178.0,,,,,,,,,,,U,,,,,,,
VT,Vermont,201809,Y,161260.0,156865.0,4395.0,,,,,,,,,,,U,,,,,,,
WA,Washington,201809,Y,1746303.0,1679235.0,67068.0,,,,,,,,,,,U,,Includes Individuals Enrolled At Any Time in Month (Not a Point-in-Time Count),Includes Individuals Enrolled At Any Time in Month (Not a Point-in-Time Count),,,,
WI,Wisconsin,201809,N,1029055.0,959550.0,69505.0,,,,,,,,,,,U,,,,,,,
WV,West Virginia,201809,Y,529334.0,493450.0,35884.0,,,,,,,,,,,U,,Includes Individuals Enrolled At Any Time in Month (Not a Point-in-Time Count),Includes Individuals Enrolled At Any Time in Month (Not a Point-in-Time Count),Includes Individuals Enrolled At Any Time in Month (Not a Point-in-Time Count),,,
WY,Wyoming,201809,N,59452.0,54838.0,4614.0,,,,,,,,,,,U,,,,,,,
AK,Alaska,201810,Y,211746.0,197355.0,14391.0,,,,,,,,,,,U,,,,,,,
AL,Alabama,201810,N,908735.0,735734.0,173001.0,,,,,,,,,,,U,,,,,,,
AR,Arkansas,201810,Y,876235.0,788177.0,88058.0,,,,,,,,,,,U,,,,,,,
AZ,Arizona,201810,Y,1693508.0,1591124.0,102384.0,,,,,,,,,,,U,,,,,,,
CA,California,201810,Y,11984993.0,10679957.0,1305036.0,,,,,,,,,,,U,,Includes Limited-Benefit Enrollees,Includes Limited-Benefit Enrollees,Includes Limited-Benefit Enrollees,,,
CO,Colorado,201810,Y,1305001.0,1152617.0,152384.0,,,,,,,,,,,U,,,,,,,
CT,Connecticut,201810,Y,847899.0,828957.0,18942.0,,,,,,,,,,,U,,,,,,,
DC,District of Columbia,201810,Y,253592.0,237232.0,16360.0,,,,,,,,,,,U,,,,,,,
DE,Delaware,201810,Y,232137.0,219483.0,12654.0,,,,,,,,,,,U,,,,,,,
FL,Florida,201810,N,3728146.0,3503285.0,224861.0,,,,,,,,,,,U,,,,,,,
GA,Georgia,201810,N,1813129.0,1603555.0,209574.0,,,,,,,,,,,U,,,,,,,
HI,Hawaii,201810,Y,332940.0,307944.0,24996.0,,,,,,,,,,,U,,,,,,,
IA,Iowa,201810,Y,670980.0,598693.0,72287.0,,,,,,,,,,,U,,,,,,,
ID,Idaho,201810,N,278870.0,254492.0,24378.0,,,,,,,,,,,U,,,,,,,
IL,Illinois,201810,Y,3045999.0,2808656.0,237343.0,,,,,,,,,,,U,,,,,,,
IN,Indiana,201810,Y,1342946.0,1228130.0,114816.0,,,,,,,,,,,U,,,,,,,
KS,Kansas,201810,N,390123.0,336419.0,53704.0,,,,,,,,,,,U,,,,,,,
KY,Kentucky,201810,Y,1319906.0,1230992.0,88914.0,,,,,,,,,,,U,,,,,,,
LA,Louisiana,201810,Y,1462452.0,1331887.0,130565.0,,,,,,,,,,,U,,,,,,,
MA,Massachusetts,201810,Y,1627353.0,1437220.0,190133.0,,,,,,,,,,,U,,,,,,,
MD,Maryland,201810,Y,1311435.0,1157010.0,154425.0,,,,,,,,,,,U,,,,,,,
ME,Maine,201810,Y,231660.0,221392.0,10268.0,,,,,,,,,,,U,,,,,,,
MI,Michigan,201810,Y,2346180.0,2287591.0,58589.0,,,,,,,,,,,U,,,,,,,
MN,Minnesota,201810,Y,1073312.0,1072090.0,1222.0,,,,,,,,,,,U,,,,,,,
MO,Missouri,201810,N,929692.0,897013.0,32679.0,,,,,,,,,,,U,,,,,,,
MS,Mississippi,201810,N,591122.0,515155.0,75967.0,,,,,,,,,,,U,,,,,,,
MT,Montana,201810,Y,279846.0,251757.0,28089.0,,,,,,,,,,,U,,,,,,,
NC,North Carolina,201810,N,1923174.0,1656071.0,267103.0,,,,,,,,,,,U,,,,,,,
ND,North Dakota,201810,Y,92526.0,90424.0,2102.0,,,,,,,,,,,U,,,,,,,
NE,Nebraska,201810,N,247560.0,213311.0,34249.0,,,,,,,,,,,U,,,,,,,
NH,New Hampshire,201810,Y,183733.0,169012.0,14721.0,,,,,,,,,,,U,,,,,,,
NJ,New Jersey,201810,Y,1753711.0,1540099.0,213612.0,,,,,,,,,,,U,,,,,,,
NM,New Mexico,201810,Y,732566.0,695813.0,36753.0,,,,,,,,,,,U,,,,,,,
NV,Nevada,201810,Y,644810.0,603420.0,41390.0,,,,,,,,,,,U,,,,,,,
NY,New York,201810,Y,6144607.0,5584889.0,559718.0,,,,,,,,,,,U,,,,,,,
OH,Ohio,201810,Y,2700034.0,2483182.0,216852.0,,,,,,,,,,,U,,,,,,,
OK,Oklahoma,201810,N,737360.0,614873.0,122487.0,,,,,,,,,,,U,,,,,,,
OR,Oregon,201810,Y,976814.0,850025.0,126789.0,,,,,,,,,,,U,,,,,,,
PA,Pennsylvania,201810,Y,3014811.0,2721282.0,293529.0,,,,,,,,,,,U,,,,,,,
RI,Rhode Island,201810,Y,311844.0,279644.0,32200.0,,,,,,,,,,,U,,,,,,,
SC,South Carolina,201810,N,1043092.0,954665.0,88427.0,,,,,,,,,,,U,,,,,,,
SD,South Dakota,201810,N,111179.0,95212.0,15967.0,,,,,,,,,,,U,,,,,,,
TN,Tennessee,201810,N,1393623.0,1341006.0,52617.0,,,,,,,,,,,U,,,,,,,
TX,Texas,201810,N,4351367.0,3732837.0,618530.0,,,,,,,,,,,U,,,,,,,
UT,Utah,201810,N,293642.0,249051.0,44591.0,,,,,,,,,,,U,,Includes Enrollees in Other Financial Assistance Programs Not Enrolled in Medicaid or CHIP,Includes Enrollees in Other Financial Assistance Programs Not Enrolled in Medicaid or CHIP,,,,
VA,Virginia,201810,N,1048180.0,908486.0,139694.0,,,,,,,,,,,U,,,,,,,
VT,Vermont,201810,Y,161162.0,156713.0,4449.0,,,,,,,,,,,U,,,,,,,
WA,Washington,201810,Y,1745542.0,1677536.0,68006.0,,,,,,,,,,,U,,Includes Individuals Enrolled At Any Time in Month (Not a Point-in-Time Count),Includes Individuals Enrolled At Any Time in Month (Not a Point-in-Time Count),,,,
WI,Wisconsin,201810,N,1027307.0,956685.0,70622.0,,,,,,,,,,,U,,,,,,,
WV,West Virginia,201810,Y,527406.0,491612.0,35794.0,,,,,,,,,,,U,,Includes Individuals Enrolled At Any Time in Month (Not a Point-in-Time Count),Includes Individuals Enrolled At Any Time in Month (Not a Point-in-Time Count),Includes Individuals Enrolled At Any Time in Month (Not a Point-in-Time Count),,,
WY,Wyoming,201810,N,59267.0,54670.0,4597.0,,,,,,,,,,,U,,,,,,,
AK,Alaska,201811,Y,213702.0,198867.0,14835.0,,,,,,,,,,,U,,,,,,,
AL,Alabama,201811,N,907124.0,734229.0,172895.0,,,,,,,,,,,U,,,,,,,
AR,Arkansas,201811,Y,853151.0,764096.0,89055.0,,,,,,,,,,,U,,,,,,,
AZ,Arizona,201811,Y,1701640.0,1599420.0,102220.0,,,,,,,,,,,U,,,,,,,
CA,California,201811,Y,11954943.0,10649768.0,1305175.0,,,,,,,,,,,U,,Includes Limited-Benefit Enrollees,Includes Limited-Benefit Enrollees,Includes Limited-Benefit Enrollees,,,
CO,Colorado,201811,Y,1294716.0,1140654.0,154062.0,,,,,,,,,,,U,,,,,,,
CT,Connecticut,201811,Y,852186.0,832770.0,19416.0,,,,,,,,,,,U,,,,,,,
DC,District of Columbia,201811,Y,254173.0,237754.0,16419.0,,,,,,,,,,,U,,,,,,,
DE,Delaware,201811,Y,232123.0,219376.0,12747.0,,,,,,,,,,,U,,,,,,,
FL,Florida,201811,N,3709647.0,3482705.0,226942.0,,,,,,,,,,,U,,,,,,,
GA,Georgia,201811,N,1813852.0,1603830.0,210022.0,,,,,,,,,,,U,,,,,,,
HI,Hawaii,201811,Y,331712.0,306577.0,25135.0,,,,,,,,,,,U,,,,,,,
IA,Iowa,201811,Y,672057.0,599373.0,72684.0,,,,,,,,,,,U,,,,,,,
ID,Idaho,201811,N,280331.0,256110.0,24221.0,,,,,,,,,,,U,,,,,,,
IL,Illinois,201811,Y,3020847.0,2779840.0,241007.0,,,,,,,,,,,U,,,,,,,
IN,Indiana,201811,Y,1341452.0,1225524.0,115928.0,,,,,,,,,,,U,,,,,,,
KS,Kansas,201811,N,389662.0,334859.0,54803.0,,,,,,,,,,,U,,,,,,,
KY,Kentucky,201811,Y,1320770.0,1230431.0,90339.0,,,,,,,,,,,U,,,,,,,
LA,Louisiana,201811,Y,1513587.0,1382215.0,131372.0,,,,,,,,,,,U,,,,,,,
MA,Massachusetts,201811,Y,1616486.0,1424337.0,192149.0,,,,,,,,,,,U,,,,,,,
MD,Maryland,201811,Y,1313879.0,1158172.0,155707.0,,,,,,,,,,,U,,,,,,,
ME,Maine,201811,Y,232585.0,222255.0,10330.0,,,,,,,,,,,U,,,,,,,
MI,Michigan,201811,Y,2334785.0,2274958.0,59827.0,,,,,,,,,,,U,,,,,,,
MN,Minnesota,201811,Y,1070989.0,1069785.0,1204.0,,,,,,,,,,,U,,,,,,,
MO,Missouri,201811,N,916981.0,885033.0,31948.0,,,,,,,,,,,U,,,,,,,
MS,Mississippi,201811,N,591742.0,515879.0,75863.0,,,,,,,,,,,U,,,,,,,
MT,Montana,201811,Y,279041.0,250682.0,28359.0,,,,,,,,,,,U,,,,,,,
NC,North Carolina,201811,N,1918382.0,1647858.0,270524.0,,,,,,,,,,,U,,,,,,,
ND,North Dakota,201811,Y,91378.0,89250.0,2128.0,,,,,,,,,,,U,,,,,,,
NE,Nebraska,201811,N,244380.0,212547.0,31833.0,,,,,,,,,,,U,,,,,,,
NH,New Hampshire,201811,Y,184130.0,169046.0,15084.0,,,,,,,,,,,U,,,,,,,
NJ,New Jersey,201811,Y,1741615.0,1529658.0,211957.0,,,,,,,,,,,U,,,,,,,
NM,New Mexico,201811,Y,732931.0,695887.0,37044.0,,,,,,,,,,,U,,,,,,,
NV,Nevada,201811,Y,639840.0,598308.0,41532.0,,,,,,,,,,,U,,,,,,,
NY,New York,201811,Y,6127197.0,5560981.0,566216.0,,,,,,,,,,,U,,,,,,,
OH,Ohio,201811,Y,2678997.0,2465896.0,213101.0,,,,,,,,,,,U,,,,,,,
OK,Oklahoma,201811,N,732400.0,609961.0,122439.0,,,,,,,,,,,U,,,,,,,
OR,Oregon,201811,Y,977643.0,851055.0,126588.0,,,,,,,,,,,U,,,,,,,
PA,Pennsylvania,201811,Y,3012915.0,2718143.0,294772.0,,,,,,,,,,,U,,,,,,,
RI,Rhode Island,201811,Y,309688.0,277278.0,32410.0,,,,,,,,,,,U,,,,,,,
SC,South Carolina,201811,N,1043301.0,954359.0,88942.0,,,,,,,,,,,U,,,,,,,
SD,South Dakota,201811,N,110803.0,94863.0,15940.0,,,,,,,,,,,U,,,,,,,
TN,Tennessee,201811,N,1388072.0,1335192.0,52880.0,,,,,,,,,,,U,,,,,,,
TX,Texas,201811,N,4324332.0,3714118.0,610214.0,,,,,,,,,,,U,,,,,,,
UT,Utah,201811,N,291759.0,247265.0,44494.0,,,,,,,,,,,U,,Includes Enrollees in Other Financial Assistance Programs Not Enrolled in Medicaid or CHIP,Includes Enrollees in Other Financial Assistance Programs Not Enrolled in Medicaid or CHIP,,,,
VA,Virginia,201811,N,1049654.0,907859.0,141795.0,,,,,,,,,,,U,,,,,,,
VT,Vermont,201811,Y,159616.0,155133.0,4483.0,,,,,,,,,,,U,,,,,,,
WA,Washington,201811,Y,1749321.0,1679117.0,70204.0,,,,,,,,,,,U,,Includes Individuals Enrolled At Any Time in Month (Not a Point-in-Time Count),Includes Individuals Enrolled At Any Time in Month (Not a Point-in-Time Count),,,,
WI,Wisconsin,201811,N,1023702.0,952576.0,71126.0,,,,,,,,,,,U,,,,,,,
WV,West Virginia,201811,Y,524231.0,488382.0,35849.0,,,,,,,,,,,U,,Includes Individuals Enrolled At Any Time in Month (Not a Point-in-Time Count),Includes Individuals Enrolled At Any Time in Month (Not a Point-in-Time Count),Includes Individuals Enrolled At Any Time in Month (Not a Point-in-Time Count),,,
WY,Wyoming,201811,N,58796.0,54102.0,4694.0,,,,,,,,,,,U,,,,,,,
AK,Alaska,201812,Y,211912.0,197143.0,14769.0,,,,,,,,,,,U,,,,,,,
AL,Alabama,201812,N,904487.0,731818.0,172669.0,,,,,,,,,,,U,,,,,,,
AR,Arkansas,201812,Y,853527.0,764096.0,89431.0,,,,,,,,,,,U,,,,,,,
AZ,Arizona,201812,Y,1700470.0,1597487.0,102983.0,,,,,,,,,,,U,,,,,,,
CA,California,201812,Y,11927676.0,10625303.0,1302373.0,,,,,,,,,,,U,,Includes Limited-Benefit Enrollees,Includes Limited-Benefit Enrollees,Includes Limited-Benefit Enrollees,,,
CO,Colorado,201812,Y,1288424.0,1136768.0,151656.0,,,,,,,,,,,U,,,,,,,
CT,Connecticut,201812,Y,855943.0,836069.0,19874.0,,,,,,,,,,,U,,,,,,,
DC,District of Columbia,201812,Y,254275.0,237769.0,16506.0,,,,,,,,,,,U,,,,,,,
DE,Delaware,201812,Y,232712.0,219901.0,12811.0,,,,,,,,,,,U,,,,,,,
FL,Florida,201812,N,3703423.0,3476981.0,226442.0,,,,,,,,,,,U,,,,,,,
GA,Georgia,201812,N,1821852.0,1608972.0,212880.0,,,,,,,,,,,U,,,,,,,
HI,Hawaii,201812,Y,331075.0,305872.0,25203.0,,,,,,,,,,,U,,,,,,,
IA,Iowa,201812,Y,673062.0,600368.0,72694.0,,,,,,,,,,,U,,,,,,,
ID,Idaho,201812,N,280570.0,256565.0,24005.0,,,,,,,,,,,U,,,,,,,
IL,Illinois,201812,Y,2996633.0,2751624.0,245009.0,,,,,,,,,,,U,,,,,,,
IN,Indiana,201812,Y,1337411.0,1220949.0,116462.0,,,,,,,,,,,U,,,,,,,
KS,Kansas,201812,N,389535.0,333884.0,55651.0,,,,,,,,,,,U,,,,,,,
KY,Kentucky,201812,Y,1316741.0,1224859.0,91882.0,,,,,,,,,,,U,,,,,,,
LA,Louisiana,201812,Y,1534410.0,1403139.0,131271.0,,,,,,,,,,,U,,,,,,,
MA,Massachusetts,201812,Y,1615849.0,1422656.0,193193.0,,,,,,,,,,,U,,,,,,,
MD,Maryland,201812,Y,1316115.0,1158429.0,157686.0,,,,,,,,,,,U,,,,,,,
ME,Maine,201812,Y,237733.0,227049.0,10684.0,,,,,,,,,,,U,,,,,,,
MI,Michigan,201812,Y,2333409.0,2272586.0,60823.0,,,,,,,,,,,U,,,,,,,
MN,Minnesota,201812,Y,1069346.0,1068121.0,1225.0,,,,,,,,,,,U,,,,,,,
MO,Missouri,201812,N,911302.0,879410.0,31892.0,,,,,,,,,,,U,,,,,,,
MS,Mississippi,201812,N,591410.0,515488.0,75922.0,,,,,,,,,,,U,,,,,,,
MT,Montana,201812,Y,279675.0,250766.0,28909.0,,,,,,,,,,,U,,,,,,,
NC,North Carolina,201812,N,1911064.0,1637872.0,273192.0,,,,,,,,,,,U,,,,,,,
ND,North Dakota,201812,Y,91072.0,88893.0,2179.0,,,,,,,,,,,U,,,,,,,
NE,Nebraska,201812,N,247510.0,212374.0,35136.0,,,,,,,,,,,U,,,,,,,
NH,New Hampshire,201812,Y,184476.0,169089.0,15387.0,,,,,,,,,,,U,,,,,,,
NJ,New Jersey,201812,Y,1738183.0,1525062.0,213121.0,,,,,,,,,,,U,,,,,,,
NM,New Mexico,201812,Y,734168.0,696869.0,37299.0,,,,,,,,,,,U,,,,,,,
NV,Nevada,201812,Y,636208.0,594525.0,41683.0,,,,,,,,,,,U,,,,,,,
NY,New York,201812,Y,6136166.0,5568617.0,567549.0,,,,,,,,,,,U,,,,,,,
OH,Ohio,201812,Y,2650773.0,2440341.0,210432.0,,,,,,,,,,,U,,,,,,,
OK,Oklahoma,201812,N,728153.0,609376.0,118777.0,,,,,,,,,,,U,,,,,,,
OR,Oregon,201812,Y,979447.0,852749.0,126698.0,,,,,,,,,,,U,,,,,,,
PA,Pennsylvania,201812,Y,3011424.0,2717450.0,293974.0,,,,,,,,,,,U,,,,,,,
RI,Rhode Island,201812,Y,311254.0,278432.0,32822.0,,,,,,,,,,,U,,,,,,,
SC,South Carolina,201812,N,1044270.0,954472.0,89798.0,,,,,,,,,,,U,,,,,,,
SD,South Dakota,201812,N,110749.0,94829.0,15920.0,,,,,,,,,,,U,,,,,,,
TN,Tennessee,201812,N,1396575.0,1342027.0,54548.0,,,,,,,,,,,U,,,,,,,
TX,Texas,201812,N,4308644.0,3701865.0,606779.0,,,,,,,,,,,U,,,,,,,
UT,Utah,201812,N,288403.0,244688.0,43715.0,,,,,,,,,,,U,,Includes Enrollees in Other Financial Assistance Programs Not Enrolled in Medicaid or CHIP,Includes Enrollees in Other Financial Assistance Programs Not Enrolled in Medicaid or CHIP,,,,
VA,Virginia,201812,N,1053309.0,909439.0,143870.0,,,,,,,,,,,U,,,,,,,
VT,Vermont,201812,Y,160114.0,155538.0,4576.0,,,,,,,,,,,U,,,,,,,
WA,Washington,201812,Y,1752230.0,1680632.0,71598.0,,,,,,,,,,,U,,Includes Individuals Enrolled At Any Time in Month (Not a Point-in-Time Count),Includes Individuals Enrolled At Any Time in Month (Not a Point-in-Time Count),,,,
WI,Wisconsin,201812,N,1020034.0,949167.0,70867.0,,,,,,,,,,,U,,,,,,,
WV,West Virginia,201812,Y,521961.0,486258.0,35703.0,,,,,,,,,,,U,,Includes Individuals Enrolled At Any Time in Month (Not a Point-in-Time Count),Includes Individuals Enrolled At Any Time in Month (Not a Point-in-Time Count),Includes Individuals Enrolled At Any Time in Month (Not a Point-in-Time Count),,,
WY,Wyoming,201812,N,58118.0,53500.0,4618.0,,,,,,,,,,,U,,,,,,,
AK,Alaska,201901,Y,216175.0,201038.0,15137.0,,,,,,,,,,,U,,,,,,,
AL,Alabama,201901,N,908319.0,735098.0,173221.0,,,,,,,,,,,U,,,,,,,
AR,Arkansas,201901,Y,850344.0,759851.0,90493.0,,,,,,,,,,,U,,,,,,,
AZ,Arizona,201901,Y,1701450.0,1597610.0,103840.0,,,,,,,,,,,U,,,,,,,
CA,California,201901,Y,11914394.0,10603177.0,1311217.0,,,,,,,,,,,U,,Includes Limited-Benefit Enrollees,Includes Limited-Benefit Enrollees,Includes Limited-Benefit Enrollees,,,
CO,Colorado,201901,Y,1278203.0,1127622.0,150581.0,,,,,,,,,,,U,,,,,,,
CT,Connecticut,201901,Y,861977.0,841860.0,20117.0,,,,,,,,,,,U,,,,,,,
DC,District of Columbia,201901,Y,253658.0,237216.0,16442.0,,,,,,,,,,,U,,,,,,,
DE,Delaware,201901,Y,232614.0,219799.0,12815.0,,,,,,,,,,,U,,,,,,,
FL,Florida,201901,N,3679990.0,3450613.0,229377.0,,,,,,,,,,,U,,,,,,,
GA,Georgia,201901,N,1838259.0,1623095.0,215164.0,,,,,,,,,,,U,,,,,,,
HI,Hawaii,201901,Y,330410.0,305133.0,25277.0,,,,,,,,,,,U,,,,,,,
IA,Iowa,201901,Y,673101.0,600393.0,72708.0,,,,,,,,,,,U,,,,,,,
ID,Idaho,201901,N,267944.0,241187.0,26757.0,,,,,,,,,,,U,,,,,,,
IL,Illinois,201901,Y,2984833.0,2739921.0,244912.0,,,,,,,,,,,U,,,,,,,
IN,Indiana,201901,Y,1339542.0,1222555.0,116987.0,,,,,,,,,,,U,,,,,,,
KS,Kansas,201901,N,390420.0,334248.0,56172.0,,,,,,,,,,,U,,,,,,,
KY,Kentucky,201901,Y,1314498.0,1221140.0,93358.0,,,,,,,,,,,U,,,,,,,
LA,Louisiana,201901,Y,1551791.0,1419691.0,132100.0,,,,,,,,,,,U,,,,,,,
MA,Massachusetts,201901,Y,1581392.0,1397936.0,183456.0,,,,,,,,,,,U,,,,,,,
MD,Maryland,201901,Y,1327948.0,1154458.0,173490.0,,,,,,,,,,,U,,,,,,,
ME,Maine,201901,Y,242300.0,231495.0,10805.0,,,,,,,,,,,U,,,,,,,
MI,Michigan,201901,Y,2335095.0,2272598.0,62497.0,,,,,,,,,,,U,,,,,,,
MN,Minnesota,201901,Y,1057747.0,1056536.0,1211.0,,,,,,,,,,,U,,,,,,,
MO,Missouri,201901,N,907896.0,875332.0,32564.0,,,,,,,,,,,U,,,,,,,
MS,Mississippi,201901,N,592471.0,516338.0,76133.0,,,,,,,,,,,U,,,,,,,
MT,Montana,201901,Y,280455.0,251146.0,29309.0,,,,,,,,,,,U,,,,,,,
NC,North Carolina,201901,N,1911664.0,1636808.0,274856.0,,,,,,,,,,,U,,,,,,,
ND,North Dakota,201901,Y,91060.0,88885.0,2175.0,,,,,,,,,,,U,,,,,,,
NE,Nebraska,201901,N,246966.0,211826.0,35140.0,,,,,,,,,,,U,,,,,,,
NH,New Hampshire,201901,Y,183652.0,168348.0,15304.0,,,,,,,,,,,U,,,,,,,
NJ,New Jersey,201901,Y,1730812.0,1518570.0,212242.0,,,,,,,,,,,U,,,,,,,
NM,New Mexico,201901,Y,734585.0,696863.0,37722.0,,,,,,,,,,,U,,,,,,,
NV,Nevada,201901,Y,635194.0,593290.0,41904.0,,,,,,,,,,,U,,,,,,,
NY,New York,201901,Y,6138988.0,5569916.0,569072.0,,,,,,,,,,,U,,,,,,,
OH,Ohio,201901,Y,2650556.0,2444359.0,206197.0,,,,,,,,,,,U,,,,,,,
OK,Oklahoma,201901,N,730160.0,608692.0,121468.0,,,,,,,,,,,U,,,,,,,
OR,Oregon,201901,Y,983156.0,855544.0,127612.0,,,,,,,,,,,U,,,,,,,
PA,Pennsylvania,201901,Y,3016820.0,2720791.0,296029.0,,,,,,,,,,,U,,,,,,,
RI,Rhode Island,201901,Y,309557.0,276472.0,33085.0,,,,,,,,,,,U,,,,,,,
SC,South Carolina,201901,N,1048346.0,957616.0,90730.0,,,,,,,,,,,U,,,,,,,
SD,South Dakota,201901,N,111178.0,95120.0,16058.0,,,,,,,,,,,U,,,,,,,
TN,Tennessee,201901,N,1402412.0,1347322.0,55090.0,,,,,,,,,,,U,,,,,,,
TX,Texas,201901,N,4297684.0,3689464.0,608220.0,,,,,,,,,,,U,,,,,,,
UT,Utah,201901,N,288016.0,244485.0,43531.0,,,,,,,,,,,U,,Includes Enrollees in Other Financial Assistance Programs Not Enrolled in Medicaid or CHIP,Includes Enrollees in Other Financial Assistance Programs Not Enrolled in Medicaid or CHIP,,,,
VA,Virginia,201901,Y,1237262.0,1095021.0,142241.0,,,,,,,,,,,U,,,,,,,
VT,Vermont,201901,Y,158440.0,153809.0,4631.0,,,,,,,,,,,U,,,,,,,
WA,Washington,201901,Y,1745055.0,1673442.0,71613.0,,,,,,,,,,,U,,Includes Individuals Enrolled At Any Time in Month (Not a Point-in-Time Count),Includes Individuals Enrolled At Any Time in Month (Not a Point-in-Time Count),,,,
WI,Wisconsin,201901,N,1021451.0,950778.0,70673.0,,,,,,,,,,,U,,,,,,,
WV,West Virginia,201901,Y,521629.0,485686.0,35943.0,,,,,,,,,,,U,,Includes Individuals Enrolled At Any Time in Month (Not a Point-in-Time Count),Includes Individuals Enrolled At Any Time in Month (Not a Point-in-Time Count),Includes Individuals Enrolled At Any Time in Month (Not a Point-in-Time Count),,,
WY,Wyoming,201901,N,58059.0,53418.0,4641.0,,,,,,,,,,,U,,,,,,,
AK,Alaska,201902,Y,217468.0,202090.0,15378.0,,,,,,,,,,,U,,,,,,,
AL,Alabama,201902,N,911123.0,737234.0,173889.0,,,,,,,,,,,U,,,,,,,
AR,Arkansas,201902,Y,849756.0,758722.0,91034.0,,,,,,,,,,,U,,,,,,,
AZ,Arizona,201902,Y,1701411.0,1596840.0,104571.0,,,,,,,,,,,U,,,,,,,
CA,California,201902,Y,11884268.0,10573509.0,1310759.0,,,,,,,,,,,U,,Includes Limited-Benefit Enrollees,Includes Limited-Benefit Enrollees,Includes Limited-Benefit Enrollees,,,
CO,Colorado,201902,Y,1276132.0,1125199.0,150933.0,,,,,,,,,,,U,,,,,,,
CT,Connecticut,201902,Y,862725.0,842741.0,19984.0,,,,,,,,,,,U,,,,,,,
DC,District of Columbia,201902,Y,253823.0,237343.0,16480.0,,,,,,,,,,,U,,,,,,,
DE,Delaware,201902,Y,232772.0,219953.0,12819.0,,,,,,,,,,,U,,,,,,,
FL,Florida,201902,N,3678155.0,3444643.0,233512.0,,,,,,,,,,,U,,,,,,,
GA,Georgia,201902,N,1835052.0,1618389.0,216663.0,,,,,,,,,,,U,,,,,,,
HI,Hawaii,201902,Y,331889.0,306351.0,25538.0,,,,,,,,,,,U,,,,,,,
IA,Iowa,201902,Y,673768.0,600257.0,73511.0,,,,,,,,,,,U,,,,,,,
ID,Idaho,201902,N,269916.0,243379.0,26537.0,,,,,,,,,,,U,,,,,,,
IL,Illinois,201902,Y,2959871.0,2712626.0,247245.0,,,,,,,,,,,U,,,,,,,
IN,Indiana,201902,Y,1347875.0,1230964.0,116911.0,,,,,,,,,,,U,,,,,,,
KS,Kansas,201902,N,380638.0,324594.0,56044.0,,,,,,,,,,,U,,,,,,,
KY,Kentucky,201902,Y,1314153.0,1220517.0,93636.0,,,,,,,,,,,U,,,,,,,
LA,Louisiana,201902,Y,1550782.0,1417287.0,133495.0,,,,,,,,,,,U,,,,,,,
MA,Massachusetts,201902,Y,1583143.0,1395527.0,187616.0,,,,,,,,,,,U,,,,,,,
MD,Maryland,201902,Y,1315090.0,1158817.0,156273.0,,,,,,,,,,,U,,,,,,,
ME,Maine,201902,Y,245584.0,234628.0,10956.0,,,,,,,,,,,U,,,,,,,
MI,Michigan,201902,Y,2356612.0,2295266.0,61346.0,,,,,,,,,,,U,,,,,,,
MN,Minnesota,201902,Y,1053901.0,1052631.0,1270.0,,,,,,,,,,,U,,,,,,,
MO,Missouri,201902,N,904987.0,871603.0,33384.0,,,,,,,,,,,U,,,,,,,
MS,Mississippi,201902,N,592302.0,515774.0,76528.0,,,,,,,,,,,U,,,,,,,
MT,Montana,201902,Y,280624.0,251191.0,29433.0,,,,,,,,,,,U,,,,,,,
NC,North Carolina,201902,N,1905081.0,1628737.0,276344.0,,,,,,,,,,,U,,,,,,,
ND,North Dakota,201902,Y,90765.0,88622.0,2143.0,,,,,,,,,,,U,,,,,,,
NE,Nebraska,201902,N,247508.0,212330.0,35178.0,,,,,,,,,,,U,,,,,,,
NH,New Hampshire,201902,Y,182131.0,166972.0,15159.0,,,,,,,,,,,U,,,,,,,
NJ,New Jersey,201902,Y,1727697.0,1514473.0,213224.0,,,,,,,,,,,U,,,,,,,
NM,New Mexico,201902,Y,734425.0,696551.0,37874.0,,,,,,,,,,,U,,,,,,,
NV,Nevada,201902,Y,633325.0,591155.0,42170.0,,,,,,,,,,,U,,,,,,,
NY,New York,201902,Y,6123733.0,5549740.0,573993.0,,,,,,,,,,,U,,,,,,,
OH,Ohio,201902,Y,2649262.0,2443598.0,205664.0,,,,,,,,,,,U,,,,,,,
OK,Oklahoma,201902,N,729622.0,604453.0,125169.0,,,,,,,,,,,U,,,,,,,
OR,Oregon,201902,Y,985423.0,857163.0,128260.0,,,,,,,,,,,U,,,,,,,
PA,Pennsylvania,201902,Y,3010265.0,2714943.0,295322.0,,,,,,,,,,,U,,,,,,,
RI,Rhode Island,201902,Y,305218.0,272489.0,32729.0,,,,,,,,,,,U,,,,,,,
SC,South Carolina,201902,N,1050510.0,959314.0,91196.0,,,,,,,,,,,U,,,,,,,
SD,South Dakota,201902,N,111231.0,95205.0,16026.0,,,,,,,,,,,U,,,,,,,
TN,Tennessee,201902,N,1431682.0,1377356.0,54326.0,,,,,,,,,,,U,,,,,,,
TX,Texas,201902,N,4283333.0,3693097.0,590236.0,,,,,,,,,,,U,,,,,,,
UT,Utah,201902,N,287932.0,244379.0,43553.0,,,,,,,,,,,U,,Includes Enrollees in Other Financial Assistance Programs Not Enrolled in Medicaid or CHIP,Includes Enrollees in Other Financial Assistance Programs Not Enrolled in Medicaid or CHIP,,,,
VA,Virginia,201902,Y,1251260.0,1108915.0,142345.0,,,,,,,,,,,U,,,,,,,
VT,Vermont,201902,Y,157910.0,153307.0,4603.0,,,,,,,,,,,U,,,,,,,
WA,Washington,201902,Y,1737215.0,1665377.0,71838.0,,,,,,,,,,,U,,Includes Individuals Enrolled At Any Time in Month (Not a Point-in-Time Count),Includes Individuals Enrolled At Any Time in Month (Not a Point-in-Time Count),,,,
WI,Wisconsin,201902,N,1033735.0,962566.0,71169.0,,,,,,,,,,,U,,,,,,,
WV,West Virginia,201902,Y,521859.0,485899.0,35960.0,,,,,,,,,,,U,,Includes Individuals Enrolled At Any Time in Month (Not a Point-in-Time Count),Includes Individuals Enrolled At Any Time in Month (Not a Point-in-Time Count),Includes Individuals Enrolled At Any Time in Month (Not a Point-in-Time Count),,,
WY,Wyoming,201902,N,57594.0,52882.0,4712.0,,,,,,,,,,,U,,,,,,,
AK,Alaska,201903,Y,217793.0,202397.0,15396.0,,,,,,,,,,,U,,,,,,,
AL,Alabama,201903,N,910123.0,736744.0,173379.0,,,,,,,,,,,U,,,,,,,
AR,Arkansas,201903,Y,853203.0,761756.0,91447.0,,,,,,,,,,,U,,,,,,,
AZ,Arizona,201903,Y,1703074.0,1598692.0,104382.0,,,,,,,,,,,U,,,,,,,
CA,California,201903,Y,11874143.0,10560707.0,1313436.0,,,,,,,,,,,U,,Includes Limited-Benefit Enrollees,Includes Limited-Benefit Enrollees,Includes Limited-Benefit Enrollees,,,
CO,Colorado,201903,Y,1269002.0,1118298.0,150704.0,,,,,,,,,,,U,,,,,,,
CT,Connecticut,201903,Y,867305.0,847517.0,19788.0,,,,,,,,,,,U,,,,,,,
DC,District of Columbia,201903,Y,254384.0,237887.0,16497.0,,,,,,,,,,,U,,,,,,,
DE,Delaware,201903,Y,232357.0,219546.0,12811.0,,,,,,,,,,,U,,,,,,,
FL,Florida,201903,N,3655668.0,3423439.0,232229.0,,,,,,,,,,,U,,,,,,,
GA,Georgia,201903,N,1832021.0,1617553.0,214468.0,,,,,,,,,,,U,,,,,,,
HI,Hawaii,201903,Y,329688.0,304337.0,25351.0,,,,,,,,,,,U,,,,,,,
IA,Iowa,201903,Y,673063.0,599171.0,73892.0,,,,,,,,,,,U,,,,,,,
ID,Idaho,201903,N,271203.0,244691.0,26512.0,,,,,,,,,,,U,,,,,,,
IL,Illinois,201903,Y,2953478.0,2702681.0,250797.0,,,,,,,,,,,U,,,,,,,
IN,Indiana,201903,Y,1350600.0,1233834.0,116766.0,,,,,,,,,,,U,,,,,,,
KS,Kansas,201903,N,381525.0,325130.0,56395.0,,,,,,,,,,,U,,,,,,,
KY,Kentucky,201903,Y,1312071.0,1222301.0,89770.0,,,,,,,,,,,U,,,,,,,
LA,Louisiana,201903,Y,1554421.0,1416133.0,138288.0,,,,,,,,,,,U,,,,,,,
MA,Massachusetts,201903,Y,1587397.0,1400211.0,187186.0,,,,,,,,,,,U,,,,,,,
MD,Maryland,201903,Y,1318895.0,1163490.0,155405.0,,,,,,,,,,,U,,,,,,,
ME,Maine,201903,Y,248538.0,237408.0,11130.0,,,,,,,,,,,U,,,,,,,
MI,Michigan,201903,Y,2347936.0,2285967.0,61969.0,,,,,,,,,,,U,,,,,,,
MN,Minnesota,201903,Y,1050156.0,1048892.0,1264.0,,,,,,,,,,,U,,,,,,,
MO,Missouri,201903,N,899476.0,865647.0,33829.0,,,,,,,,,,,U,,,,,,,
MS,Mississippi,201903,N,592117.0,515461.0,76656.0,,,,,,,,,,,U,,,,,,,
MT,Montana,201903,Y,278685.0,249170.0,29515.0,,,,,,,,,,,U,,,,,,,
NC,North Carolina,201903,N,1898376.0,1621088.0,277288.0,,,,,,,,,,,U,,,,,,,
ND,North Dakota,201903,Y,91995.0,89842.0,2153.0,,,,,,,,,,,U,,,,,,,
NE,Nebraska,201903,N,247508.0,212330.0,35178.0,,,,,,,,,,,U,,,,,,,
NH,New Hampshire,201903,Y,181447.0,166526.0,14921.0,,,,,,,,,,,U,,,,,,,
NJ,New Jersey,201903,Y,1729014.0,1513945.0,215069.0,,,,,,,,,,,U,,,,,,,
NM,New Mexico,201903,Y,734229.0,696133.0,38096.0,,,,,,,,,,,U,,,,,,,
NV,Nevada,201903,Y,632884.0,590585.0,42299.0,,,,,,,,,,,U,,,,,,,
NY,New York,201903,Y,6122371.0,5542288.0,580083.0,,,,,,,,,,,U,,,,,,,
OH,Ohio,201903,Y,2650993.0,2446448.0,204545.0,,,,,,,,,,,U,,,,,,,
OK,Oklahoma,201903,N,724011.0,603925.0,120086.0,,,,,,,,,,,U,,,,,,,
OR,Oregon,201903,Y,988001.0,859392.0,128609.0,,,,,,,,,,,U,,,,,,,
PA,Pennsylvania,201903,Y,3017489.0,2721282.0,296207.0,,,,,,,,,,,U,,,,,,,
RI,Rhode Island,201903,Y,304979.0,271732.0,33247.0,,,,,,,,,,,U,,,,,,,
SC,South Carolina,201903,N,1053679.0,962728.0,90951.0,,,,,,,,,,,U,,,,,,,
SD,South Dakota,201903,N,110982.0,95058.0,15924.0,,,,,,,,,,,U,,,,,,,
TN,Tennessee,201903,N,1440284.0,1386672.0,53612.0,,,,,,,,,,,U,,,,,,,
TX,Texas,201903,N,4278690.0,3674836.0,603854.0,,,,,,,,,,,U,,,,,,,
UT,Utah,201903,N,287706.0,245886.0,41820.0,,,,,,,,,,,U,,Includes Enrollees in Other Financial Assistance Programs Not Enrolled in Medicaid or CHIP,Includes Enrollees in Other Financial Assistance Programs Not Enrolled in Medicaid or CHIP,,,,
VA,Virginia,201903,Y,1291923.0,1147269.0,144654.0,,,,,,,,,,,U,,,,,,,
VT,Vermont,201903,Y,156965.0,152289.0,4676.0,,,,,,,,,,,U,,,,,,,
WA,Washington,201903,Y,1731946.0,1659357.0,72589.0,,,,,,,,,,,U,,Includes Individuals Enrolled At Any Time in Month (Not a Point-in-Time Count),Includes Individuals Enrolled At Any Time in Month (Not a Point-in-Time Count),,,,
WI,Wisconsin,201903,N,1028591.0,961553.0,67038.0,,,,,,,,,,,U,,,,,,,
WV,West Virginia,201903,Y,518858.0,482532.0,36326.0,,,,,,,,,,,U,,Includes Individuals Enrolled At Any Time in Month (Not a Point-in-Time Count),Includes Individuals Enrolled At Any Time in Month (Not a Point-in-Time Count),Includes Individuals Enrolled At Any Time in Month (Not a Point-in-Time Count),,,
WY,Wyoming,201903,N,57835.0,53162.0,4673.0,,,,,,,,,,,U,,,,,,,
AK,Alaska,201904,Y,218972.0,203524.0,15448.0,,,,,,,,,,,U,,,,,,,
AL,Alabama,201904,N,907273.0,734653.0,172620.0,,,,,,,,,,,U,,,,,,,
AR,Arkansas,201904,Y,855735.0,765254.0,90481.0,,,,,,,,,,,U,,,,,,,
AZ,Arizona,201904,Y,1702739.0,1599598.0,103141.0,,,,,,,,,,,U,,,,,,,
CA,California,201904,Y,11824373.0,10509928.0,1314445.0,,,,,,,,,,,U,,Includes Limited-Benefit Enrollees,Includes Limited-Benefit Enrollees,Includes Limited-Benefit Enrollees,,,
CO,Colorado,201904,Y,1257871.0,1108156.0,149715.0,,,,,,,,,,,U,,,,,,,
CT,Connecticut,201904,Y,863051.0,843376.0,19675.0,,,,,,,,,,,U,,,,,,,
DC,District of Columbia,201904,Y,254683.0,238310.0,16373.0,,,,,,,,,,,U,,,,,,,
DE,Delaware,201904,Y,231788.0,219284.0,12504.0,,,,,,,,,,,U,,,,,,,
FL,Florida,201904,N,3662149.0,3426817.0,235332.0,,,,,,,,,,,U,,,,,,,
GA,Georgia,201904,N,1837180.0,1624790.0,212390.0,,,,,,,,,,,U,,,,,,,
HI,Hawaii,201904,Y,329868.0,304277.0,25591.0,,,,,,,,,,,U,,,,,,,
IA,Iowa,201904,Y,673656.0,599888.0,73768.0,,,,,,,,,,,U,,,,,,,
ID,Idaho,201904,N,272589.0,246377.0,26212.0,,,,,,,,,,,U,,,,,,,
IL,Illinois,201904,Y,2959731.0,2706097.0,253634.0,,,,,,,,,,,U,,,,,,,
IN,Indiana,201904,Y,1354533.0,1238536.0,115997.0,,,,,,,,,,,U,,,,,,,
KS,Kansas,201904,N,371638.0,316462.0,55176.0,,,,,,,,,,,U,,,,,,,
KY,Kentucky,201904,Y,1308749.0,1220357.0,88392.0,,,,,,,,,,,U,,,,,,,
LA,Louisiana,201904,Y,1484622.0,1345701.0,138921.0,,,,,,,,,,,U,,,,,,,
MA,Massachusetts,201904,Y,1593290.0,1405302.0,187988.0,,,,,,,,,,,U,,,,,,,
MD,Maryland,201904,Y,1320216.0,1165454.0,154762.0,,,,,,,,,,,U,,,,,,,
ME,Maine,201904,Y,250604.0,239361.0,11243.0,,,,,,,,,,,U,,,,,,,
MI,Michigan,201904,Y,2334794.0,2272953.0,61841.0,,,,,,,,,,,U,,,,,,,
MN,Minnesota,201904,Y,1050235.0,1048979.0,1256.0,,,,,,,,,,,U,,,,,,,
MO,Missouri,201904,N,886669.0,853183.0,33486.0,,,,,,,,,,,U,,,,,,,
MS,Mississippi,201904,N,592043.0,515387.0,76656.0,,,,,,,,,,,U,,,,,,,
MT,Montana,201904,Y,277567.0,247950.0,29617.0,,,,,,,,,,,U,,,,,,,
NC,North Carolina,201904,N,1895037.0,1617144.0,277893.0,,,,,,,,,,,U,,,,,,,
ND,North Dakota,201904,Y,90593.0,88472.0,2121.0,,,,,,,,,,,U,,,,,,,
NE,Nebraska,201904,N,247318.0,213039.0,34279.0,,,,,,,,,,,U,,,,,,,
NH,New Hampshire,201904,Y,180751.0,165822.0,14929.0,,,,,,,,,,,U,,,,,,,
NJ,New Jersey,201904,Y,1727206.0,1508835.0,218371.0,,,,,,,,,,,U,,,,,,,
NM,New Mexico,201904,Y,733956.0,696844.0,37112.0,,,,,,,,,,,U,,,,,,,
NV,Nevada,201904,Y,632525.0,591916.0,40609.0,,,,,,,,,,,U,,,,,,,
NY,New York,201904,Y,6113738.0,5532168.0,581570.0,,,,,,,,,,,U,,,,,,,
OH,Ohio,201904,Y,2653809.0,2451023.0,202786.0,,,,,,,,,,,U,,,,,,,
OK,Oklahoma,201904,N,731009.0,609442.0,121567.0,,,,,,,,,,,U,,,,,,,
OR,Oregon,201904,Y,987718.0,858912.0,128806.0,,,,,,,,,,,U,,,,,,,
PA,Pennsylvania,201904,Y,3017274.0,2720905.0,296369.0,,,,,,,,,,,U,,,,,,,
RI,Rhode Island,201904,Y,303377.0,272618.0,30759.0,,,,,,,,,,,U,,,,,,,
SC,South Carolina,201904,N,1054717.0,963525.0,91192.0,,,,,,,,,,,U,,,,,,,
SD,South Dakota,201904,N,110889.0,95114.0,15775.0,,,,,,,,,,,U,,,,,,,
TN,Tennessee,201904,N,1437084.0,1383393.0,53691.0,,,,,,,,,,,U,,,,,,,
TX,Texas,201904,N,4231596.0,3645976.0,585620.0,,,,,,,,,,,U,,,,,,,
UT,Utah,201904,N,308788.0,266822.0,41966.0,,,,,,,,,,,U,,Includes Enrollees in Other Financial Assistance Programs Not Enrolled in Medicaid or CHIP,Includes Enrollees in Other Financial Assistance Programs Not Enrolled in Medicaid or CHIP,,,,
VA,Virginia,201904,Y,1305392.0,1160943.0,144449.0,,,,,,,,,,,U,,,,,,,
VT,Vermont,201904,Y,156170.0,151531.0,4639.0,,,,,,,,,,,U,,,,,,,
WA,Washington,201904,Y,1727598.0,1660788.0,66810.0,,,,,,,,,,,U,,Includes Individuals Enrolled At Any Time in Month (Not a Point-in-Time Count),Includes Individuals Enrolled At Any Time in Month (Not a Point-in-Time Count),,,,
WI,Wisconsin,201904,N,1038232.0,969497.0,68735.0,,,,,,,,,,,U,,,,,,,
WV,West Virginia,201904,Y,518274.0,482741.0,35533.0,,,,,,,,,,,U,,Includes Individuals Enrolled At Any Time in Month (Not a Point-in-Time Count),Includes Individuals Enrolled At Any Time in Month (Not a Point-in-Time Count),Includes Individuals Enrolled At Any Time in Month (Not a Point-in-Time Count),,,
WY,Wyoming,201904,N,58027.0,53354.0,4673.0,,,,,,,,,,,U,,,,,,,
AK,Alaska,201905,Y,220384.0,204803.0,15581.0,,,,,,,,,,,U,,,,,,,
AL,Alabama,201905,N,906716.0,736276.0,170440.0,,,,,,,,,,,U,,,,,,,
AR,Arkansas,201905,Y,852441.0,762210.0,90231.0,,,,,,,,,,,U,,,,,,,
AZ,Arizona,201905,Y,1697945.0,1596372.0,101573.0,,,,,,,,,,,U,,,,,,,
CA,California,201905,Y,11798654.0,10488884.0,1309770.0,,,,,,,,,,,U,,Includes Limited-Benefit Enrollees,Includes Limited-Benefit Enrollees,Includes Limited-Benefit Enrollees,,,
CO,Colorado,201905,Y,1258198.0,1108872.0,149326.0,,,,,,,,,,,U,,,,,,,
CT,Connecticut,201905,Y,862405.0,842612.0,19793.0,,,,,,,,,,,U,,,,,,,
DC,District of Columbia,201905,Y,254935.0,238147.0,16788.0,,,,,,,,,,,U,,,,,,,
DE,Delaware,201905,Y,231598.0,219090.0,12508.0,,,,,,,,,,,U,,,,,,,
FL,Florida,201905,N,3654076.0,3417122.0,236954.0,,,,,,,,,,,U,,,,,,,
GA,Georgia,201905,N,1837888.0,1624504.0,213384.0,,,,,,,,,,,U,,,,,,,
HI,Hawaii,201905,Y,329422.0,304001.0,25421.0,,,,,,,,,,,U,,,,,,,
IA,Iowa,201905,Y,674047.0,600632.0,73415.0,,,,,,,,,,,U,,,,,,,
ID,Idaho,201905,N,273856.0,247939.0,25917.0,,,,,,,,,,,U,,,,,,,
IL,Illinois,201905,Y,2952683.0,2700146.0,252537.0,,,,,,,,,,,U,,,,,,,
IN,Indiana,201905,Y,1354702.0,1239071.0,115631.0,,,,,,,,,,,U,,,,,,,
KS,Kansas,201905,N,371887.0,316672.0,55215.0,,,,,,,,,,,U,,,,,,,
KY,Kentucky,201905,Y,1309202.0,1220490.0,88712.0,,,,,,,,,,,U,,,,,,,
LA,Louisiana,201905,Y,1475709.0,1343416.0,132293.0,,,,,,,,,,,U,,,,,,,
MA,Massachusetts,201905,Y,1597005.0,1410470.0,186535.0,,,,,,,,,,,U,,,,,,,
MD,Maryland,201905,Y,1323085.0,1169176.0,153909.0,,,,,,,,,,,U,,,,,,,
ME,Maine,201905,Y,252018.0,240656.0,11362.0,,,,,,,,,,,U,,,,,,,
MI,Michigan,201905,Y,2318205.0,2256923.0,61282.0,,,,,,,,,,,U,,,,,,,
MN,Minnesota,201905,Y,1047145.0,1045879.0,1266.0,,,,,,,,,,,U,,,,,,,
MO,Missouri,201905,N,874683.0,840902.0,33781.0,,,,,,,,,,,U,,,,,,,
MS,Mississippi,201905,N,591039.0,514323.0,76716.0,,,,,,,,,,,U,,,,,,,
MT,Montana,201905,Y,275834.0,246269.0,29565.0,,,,,,,,,,,U,,,,,,,
NC,North Carolina,201905,N,1889586.0,1610487.0,279099.0,,,,,,,,,,,U,,,,,,,
ND,North Dakota,201905,Y,92207.0,90121.0,2086.0,,,,,,,,,,,U,,,,,,,
NE,Nebraska,201905,N,246014.0,212215.0,33799.0,,,,,,,,,,,U,,,,,,,
NH,New Hampshire,201905,Y,179771.0,164925.0,14846.0,,,,,,,,,,,U,,,,,,,
NJ,New Jersey,201905,Y,1726025.0,1505604.0,220421.0,,,,,,,,,,,U,,,,,,,
NM,New Mexico,201905,Y,736120.0,698995.0,37125.0,,,,,,,,,,,U,,,,,,,
NV,Nevada,201905,Y,632772.0,590829.0,41943.0,,,,,,,,,,,U,,,,,,,
NY,New York,201905,Y,6112649.0,5527396.0,585253.0,,,,,,,,,,,U,,,,,,,
OH,Ohio,201905,Y,2657633.0,2456295.0,201338.0,,,,,,,,,,,U,,,,,,,
OK,Oklahoma,201905,N,730110.0,608905.0,121205.0,,,,,,,,,,,U,,,,,,,
OR,Oregon,201905,Y,986415.0,857377.0,129038.0,,,,,,,,,,,U,,,,,,,
PA,Pennsylvania,201905,Y,3014563.0,2717787.0,296776.0,,,,,,,,,,,U,,,,,,,
RI,Rhode Island,201905,Y,301912.0,270273.0,31639.0,,,,,,,,,,,U,,,,,,,
SC,South Carolina,201905,N,1055008.0,963824.0,91184.0,,,,,,,,,,,U,,,,,,,
SD,South Dakota,201905,N,111113.0,95460.0,15653.0,,,,,,,,,,,U,,,,,,,
TN,Tennessee,201905,N,1458386.0,1404133.0,54253.0,,,,,,,,,,,U,,,,,,,
TX,Texas,201905,N,4180837.0,3605294.0,575543.0,,,,,,,,,,,U,,,,,,,
UT,Utah,201905,N,309977.0,268297.0,41680.0,,,,,,,,,,,U,,Includes Enrollees in Other Financial Assistance Programs Not Enrolled in Medicaid or CHIP,Includes Enrollees in Other Financial Assistance Programs Not Enrolled in Medicaid or CHIP,,,,
VA,Virginia,201905,Y,1314268.0,1170077.0,144191.0,,,,,,,,,,,U,,,,,,,
VT,Vermont,201905,Y,156055.0,151720.0,4335.0,,,,,,,,,,,U,,,,,,,
WA,Washington,201905,Y,1723449.0,1655961.0,67488.0,,,,,,,,,,,U,,,,,,,
WI,Wisconsin,201905,N,1040023.0,971083.0,68940.0,,,,,,,,,,,U,,,,,,,
WV,West Virginia,201905,Y,517612.0,482041.0,35571.0,,,,,,,,,,,U,,Includes Individuals Enrolled At Any Time in Month (Not a Point-in-Time Count),Includes Individuals Enrolled At Any Time in Month (Not a Point-in-Time Count),Includes Individuals Enrolled At Any Time in Month (Not a Point-in-Time Count),,,
WY,Wyoming,201905,N,56608.0,52254.0,4354.0,,,,,,,,,,,U,,,,,,,
AK,Alaska,201906,Y,221746.0,206033.0,15713.0,,,,,,,,,,,U,,,,,,,
AL,Alabama,201906,N,909902.0,737176.0,172726.0,,,,,,,,,,,U,,,,,,,
AR,Arkansas,201906,Y,851477.0,761140.0,90337.0,,,,,,,,,,,U,,,,,,,
AZ,Arizona,201906,Y,1705679.0,1604805.0,100874.0,,,,,,,,,,,U,,,,,,,
CA,California,201906,Y,11744007.0,10441601.0,1302406.0,,,,,,,,,,,U,,Includes Limited-Benefit Enrollees,Includes Limited-Benefit Enrollees,Includes Limited-Benefit Enrollees,,,
CO,Colorado,201906,Y,1254944.0,1107337.0,147607.0,,,,,,,,,,,U,,,,,,,
CT,Connecticut,201906,Y,858543.0,838673.0,19870.0,,,,,,,,,,,U,,,,,,,
DC,District of Columbia,201906,Y,254774.0,237743.0,17031.0,,,,,,,,,,,U,,,,,,,
DE,Delaware,201906,Y,230930.0,218360.0,12570.0,,,,,,,,,,,U,,,,,,,
FL,Florida,201906,N,3650441.0,3412209.0,238232.0,,,,,,,,,,,U,,,,,,,
GA,Georgia,201906,N,1841182.0,1631816.0,209366.0,,,,,,,,,,,U,,,,,,,
HI,Hawaii,201906,Y,329106.0,303831.0,25275.0,,,,,,,,,,,U,,,,,,,
IA,Iowa,201906,Y,676777.0,600432.0,76345.0,,,,,,,,,,,U,,,,,,,
ID,Idaho,201906,N,274946.0,249346.0,25600.0,,,,,,,,,,,U,,,,,,,
IL,Illinois,201906,Y,2954400.0,2699965.0,254435.0,,,,,,,,,,,U,,,,,,,
IN,Indiana,201906,Y,1354126.0,1238338.0,115788.0,,,,,,,,,,,U,,,,,,,
KS,Kansas,201906,N,370030.0,315096.0,54934.0,,,,,,,,,,,U,,,,,,,
KY,Kentucky,201906,Y,1307424.0,1218134.0,89290.0,,,,,,,,,,,U,,,,,,,
LA,Louisiana,201906,Y,1446623.0,1335780.0,110843.0,,,,,,,,,,,U,,,,,,,
MA,Massachusetts,201906,Y,1598924.0,1412463.0,186461.0,,,,,,,,,,,U,,,,,,,
MD,Maryland,201906,Y,1322426.0,1170407.0,152019.0,,,,,,,,,,,U,,,,,,,
ME,Maine,201906,Y,254957.0,243528.0,11429.0,,,,,,,,,,,U,,,,,,,
MI,Michigan,201906,Y,2305833.0,2244066.0,61767.0,,,,,,,,,,,U,,,,,,,
MN,Minnesota,201906,Y,1045238.0,1043957.0,1281.0,,,,,,,,,,,U,,,,,,,
MO,Missouri,201906,N,864141.0,830738.0,33403.0,,,,,,,,,,,U,,,,,,,
MS,Mississippi,201906,N,590182.0,513583.0,76599.0,,,,,,,,,,,U,,,,,,,
MT,Montana,201906,Y,273144.0,243863.0,29281.0,,,,,,,,,,,U,,,,,,,
NC,North Carolina,201906,N,1883694.0,1604254.0,279440.0,,,,,,,,,,,U,,,,,,,
ND,North Dakota,201906,Y,90107.0,88010.0,2097.0,,,,,,,,,,,U,,,,,,,
NE,Nebraska,201906,N,245673.0,212060.0,33613.0,,,,,,,,,,,U,,,,,,,
NH,New Hampshire,201906,Y,178783.0,163964.0,14819.0,,,,,,,,,,,U,,,,,,,
NJ,New Jersey,201906,Y,1727705.0,1504733.0,222972.0,,,,,,,,,,,U,,,,,,,
NM,New Mexico,201906,Y,734948.0,697826.0,37122.0,,,,,,,,,,,U,,,,,,,
NV,Nevada,201906,Y,631512.0,589769.0,41743.0,,,,,,,,,,,U,,,,,,,
NY,New York,201906,Y,6083528.0,5495324.0,588204.0,,,,,,,,,,,U,,,,,,,
OH,Ohio,201906,Y,2647530.0,2448294.0,199236.0,,,,,,,,,,,U,,,,,,,
OK,Oklahoma,201906,N,729196.0,610779.0,118417.0,,,,,,,,,,,U,,,,,,,
OR,Oregon,201906,Y,984652.0,856078.0,128574.0,,,,,,,,,,,U,,,,,,,
PA,Pennsylvania,201906,Y,3004032.0,2708396.0,295636.0,,,,,,,,,,,U,,,,,,,
RI,Rhode Island,201906,Y,300759.0,269191.0,31568.0,,,,,,,,,,,U,,,,,,,
SC,South Carolina,201906,N,1055203.0,964340.0,90863.0,,,,,,,,,,,U,,,,,,,
SD,South Dakota,201906,N,110442.0,94830.0,15612.0,,,,,,,,,,,U,,,,,,,
TN,Tennessee,201906,N,1494208.0,1439221.0,54987.0,,,,,,,,,,,U,,,,,,,
TX,Texas,201906,N,4200139.0,3620423.0,579716.0,,,,,,,,,,,U,,,,,,,
UT,Utah,201906,N,309007.0,267168.0,41839.0,,,,,,,,,,,U,,Includes Enrollees in Other Financial Assistance Programs Not Enrolled in Medicaid or CHIP,Includes Enrollees in Other Financial Assistance Programs Not Enrolled in Medicaid or CHIP,,,,
VA,Virginia,201906,Y,1324237.0,1180059.0,144178.0,,,,,,,,,,,U,,,,,,,
VT,Vermont,201906,Y,155139.0,150800.0,4339.0,,,,,,,,,,,U,,,,,,,
WA,Washington,201906,Y,1721540.0,1653648.0,67892.0,,,,,,,,,,,U,,Includes Individuals Enrolled At Any Time in Month (Not a Point-in-Time Count),Includes Individuals Enrolled At Any Time in Month (Not a Point-in-Time Count),,,,
WI,Wisconsin,201906,N,1040697.0,971860.0,68837.0,,,,,,,,,,,U,,,,,,,
WV,West Virginia,201906,Y,516299.0,480577.0,35722.0,,,,,,,,,,,U,,Includes Individuals Enrolled At Any Time in Month (Not a Point-in-Time Count),Includes Individuals Enrolled At Any Time in Month (Not a Point-in-Time Count),Includes Individuals Enrolled At Any Time in Month (Not a Point-in-Time Count),,,
WY,Wyoming,201906,N,56047.0,51757.0,4290.0,,,,,,,,,,,U,,,,,,,
AK,Alaska,201907,Y,223117.0,207174.0,15943.0,,,,,,,,,,,U,,,,,,,
AL,Alabama,201907,N,913555.0,740190.0,173365.0,,,,,,,,,,,U,,,,,,,
AR,Arkansas,201907,Y,856008.0,765363.0,90645.0,,,,,,,,,,,U,,,,,,,
AZ,Arizona,201907,Y,1715655.0,1614557.0,101098.0,,,,,,,,,,,U,,,,,,,
CA,California,201907,Y,11743500.0,10439839.0,1303661.0,,,,,,,,,,,U,,Includes Limited-Benefit Enrollees,Includes Limited-Benefit Enrollees,Includes Limited-Benefit Enrollees,,,
CO,Colorado,201907,Y,1247830.0,1100101.0,147729.0,,,,,,,,,,,U,,,,,,,
CT,Connecticut,201907,Y,857415.0,837367.0,20048.0,,,,,,,,,,,U,,,,,,,
DC,District of Columbia,201907,Y,256101.0,238923.0,17178.0,,,,,,,,,,,U,,,,,,,
DE,Delaware,201907,Y,231586.0,218940.0,12646.0,,,,,,,,,,,U,,,,,,,
FL,Florida,201907,N,3657394.0,3420248.0,237146.0,,,,,,,,,,,U,,,,,,,
GA,Georgia,201907,N,1848553.0,1638216.0,210337.0,,,,,,,,,,,U,,,,,,,
HI,Hawaii,201907,Y,328393.0,303135.0,25258.0,,,,,,,,,,,U,,,,,,,
IA,Iowa,201907,Y,678370.0,601829.0,76541.0,,,,,,,,,,,U,,,,,,,
ID,Idaho,201907,N,265493.0,239694.0,25799.0,,,,,,,,,,,U,,,,,,,
IL,Illinois,201907,Y,2956137.0,2698856.0,257281.0,,,,,,,,,,,U,,,,,,,
IN,Indiana,201907,Y,1357675.0,1241842.0,115833.0,,,,,,,,,,,U,,,,,,,
KS,Kansas,201907,N,370250.0,315102.0,55148.0,,,,,,,,,,,U,,,,,,,
KY,Kentucky,201907,Y,1307459.0,1217518.0,89941.0,,,,,,,,,,,U,,,,,,,
LA,Louisiana,201907,Y,1451896.0,1339835.0,112061.0,,,,,,,,,,,U,,,,,,,
MA,Massachusetts,201907,Y,1591370.0,1406020.0,185350.0,,,,,,,,,,,U,,,,,,,
MD,Maryland,201907,Y,1326315.0,1175791.0,150524.0,,,,,,,,,,,U,,,,,,,
ME,Maine,201907,Y,257603.0,245931.0,11672.0,,,,,,,,,,,U,,,,,,,
MI,Michigan,201907,Y,2305227.0,2242127.0,63100.0,,,,,,,,,,,U,,,,,,,
MN,Minnesota,201907,Y,1046325.0,1045036.0,1289.0,,,,,,,,,,,U,,,,,,,
MO,Missouri,201907,N,860768.0,826867.0,33901.0,,,,,,,,,,,U,,,,,,,
MS,Mississippi,201907,N,591085.0,514471.0,76614.0,,,,,,,,,,,U,,,,,,,
MT,Montana,201907,Y,270280.0,241331.0,28949.0,,,,,,,,,,,U,,,,,,,
NC,North Carolina,201907,N,1883447.0,1603260.0,280187.0,,,,,,,,,,,U,,,,,,,
ND,North Dakota,201907,Y,89895.0,87799.0,2096.0,,,,,,,,,,,U,,,,,,,
NE,Nebraska,201907,N,246175.0,212320.0,33855.0,,,,,,,,,,,U,,,,,,,
NH,New Hampshire,201907,Y,178761.0,163979.0,14782.0,,,,,,,,,,,U,,,,,,,
NJ,New Jersey,201907,Y,1721103.0,1497803.0,223300.0,,,,,,,,,,,U,,,,,,,
NM,New Mexico,201907,Y,735977.0,698837.0,37140.0,,,,,,,,,,,U,,,,,,,
NV,Nevada,201907,Y,632838.0,593317.0,39521.0,,,,,,,,,,,U,,,,,,,
NY,New York,201907,Y,6097811.0,5508804.0,589007.0,,,,,,,,,,,U,,,,,,,
OH,Ohio,201907,Y,2642614.0,2445095.0,197519.0,,,,,,,,,,,U,,,,,,,
OK,Oklahoma,201907,N,735152.0,612128.0,123024.0,,,,,,,,,,,U,,,,,,,
OR,Oregon,201907,Y,986744.0,858225.0,128519.0,,,,,,,,,,,U,,,,,,,
PA,Pennsylvania,201907,Y,3007088.0,2710177.0,296911.0,,,,,,,,,,,U,,,,,,,
RI,Rhode Island,201907,Y,301142.0,268803.0,32339.0,,,,,,,,,,,U,,,,,,,
SC,South Carolina,201907,N,1058406.0,966938.0,91468.0,,,,,,,,,,,U,,,,,,,
SD,South Dakota,201907,N,110329.0,94776.0,15553.0,,,,,,,,,,,U,,,,,,,
TN,Tennessee,201907,N,1488836.0,1433736.0,55100.0,,,,,,,,,,,U,,,,,,,
TX,Texas,201907,N,4202466.0,3631639.0,570827.0,,,,,,,,,,,U,,,,,,,
UT,Utah,201907,N,309995.0,268618.0,41377.0,,,,,,,,,,,U,,Includes Enrollees in Other Financial Assistance Programs Not Enrolled in Medicaid or CHIP,Includes Enrollees in Other Financial Assistance Programs Not Enrolled in Medicaid or CHIP,,,,
VA,Virginia,201907,Y,1336892.0,1191721.0,145171.0,,,,,,,,,,,U,,,,,,,
VT,Vermont,201907,Y,154546.0,150160.0,4386.0,,,,,,,,,,,U,,,,,,,
WA,Washington,201907,Y,1722799.0,1654158.0,68641.0,,,,,,,,,,,U,,Includes Individuals Enrolled At Any Time in Month (Not a Point-in-Time Count),Includes Individuals Enrolled At Any Time in Month (Not a Point-in-Time Count),,,,
WI,Wisconsin,201907,N,1040306.0,971561.0,68745.0,,,,,,,,,,,U,,,,,,,
WV,West Virginia,201907,Y,517628.0,481893.0,35735.0,,,,,,,,,,,U,,Includes Individuals Enrolled At Any Time in Month (Not a Point-in-Time Count),Includes Individuals Enrolled At Any Time in Month (Not a Point-in-Time Count),Includes Individuals Enrolled At Any Time in Month (Not a Point-in-Time Count),,,
WY,Wyoming,201907,N,55904.0,51597.0,4307.0,,,,,,,,,,,U,,,,,,,
AK,Alaska,201908,Y,221946.0,206020.0,15926.0,,,,,,,,,,,U,,,,,,,
AL,Alabama,201908,N,916300.0,742911.0,173389.0,,,,,,,,,,,U,,,,,,,
AR,Arkansas,201908,Y,857097.0,765950.0,91147.0,,,,,,,,,,,U,,,,,,,
AZ,Arizona,201908,Y,1722540.0,1621721.0,100819.0,,,,,,,,,,,U,,,,,,,
CA,California,201908,Y,11752681.0,10444841.0,1307840.0,,,,,,,,,,,U,,Includes Limited-Benefit Enrollees,Includes Limited-Benefit Enrollees,Includes Limited-Benefit Enrollees,,,
CO,Colorado,201908,Y,1250096.0,1102958.0,147138.0,,,,,,,,,,,U,,,,,,,
CT,Connecticut,201908,Y,855505.0,835429.0,20076.0,,,,,,,,,,,U,,,,,,,
DC,District of Columbia,201908,Y,255952.0,238684.0,17268.0,,,,,,,,,,,U,,,,,,,
DE,Delaware,201908,Y,231674.0,218912.0,12762.0,,,,,,,,,,,U,,,,,,,
FL,Florida,201908,N,3652059.0,3412500.0,239559.0,,,,,,,,,,,U,,,,,,,
GA,Georgia,201908,N,1851137.0,1640383.0,210754.0,,,,,,,,,,,U,,,,,,,
HI,Hawaii,201908,Y,328923.0,303347.0,25576.0,,,,,,,,,,,U,,,,,,,
IA,Iowa,201908,Y,678991.0,603062.0,75929.0,,,,,,,,,,,U,,,,,,,
ID,Idaho,201908,N,259850.0,233930.0,25920.0,,,,,,,,,,,U,,,,,,,
IL,Illinois,201908,Y,2962259.0,2702676.0,259583.0,,,,,,,,,,,U,,,,,,,
IN,Indiana,201908,Y,1359573.0,1243511.0,116062.0,,,,,,,,,,,U,,,,,,,
KS,Kansas,201908,N,372977.0,317370.0,55607.0,,,,,,,,,,,U,,,,,,,
KY,Kentucky,201908,Y,1308837.0,1218284.0,90553.0,,,,,,,,,,,U,,,,,,,
LA,Louisiana,201908,Y,1477275.0,1362594.0,114681.0,,,,,,,,,,,U,,,,,,,
MA,Massachusetts,201908,Y,1581338.0,1396671.0,184667.0,,,,,,,,,,,U,,,,,,,
MD,Maryland,201908,Y,1328343.0,1179451.0,148892.0,,,,,,,,,,,U,,,,,,,
ME,Maine,201908,Y,258555.0,246929.0,11626.0,,,,,,,,,,,U,,,,,,,
MI,Michigan,201908,Y,2297921.0,2233415.0,64506.0,,,,,,,,,,,U,,,,,,,
MN,Minnesota,201908,Y,1047075.0,1045767.0,1308.0,,,,,,,,,,,U,,,,,,,
MO,Missouri,201908,N,855620.0,820497.0,35123.0,,,,,,,,,,,U,,,,,,,
MS,Mississippi,201908,N,590464.0,513474.0,76990.0,,,,,,,,,,,U,,,,,,,
MT,Montana,201908,Y,268150.0,239523.0,28627.0,,,,,,,,,,,U,,,,,,,
NC,North Carolina,201908,N,1882620.0,1601334.0,281286.0,,,,,,,,,,,U,,,,,,,
ND,North Dakota,201908,Y,89842.0,87711.0,2131.0,,,,,,,,,,,U,,,,,,,
NE,Nebraska,201908,N,246846.0,212815.0,34031.0,,,,,,,,,,,U,,,,,,,
NH,New Hampshire,201908,Y,178753.0,163884.0,14869.0,,,,,,,,,,,U,,,,,,,
NJ,New Jersey,201908,Y,1711670.0,1487174.0,224496.0,,,,,,,,,,,U,,,,,,,
NM,New Mexico,201908,Y,737226.0,699902.0,37324.0,,,,,,,,,,,U,,,,,,,
NV,Nevada,201908,Y,631562.0,591682.0,39880.0,,,,,,,,,,,U,,,,,,,
NY,New York,201908,Y,6074851.0,5482585.0,592266.0,,,,,,,,,,,U,,,,,,,
OH,Ohio,201908,Y,2635260.0,2438662.0,196598.0,,,,,,,,,,,U,,,,,,,
OK,Oklahoma,201908,N,730878.0,608468.0,122410.0,,,,,,,,,,,U,,,,,,,
OR,Oregon,201908,Y,986569.0,858240.0,128329.0,,,,,,,,,,,U,,,,,,,
PA,Pennsylvania,201908,Y,3008789.0,2710312.0,298477.0,,,,,,,,,,,U,,,,,,,
RI,Rhode Island,201908,Y,301223.0,268738.0,32485.0,,,,,,,,,,,U,,,,,,,
SC,South Carolina,201908,N,1058179.0,965712.0,92467.0,,,,,,,,,,,U,,,,,,,
SD,South Dakota,201908,N,110043.0,94510.0,15533.0,,,,,,,,,,,U,,,,,,,
TN,Tennessee,201908,N,1494262.0,1439274.0,54988.0,,,,,,,,,,,U,,,,,,,
TX,Texas,201908,N,4216809.0,3641993.0,574816.0,,,,,,,,,,,U,,,,,,,
UT,Utah,201908,N,310235.0,268242.0,41993.0,,,,,,,,,,,U,,Includes Enrollees in Other Financial Assistance Programs Not Enrolled in Medicaid or CHIP,Includes Enrollees in Other Financial Assistance Programs Not Enrolled in Medicaid or CHIP,,,,
VA,Virginia,201908,Y,1346606.0,1200523.0,146083.0,,,,,,,,,,,U,,,,,,,
VT,Vermont,201908,Y,154020.0,149608.0,4412.0,,,,,,,,,,,U,,,,,,,
WA,Washington,201908,Y,1722416.0,1652681.0,69735.0,,,,,,,,,,,U,,Includes Individuals Enrolled At Any Time in Month (Not a Point-in-Time Count),Includes Individuals Enrolled At Any Time in Month (Not a Point-in-Time Count),,,,
WI,Wisconsin,201908,N,1043194.0,974545.0,68649.0,,,,,,,,,,,U,,,,,,,
WV,West Virginia,201908,Y,517669.0,481665.0,36004.0,,,,,,,,,,,U,,Includes Individuals Enrolled At Any Time in Month (Not a Point-in-Time Count),Includes Individuals Enrolled At Any Time in Month (Not a Point-in-Time Count),Includes Individuals Enrolled At Any Time in Month (Not a Point-in-Time Count),,,
WY,Wyoming,201908,N,55368.0,51063.0,4305.0,,,,,,,,,,,U,,,,,,,
AK,Alaska,201909,Y,221587.0,205472.0,16115.0,,,,,,,,,,,U,,,,,,,
AL,Alabama,201909,N,917216.0,744469.0,172747.0,,,,,,,,,,,U,,,,,,,
AR,Arkansas,201909,Y,860469.0,768672.0,91797.0,,,,,,,,,,,U,,,,,,,
AZ,Arizona,201909,Y,1725477.0,1624952.0,100525.0,,,,,,,,,,,U,,,,,,,
CA,California,201909,Y,11728031.0,10419822.0,1308209.0,,,,,,,,,,,U,,Includes Limited-Benefit Enrollees,Includes Limited-Benefit Enrollees,Includes Limited-Benefit Enrollees,,,
CO,Colorado,201909,Y,1250328.0,1104350.0,145978.0,,,,,,,,,,,U,,,,,,,
CT,Connecticut,201909,Y,855043.0,835049.0,19994.0,,,,,,,,,,,U,,,,,,,
DC,District of Columbia,201909,Y,252102.0,234912.0,17190.0,,,,,,,,,,,U,,,,,,,
DE,Delaware,201909,Y,231251.0,218455.0,12796.0,,,,,,,,,,,U,,,,,,,
FL,Florida,201909,N,3648067.0,3408446.0,239621.0,,,,,,,,,,,U,,,,,,,
GA,Georgia,201909,N,1851830.0,1640471.0,211359.0,,,,,,,,,,,U,,,,,,,
HI,Hawaii,201909,Y,327674.0,302368.0,25306.0,,,,,,,,,,,U,,,,,,,
IA,Iowa,201909,Y,678361.0,602355.0,76006.0,,,,,,,,,,,U,,,,,,,
ID,Idaho,201909,N,262616.0,236614.0,26002.0,,,,,,,,,,,U,,,,,,,
IL,Illinois,201909,Y,2960638.0,2697338.0,263300.0,,,,,,,,,,,U,,,,,,,
IN,Indiana,201909,Y,1363106.0,1246253.0,116853.0,,,,,,,,,,,U,,,,,,,
KS,Kansas,201909,N,373564.0,317470.0,56094.0,,,,,,,,,,,U,,,,,,,
KY,Kentucky,201909,Y,1303867.0,1212822.0,91045.0,,,,,,,,,,,U,,,,,,,
LA,Louisiana,201909,Y,1490723.0,1376444.0,114279.0,,,,,,,,,,,U,,,,,,,
MA,Massachusetts,201909,Y,1593385.0,1404984.0,188401.0,,,,,,,,,,,U,,,,,,,
MD,Maryland,201909,Y,1327889.0,1180283.0,147606.0,,,,,,,,,,,U,,,,,,,
ME,Maine,201909,Y,259396.0,247755.0,11641.0,,,,,,,,,,,U,,,,,,,
MI,Michigan,201909,Y,2305079.0,2239555.0,65524.0,,,,,,,,,,,U,,,,,,,
MN,Minnesota,201909,Y,1044529.0,1043233.0,1296.0,,,,,,,,,,,U,,,,,,,
MO,Missouri,201909,N,857228.0,821824.0,35404.0,,,,,,,,,,,U,,,,,,,
MS,Mississippi,201909,N,590067.0,512963.0,77104.0,,,,,,,,,,,U,,,,,,,
MT,Montana,201909,Y,266931.0,238518.0,28413.0,,,,,,,,,,,U,,,,,,,
NC,North Carolina,201909,N,1877576.0,1595789.0,281787.0,,,,,,,,,,,U,,,,,,,
ND,North Dakota,201909,Y,89537.0,87404.0,2133.0,,,,,,,,,,,U,,,,,,,
NE,Nebraska,201909,N,247368.0,213074.0,34294.0,,,,,,,,,,,U,,,,,,,
NH,New Hampshire,201909,Y,178759.0,163838.0,14921.0,,,,,,,,,,,U,,,,,,,
NJ,New Jersey,201909,Y,1711647.0,1485954.0,225693.0,,,,,,,,,,,U,,,,,,,
NM,New Mexico,201909,Y,739346.0,701717.0,37629.0,,,,,,,,,,,U,,,,,,,
NV,Nevada,201909,Y,631033.0,591450.0,39583.0,,,,,,,,,,,U,,,,,,,
NY,New York,201909,Y,6084517.0,5487836.0,596681.0,,,,,,,,,,,U,,,,,,,
OH,Ohio,201909,Y,2633478.0,2436520.0,196958.0,,,,,,,,,,,U,,,,,,,
OK,Oklahoma,201909,N,727681.0,609104.0,118577.0,,,,,,,,,,,U,,,,,,,
OR,Oregon,201909,Y,989593.0,860536.0,129057.0,,,,,,,,,,,U,,,,,,,
PA,Pennsylvania,201909,Y,2992777.0,2696358.0,296419.0,,,,,,,,,,,U,,,,,,,
RI,Rhode Island,201909,Y,298266.0,265705.0,32561.0,,,,,,,,,,,U,,,,,,,
SC,South Carolina,201909,N,1057940.0,964805.0,93135.0,,,,,,,,,,,U,,,,,,,
SD,South Dakota,201909,N,109764.0,94162.0,15602.0,,,,,,,,,,,U,,,,,,,
TN,Tennessee,201909,N,1452409.0,1396841.0,55568.0,,,,,,,,,,,U,,,,,,,
TX,Texas,201909,N,4220878.0,3647614.0,573264.0,,,,,,,,,,,U,,,,,,,
UT,Utah,201909,N,309138.0,267540.0,41598.0,,,,,,,,,,,U,,Includes Enrollees in Other Financial Assistance Programs Not Enrolled in Medicaid or CHIP,Includes Enrollees in Other Financial Assistance Programs Not Enrolled in Medicaid or CHIP,,,,
VA,Virginia,201909,Y,1356188.0,1208888.0,147300.0,,,,,,,,,,,U,,,,,,,
VT,Vermont,201909,Y,152941.0,148550.0,4391.0,,,,,,,,,,,U,,,,,,,
WA,Washington,201909,Y,1720383.0,1650040.0,70343.0,,,,,,,,,,,U,,Includes Individuals Enrolled At Any Time in Month (Not a Point-in-Time Count),Includes Individuals Enrolled At Any Time in Month (Not a Point-in-Time Count),,,,
WI,Wisconsin,201909,N,1046849.0,978071.0,68778.0,,,,,,,,,,,U,,,,,,,
WV,West Virginia,201909,Y,516111.0,480167.0,35944.0,,,,,,,,,,,U,,Includes Individuals Enrolled At Any Time in Month (Not a Point-in-Time Count),Includes Individuals Enrolled At Any Time in Month (Not a Point-in-Time Count),Includes Individuals Enrolled At Any Time in Month (Not a Point-in-Time Count),,,
WY,Wyoming,201909,N,55874.0,51570.0,4304.0,,,,,,,,,,,U,,,,,,,
AK,Alaska,201910,Y,221675.0,205320.0,16355.0,,,,,,,,,,,U,,,,,,,
AL,Alabama,201910,N,918906.0,746199.0,172707.0,,,,,,,,,,,U,,,,,,,
AR,Arkansas,201910,Y,863737.0,771346.0,92391.0,,,,,,,,,,,U,,,,,,,
AZ,Arizona,201910,Y,1719616.0,1620566.0,99050.0,,,,,,,,,,,U,,,,,,,
CA,California,201910,Y,11697526.0,10382097.0,1315429.0,,,,,,,,,,,U,,Includes Limited-Benefit Enrollees,Includes Limited-Benefit Enrollees,Includes Limited-Benefit Enrollees,,,
CO,Colorado,201910,Y,1247433.0,1101359.0,146074.0,,,,,,,,,,,U,,,,,,,
CT,Connecticut,201910,Y,851428.0,831289.0,20139.0,,,,,,,,,,,U,,,,,,,
DC,District of Columbia,201910,Y,253818.0,236278.0,17540.0,,,,,,,,,,,U,,,,,,,
DE,Delaware,201910,Y,230969.0,218123.0,12846.0,,,,,,,,,,,U,,,,,,,
FL,Florida,201910,N,3640328.0,3400609.0,239719.0,,,,,,,,,,,U,,,,,,,
GA,Georgia,201910,N,1847785.0,1635870.0,211915.0,,,,,,,,,,,U,,,,,,,
HI,Hawaii,201910,Y,327236.0,301869.0,25367.0,,,,,,,,,,,U,,,,,,,
IA,Iowa,201910,Y,679643.0,602280.0,77363.0,,,,,,,,,,,U,,,,,,,
ID,Idaho,201910,N,264965.0,238986.0,25979.0,,,,,,,,,,,U,,,,,,,
IL,Illinois,201910,Y,2961049.0,2694439.0,266610.0,,,,,,,,,,,U,,,,,,,
IN,Indiana,201910,Y,1367736.0,1250371.0,117365.0,,,,,,,,,,,U,,,,,,,
KS,Kansas,201910,N,375504.0,318223.0,57281.0,,,,,,,,,,,U,,,,,,,
KY,Kentucky,201910,Y,1298786.0,1207392.0,91394.0,,,,,,,,,,,U,,,,,,,
LA,Louisiana,201910,Y,1497897.0,1380049.0,117848.0,,,,,,,,,,,U,,,,,,,
MA,Massachusetts,201910,Y,1593664.0,1402166.0,191498.0,,,,,,,,,,,U,,,,,,,
MD,Maryland,201910,Y,1329774.0,1183205.0,146569.0,,,,,,,,,,,U,,,,,,,
ME,Maine,201910,Y,260536.0,248779.0,11757.0,,,,,,,,,,,U,,,,,,,
MI,Michigan,201910,Y,2307060.0,2240854.0,66206.0,,,,,,,,,,,U,,,,,,,
MN,Minnesota,201910,Y,1044497.0,1043130.0,1367.0,,,,,,,,,,,U,,,,,,,
MO,Missouri,201910,N,854854.0,818781.0,36073.0,,,,,,,,,,,U,,,,,,,
MS,Mississippi,201910,N,588362.0,511354.0,77008.0,,,,,,,,,,,U,,,,,,,
MT,Montana,201910,Y,265908.0,237580.0,28328.0,,,,,,,,,,,U,,,,,,,
NC,North Carolina,201910,N,1874809.0,1592012.0,282797.0,,,,,,,,,,,U,,,,,,,
ND,North Dakota,201910,Y,91269.0,89138.0,2131.0,,,,,,,,,,,U,,,,,,,
NE,Nebraska,201910,N,246842.0,212542.0,34300.0,,,,,,,,,,,U,,,,,,,
NH,New Hampshire,201910,Y,178976.0,163908.0,15068.0,,,,,,,,,,,U,,,,,,,
NJ,New Jersey,201910,Y,1703930.0,1476849.0,227081.0,,,,,,,,,,,U,,,,,,,
NM,New Mexico,201910,Y,739975.0,701955.0,38020.0,,,,,,,,,,,U,,,,,,,
NV,Nevada,201910,Y,630701.0,590902.0,39799.0,,,,,,,,,,,U,,,,,,,
NY,New York,201910,Y,6048395.0,5449260.0,599135.0,,,,,,,,,,,U,,,,,,,
OH,Ohio,201910,Y,2643620.0,2444848.0,198772.0,,,,,,,,,,,U,,,,,,,
OK,Oklahoma,201910,N,729961.0,608239.0,121722.0,,,,,,,,,,,U,,,,,,,
OR,Oregon,201910,Y,991798.0,862457.0,129341.0,,,,,,,,,,,U,,,,,,,
PA,Pennsylvania,201910,Y,2993527.0,2693701.0,299826.0,,,,,,,,,,,U,,,,,,,
RI,Rhode Island,201910,Y,298297.0,265561.0,32736.0,,,,,,,,,,,U,,,,,,,
SC,South Carolina,201910,N,1056098.0,962238.0,93860.0,,,,,,,,,,,U,,,,,,,
SD,South Dakota,201910,N,109732.0,93971.0,15761.0,,,,,,,,,,,U,,,,,,,
TN,Tennessee,201910,N,1449266.0,1393452.0,55814.0,,,,,,,,,,,U,,,,,,,
TX,Texas,201910,N,4212619.0,3632340.0,580279.0,,,,,,,,,,,U,,,,,,,
UT,Utah,201910,N,308966.0,267459.0,41507.0,,,,,,,,,,,U,,Includes Enrollees in Other Financial Assistance Programs Not Enrolled in Medicaid or CHIP,Includes Enrollees in Other Financial Assistance Programs Not Enrolled in Medicaid or CHIP,,,,
VA,Virginia,201910,Y,1368331.0,1219888.0,148443.0,,,,,,,,,,,U,,,,,,,
VT,Vermont,201910,Y,151750.0,147252.0,4498.0,,,,,,,,,,,U,,,,,,,
WA,Washington,201910,Y,1720588.0,1649287.0,71301.0,,,,,,,,,,,U,,Includes Individuals Enrolled At Any Time in Month (Not a Point-in-Time Count),Includes Individuals Enrolled At Any Time in Month (Not a Point-in-Time Count),,,,
WI,Wisconsin,201910,N,1045935.0,976917.0,69018.0,,,,,,,,,,,U,,,,,,,
WV,West Virginia,201910,Y,516064.0,480143.0,35921.0,,,,,,,,,,,U,,Includes Individuals Enrolled At Any Time in Month (Not a Point-in-Time Count),Includes Individuals Enrolled At Any Time in Month (Not a Point-in-Time Count),Includes Individuals Enrolled At Any Time in Month (Not a Point-in-Time Count),,,
WY,Wyoming,201910,N,55881.0,51584.0,4297.0,,,,,,,,,,,U,,,,,,,
AK,Alaska,201911,Y,222498.0,205909.0,16589.0,,,,,,,,,,,U,,,,,,,
AL,Alabama,201911,N,919500.0,746311.0,173189.0,,,,,,,,,,,U,,,,,,,
AR,Arkansas,201911,Y,862669.0,768872.0,93797.0,,,,,,,,,,,U,,,,,,,
AZ,Arizona,201911,Y,1716801.0,1618910.0,97891.0,,,,,,,,,,,U,,,,,,,
CA,California,201911,Y,11622664.0,10309314.0,1313350.0,,,,,,,,,,,U,,Includes Limited-Benefit Enrollees,Includes Limited-Benefit Enrollees,Includes Limited-Benefit Enrollees,,,
CO,Colorado,201911,Y,1249113.0,1103204.0,145909.0,,,,,,,,,,,U,,,,,,,
CT,Connecticut,201911,Y,847287.0,827095.0,20192.0,,,,,,,,,,,U,,,,,,,
DC,District of Columbia,201911,Y,254018.0,236504.0,17514.0,,,,,,,,,,,U,,,,,,,
DE,Delaware,201911,Y,231026.0,218123.0,12903.0,,,,,,,,,,,U,,,,,,,
FL,Florida,201911,N,3621088.0,3380922.0,240166.0,,,,,,,,,,,U,,,,,,,
GA,Georgia,201911,N,1835963.0,1625703.0,210260.0,,,,,,,,,,,U,,,,,,,
HI,Hawaii,201911,Y,326784.0,301271.0,25513.0,,,,,,,,,,,U,,,,,,,
IA,Iowa,201911,Y,679156.0,601751.0,77405.0,,,,,,,,,,,U,,,,,,,
ID,Idaho,201911,N,266732.0,240676.0,26056.0,,,,,,,,,,,U,,,,,,,
IL,Illinois,201911,Y,2955990.0,2686995.0,268995.0,,,,,,,,,,,U,,,,,,,
IN,Indiana,201911,Y,1368916.0,1250663.0,118253.0,,,,,,,,,,,U,,,,,,,
KS,Kansas,201911,N,374705.0,317167.0,57538.0,,,,,,,,,,,U,,,,,,,
KY,Kentucky,201911,Y,1291181.0,1199473.0,91708.0,,,,,,,,,,,U,,,,,,,
LA,Louisiana,201911,Y,1486213.0,1368773.0,117440.0,,,,,,,,,,,U,,,,,,,
MA,Massachusetts,201911,Y,1590859.0,1397539.0,193320.0,,,,,,,,,,,U,,,,,,,
MD,Maryland,201911,Y,1328056.0,1185390.0,142666.0,,,,,,,,,,,U,,,,,,,
ME,Maine,201911,Y,262638.0,250750.0,11888.0,,,,,,,,,,,U,,,,,,,
MI,Michigan,201911,Y,2309976.0,2242956.0,67020.0,,,,,,,,,,,U,,,,,,,
MN,Minnesota,201911,Y,1039954.0,1038648.0,1306.0,,,,,,,,,,,U,,,,,,,
MO,Missouri,201911,N,849715.0,813603.0,36112.0,,,,,,,,,,,U,,,,,,,
MS,Mississippi,201911,N,586260.0,509335.0,76925.0,,,,,,,,,,,U,,,,,,,
MT,Montana,201911,Y,263824.0,235594.0,28230.0,,,,,,,,,,,U,,,,,,,
NC,North Carolina,201911,N,1868986.0,1585375.0,283611.0,,,,,,,,,,,U,,,,,,,
ND,North Dakota,201911,Y,89466.0,87371.0,2095.0,,,,,,,,,,,U,,,,,,,
NE,Nebraska,201911,N,247563.0,212652.0,34911.0,,,,,,,,,,,U,,,,,,,
NH,New Hampshire,201911,Y,180333.0,164859.0,15474.0,,,,,,,,,,,U,,,,,,,
NJ,New Jersey,201911,Y,1711338.0,1482829.0,228509.0,,,,,,,,,,,U,,,,,,,
NM,New Mexico,201911,Y,740696.0,702250.0,38446.0,,,,,,,,,,,U,,,,,,,
NV,Nevada,201911,Y,626688.0,586167.0,40521.0,,,,,,,,,,,U,,,,,,,
NY,New York,201911,Y,6002034.0,5399642.0,602392.0,,,,,,,,,,,U,,,,,,,
OH,Ohio,201911,Y,2617148.0,2419529.0,197619.0,,,,,,,,,,,U,,,,,,,
OK,Oklahoma,201911,N,716103.0,596575.0,119528.0,,,,,,,,,,,U,,,,,,,
OR,Oregon,201911,Y,991693.0,862797.0,128896.0,,,,,,,,,,,U,,,,,,,
PA,Pennsylvania,201911,Y,2987581.0,2686536.0,301045.0,,,,,,,,,,,U,,,,,,,
RI,Rhode Island,201911,Y,291798.0,258989.0,32809.0,,,,,,,,,,,U,,,,,,,
SC,South Carolina,201911,N,1050850.0,956677.0,94173.0,,,,,,,,,,,U,,,,,,,
SD,South Dakota,201911,N,109187.0,93570.0,15617.0,,,,,,,,,,,U,,,,,,,
TN,Tennessee,201911,N,1447646.0,1392755.0,54891.0,,,,,,,,,,,U,,,,,,,
TX,Texas,201911,N,4195900.0,3615321.0,580579.0,,,,,,,,,,,U,,,,,,,
UT,Utah,201911,N,309484.0,267600.0,41884.0,,,,,,,,,,,U,,Includes Enrollees in Other Financial Assistance Programs Not Enrolled in Medicaid or CHIP,Includes Enrollees in Other Financial Assistance Programs Not Enrolled in Medicaid or CHIP,,,,
VA,Virginia,201911,Y,1389673.0,1237774.0,151899.0,,,,,,,,,,,U,,,,,,,
VT,Vermont,201911,Y,150952.0,146351.0,4601.0,,,,,,,,,,,U,,,,,,,
WA,Washington,201911,Y,1722072.0,1649523.0,72549.0,,,,,,,,,,,U,,Includes Individuals Enrolled At Any Time in Month (Not a Point-in-Time Count),Includes Individuals Enrolled At Any Time in Month (Not a Point-in-Time Count),,,,
WI,Wisconsin,201911,N,1045874.0,976254.0,69620.0,,,,,,,,,,,U,,,,,,,
WV,West Virginia,201911,Y,514587.0,478697.0,35890.0,,,,,,,,,,,U,,Includes Individuals Enrolled At Any Time in Month (Not a Point-in-Time Count),Includes Individuals Enrolled At Any Time in Month (Not a Point-in-Time Count),Includes Individuals Enrolled At Any Time in Month (Not a Point-in-Time Count),,,
WY,Wyoming,201911,N,55785.0,51474.0,4311.0,,,,,,,,,,,U,,,,,,,
AK,Alaska,201912,Y,223065.0,206423.0,16642.0,,,,,,,,,,,U,,,,,,,
AL,Alabama,201912,N,919245.0,745882.0,173363.0,,,,,,,,,,,U,,,,,,,
AR,Arkansas,201912,Y,871819.0,777252.0,94567.0,,,,,,,,,,,U,,,,,,,
AZ,Arizona,201912,Y,1708073.0,1610623.0,97450.0,,,,,,,,,,,U,,,,,,,
CA,California,201912,Y,11588323.0,10275195.0,1313128.0,,,,,,,,,,,U,,Includes Limited-Benefit Enrollees,Includes Limited-Benefit Enrollees,Includes Limited-Benefit Enrollees,,,
CO,Colorado,201912,Y,1247433.0,1101359.0,146074.0,,,,,,,,,,,U,,,,,,,
CT,Connecticut,201912,Y,850657.0,830030.0,20627.0,,,,,,,,,,,U,,,,,,,
DC,District of Columbia,201912,Y,253546.0,235995.0,17551.0,,,,,,,,,,,U,,,,,,,
DE,Delaware,201912,Y,231285.0,218227.0,13058.0,,,,,,,,,,,U,,,,,,,
FL,Florida,201912,N,3613005.0,3374862.0,238143.0,,,,,,,,,,,U,,,,,,,
GA,Georgia,201912,N,1816358.0,1609186.0,207172.0,,,,,,,,,,,U,,,,,,,
HI,Hawaii,201912,Y,326337.0,300760.0,25577.0,,,,,,,,,,,U,,,,,,,
IA,Iowa,201912,Y,679651.0,600778.0,78873.0,,,,,,,,,,,U,,,,,,,
ID,Idaho,201912,N,267602.0,241549.0,26053.0,,,,,,,,,,,U,,,,,,,
IL,Illinois,201912,Y,2956343.0,2686085.0,270258.0,,,,,,,,,,,U,,,,,,,
IN,Indiana,201912,Y,1373098.0,1254606.0,118492.0,,,,,,,,,,,U,,,,,,,
KS,Kansas,201912,N,376289.0,318232.0,58057.0,,,,,,,,,,,U,,,,,,,
KY,Kentucky,201912,Y,1288288.0,1195025.0,93263.0,,,,,,,,,,,U,,,,,,,
LA,Louisiana,201912,Y,1475008.0,1362205.0,112803.0,,,,,,,,,,,U,,,,,,,
MA,Massachusetts,201912,Y,1585919.0,1392255.0,193664.0,,,,,,,,,,,U,,,,,,,
MD,Maryland,201912,Y,1328704.0,1187568.0,141136.0,,,,,,,,,,,U,,,,,,,
ME,Maine,201912,Y,264424.0,252616.0,11808.0,,,,,,,,,,,U,,,,,,,
MI,Michigan,201912,Y,2320304.0,2252826.0,67478.0,,,,,,,,,,,U,,,,,,,
MN,Minnesota,201912,Y,1044160.0,1042758.0,1402.0,,,,,,,,,,,U,,,,,,,
MO,Missouri,201912,N,847982.0,811549.0,36433.0,,,,,,,,,,,U,,,,,,,
MS,Mississippi,201912,N,585617.0,508603.0,77014.0,,,,,,,,,,,U,,,,,,,
MT,Montana,201912,Y,260710.0,233127.0,27583.0,,,,,,,,,,,U,,,,,,,
NC,North Carolina,201912,N,1865183.0,1580474.0,284709.0,,,,,,,,,,,U,,,,,,,
ND,North Dakota,201912,Y,89370.0,87341.0,2029.0,,,,,,,,,,,U,,,,,,,
NE,Nebraska,201912,N,247737.0,212229.0,35508.0,,,,,,,,,,,U,,,,,,,
NH,New Hampshire,201912,Y,181753.0,166028.0,15725.0,,,,,,,,,,,U,,,,,,,
NJ,New Jersey,201912,Y,1706298.0,1476344.0,229954.0,,,,,,,,,,,U,,,,,,,
NM,New Mexico,201912,Y,743312.0,704593.0,38719.0,,,,,,,,,,,U,,,,,,,
NV,Nevada,201912,Y,626078.0,586138.0,39940.0,,,,,,,,,,,U,,,,,,,
NY,New York,201912,Y,5997950.0,5394013.0,603937.0,,,,,,,,,,,U,,,,,,,
OH,Ohio,201912,Y,2609614.0,2411873.0,197741.0,,,,,,,,,,,U,,,,,,,
OK,Oklahoma,201912,N,713247.0,596867.0,116380.0,,,,,,,,,,,U,,,,,,,
OR,Oregon,201912,Y,996363.0,867048.0,129315.0,,,,,,,,,,,U,,,,,,,
PA,Pennsylvania,201912,Y,2986439.0,2685303.0,301136.0,,,,,,,,,,,U,,,,,,,
RI,Rhode Island,201912,Y,292050.0,258860.0,33190.0,,,,,,,,,,,U,,,,,,,
SC,South Carolina,201912,N,1044183.0,949731.0,94452.0,,,,,,,,,,,U,,,,,,,
SD,South Dakota,201912,N,108795.0,93182.0,15613.0,,,,,,,,,,,U,,,,,,,
TN,Tennessee,201912,N,1456532.0,1400319.0,56213.0,,,,,,,,,,,U,,,,,,,
TX,Texas,201912,N,4180368.0,3601631.0,578737.0,,,,,,,,,,,U,,,,,,,
UT,Utah,201912,N,309812.0,268236.0,41576.0,,,,,,,,,,,U,,Includes Enrollees in Other Financial Assistance Programs Not Enrolled in Medicaid or CHIP,Includes Enrollees in Other Financial Assistance Programs Not Enrolled in Medicaid or CHIP,,,,
VA,Virginia,201912,Y,1414239.0,1258915.0,155324.0,,,,,,,,,,,U,,,,,,,
VT,Vermont,201912,Y,151190.0,146536.0,4654.0,,,,,,,,,,,U,,,,,,,
WA,Washington,201912,Y,1728648.0,1654764.0,73884.0,,,,,,,,,,,U,,Includes Individuals Enrolled At Any Time in Month (Not a Point-in-Time Count),Includes Individuals Enrolled At Any Time in Month (Not a Point-in-Time Count),,,,
WI,Wisconsin,201912,N,1046309.0,976010.0,70299.0,,,,,,,,,,,U,,,,,,,
WV,West Virginia,201912,Y,514107.0,478189.0,35918.0,,,,,,,,,,,U,,Includes Individuals Enrolled At Any Time in Month (Not a Point-in-Time Count),Includes Individuals Enrolled At Any Time in Month (Not a Point-in-Time Count),Includes Individuals Enrolled At Any Time in Month (Not a Point-in-Time Count),,,
WY,Wyoming,201912,N,55974.0,51613.0,4361.0,,,,,,,,,,,U,,,,,,,
AK,Alaska,202001,Y,223963.0,207251.0,16712.0,,,,,,,,,,,U,,,,,,,
AL,Alabama,202001,N,920713.0,749028.0,171685.0,,,,,,,,,,,U,,,,,,,
AR,Arkansas,202001,Y,869987.0,774939.0,95048.0,,,,,,,,,,,U,,,,,,,
AZ,Arizona,202001,Y,1702632.0,1605917.0,96715.0,,,,,,,,,,,U,,,,,,,
CA,California,202001,Y,11614902.0,10300580.0,1314322.0,,,,,,,,,,,U,,Includes Limited-Benefit Enrollees,Includes Limited-Benefit Enrollees,Includes Limited-Benefit Enrollees,,,
CO,Colorado,202001,Y,1241291.0,1097107.0,144184.0,,,,,,,,,,,U,,,,,,,
CT,Connecticut,202001,Y,847119.0,826738.0,20381.0,,,,,,,,,,,U,,,,,,,
DC,District of Columbia,202001,Y,253265.0,235636.0,17629.0,,,,,,,,,,,U,,,,,,,
DE,Delaware,202001,Y,231455.0,218292.0,13163.0,,,,,,,,,,,U,,,,,,,
FL,Florida,202001,N,3601113.0,3364100.0,237013.0,,,,,,,,,,,U,,,,,,,
GA,Georgia,202001,N,1830095.0,1618912.0,211183.0,,,,,,,,,,,U,,,,,,,
HI,Hawaii,202001,Y,325833.0,300212.0,25621.0,,,,,,,,,,,U,,,,,,,
IA,Iowa,202001,Y,680117.0,600122.0,79995.0,,,,,,,,,,,U,,,,,,,
ID,Idaho,202001,Y,313122.0,285354.0,27768.0,,,,,,,,,,,U,,,,,,,
IL,Illinois,202001,Y,2953326.0,2686003.0,267323.0,,,,,,,,,,,U,,,,,,,
IN,Indiana,202001,Y,1377566.0,1258885.0,118681.0,,,,,,,,,,,U,,,,,,,
KS,Kansas,202001,N,377740.0,319185.0,58555.0,,,,,,,,,,,U,,,,,,,
KY,Kentucky,202001,Y,1289517.0,1194690.0,94827.0,,,,,,,,,,,U,,,,,,,
LA,Louisiana,202001,Y,1500782.0,1385151.0,115631.0,,,,,,,,,,,U,,,,,,,
MA,Massachusetts,202001,Y,1570832.0,1385080.0,185752.0,,,,,,,,,,,U,,,,,,,
MD,Maryland,202001,Y,1329134.0,1188200.0,140934.0,,,,,,,,,,,U,,,,,,,
ME,Maine,202001,Y,264849.0,253013.0,11836.0,,,,,,,,,,,U,,,,,,,
MI,Michigan,202001,Y,2327041.0,2258126.0,68915.0,,,,,,,,,,,U,,,,,,,
MN,Minnesota,202001,Y,1040843.0,1039392.0,1451.0,,,,,,,,,,,U,,,,,,,
MO,Missouri,202001,N,848304.0,811584.0,36720.0,,,,,,,,,,,U,,,,,,,
MS,Mississippi,202001,N,585798.0,508498.0,77300.0,,,,,,,,,,,U,,,,,,,
MT,Montana,202001,Y,258898.0,231625.0,27273.0,,,,,,,,,,,U,,,,,,,
NC,North Carolina,202001,N,1865912.0,1580613.0,285299.0,,,,,,,,,,,U,,,,,,,
ND,North Dakota,202001,Y,89890.0,87668.0,2222.0,,,,,,,,,,,U,,,,,,,
NE,Nebraska,202001,N,247737.0,212229.0,35508.0,,,,,,,,,,,U,,,,,,,
NH,New Hampshire,202001,Y,181909.0,166374.0,15535.0,,,,,,,,,,,U,,,,,,,
NJ,New Jersey,202001,Y,1705106.0,1474039.0,231067.0,,,,,,,,,,,U,,,,,,,
NM,New Mexico,202001,Y,745341.0,706161.0,39180.0,,,,,,,,,,,U,,,,,,,
NV,Nevada,202001,Y,626116.0,586119.0,39997.0,,,,,,,,,,,U,,,,,,,
NY,New York,202001,Y,6004128.0,5397555.0,606573.0,,,,,,,,,,,U,,,,,,,
OH,Ohio,202001,Y,2612947.0,2414005.0,198942.0,,,,,,,,,,,U,,,,,,,
OK,Oklahoma,202001,N,721273.0,600201.0,121072.0,,,,,,,,,,,U,,,,,,,
OR,Oregon,202001,Y,1000654.0,870862.0,129792.0,,,,,,,,,,,U,,,,,,,
PA,Pennsylvania,202001,Y,2995303.0,2693097.0,302206.0,,,,,,,,,,,U,,,,,,,
RI,Rhode Island,202001,Y,293293.0,259908.0,33385.0,,,,,,,,,,,U,,,,,,,
SC,South Carolina,202001,N,1039640.0,944294.0,95346.0,,,,,,,,,,,U,,,,,,,
SD,South Dakota,202001,N,109264.0,93533.0,15731.0,,,,,,,,,,,U,,,,,,,
TN,Tennessee,202001,N,1459394.0,1330550.0,128844.0,,,,,,,,,,,U,,,,,,,
TX,Texas,202001,N,4194734.0,3617110.0,577624.0,,,,,,,,,,,U,,,,,,,
UT,Utah,202001,Y,312988.0,271820.0,41168.0,,,,,,,,,,,U,,Includes Enrollees in Other Financial Assistance Programs Not Enrolled in Medicaid or CHIP,Includes Enrollees in Other Financial Assistance Programs Not Enrolled in Medicaid or CHIP,,,,
VA,Virginia,202001,Y,1422802.0,1266799.0,156003.0,,,,,,,,,,,U,,,,,,,
VT,Vermont,202001,Y,150895.0,146168.0,4727.0,,,,,,,,,,,U,,,,,,,
WA,Washington,202001,Y,1727441.0,1653506.0,73935.0,,,,,,,,,,,U,,Includes Individuals Enrolled At Any Time in Month (Not a Point-in-Time Count),Includes Individuals Enrolled At Any Time in Month (Not a Point-in-Time Count),,,,
WI,Wisconsin,202001,N,1048524.0,977633.0,70891.0,,,,,,,,,,,U,,,,,,,
WV,West Virginia,202001,Y,514695.0,478541.0,36154.0,,,,,,,,,,,U,,Includes Individuals Enrolled At Any Time in Month (Not a Point-in-Time Count),Includes Individuals Enrolled At Any Time in Month (Not a Point-in-Time Count),Includes Individuals Enrolled At Any Time in Month (Not a Point-in-Time Count),,,
WY,Wyoming,202001,N,56199.0,51783.0,4416.0,,,,,,,,,,,U,,,,,,,
AK,Alaska,202002,Y,222941.0,206251.0,16690.0,,,,,,,,,,,U,,,,,,,
AL,Alabama,202002,N,921462.0,750048.0,171414.0,,,,,,,,,,,U,,,,,,,
AR,Arkansas,202002,Y,864334.0,769245.0,95089.0,,,,,,,,,,,U,,,,,,,
AZ,Arizona,202002,Y,1705789.0,1608272.0,97517.0,,,,,,,,,,,U,,,,,,,
CA,California,202002,Y,11590601.0,10274859.0,1315742.0,,,,,,,,,,,U,,Includes Limited-Benefit Enrollees,Includes Limited-Benefit Enrollees,Includes Limited-Benefit Enrollees,,,
CO,Colorado,202002,Y,1235308.0,1091821.0,143487.0,,,,,,,,,,,U,,,,,,,
CT,Connecticut,202002,Y,844967.0,824549.0,20418.0,,,,,,,,,,,U,,,,,,,
DC,District of Columbia,202002,Y,241674.0,224771.0,16903.0,,,,,,,,,,,U,,,,,,,
DE,Delaware,202002,Y,231742.0,218629.0,13113.0,,,,,,,,,,,U,,,,,,,
FL,Florida,202002,N,3600457.0,3359727.0,240730.0,,,,,,,,,,,U,,,,,,,
GA,Georgia,202002,N,1833759.0,1618807.0,214952.0,,,,,,,,,,,U,,,,,,,
HI,Hawaii,202002,Y,325667.0,299919.0,25748.0,,,,,,,,,,,U,,,,,,,
IA,Iowa,202002,Y,677141.0,597839.0,79302.0,,,,,,,,,,,U,,,,,,,
ID,Idaho,202002,Y,319534.0,291745.0,27789.0,,,,,,,,,,,U,,,,,,,
IL,Illinois,202002,Y,2947846.0,2680372.0,267474.0,,,,,,,,,,,U,,,,,,,
IN,Indiana,202002,Y,1387931.0,1268843.0,119088.0,,,,,,,,,,,U,,,,,,,
KS,Kansas,202002,N,378292.0,319127.0,59165.0,,,,,,,,,,,U,,,,,,,
KY,Kentucky,202002,Y,1288129.0,1193114.0,95015.0,,,,,,,,,,,U,,,,,,,
LA,Louisiana,202002,Y,1495354.0,1376918.0,118436.0,,,,,,,,,,,U,,,,,,,
MA,Massachusetts,202002,Y,1571761.0,1383347.0,188414.0,,,,,,,,,,,U,,,,,,,
MD,Maryland,202002,Y,1330660.0,1189762.0,140898.0,,,,,,,,,,,U,,,,,,,
ME,Maine,202002,Y,267482.0,255505.0,11977.0,,,,,,,,,,,U,,,,,,,
MI,Michigan,202002,Y,2330401.0,2263269.0,67132.0,,,,,,,,,,,U,,,,,,,
MN,Minnesota,202002,Y,1044409.0,1042929.0,1480.0,,,,,,,,,,,U,,,,,,,
MO,Missouri,202002,N,855282.0,818245.0,37037.0,,,,,,,,,,,U,,,,,,,
MS,Mississippi,202002,N,584765.0,507208.0,77557.0,,,,,,,,,,,U,,,,,,,
MT,Montana,202002,Y,252740.0,226604.0,26136.0,,,,,,,,,,,U,,,,,,,
NC,North Carolina,202002,N,1860901.0,1575514.0,285387.0,,,,,,,,,,,U,,,,,,,
ND,North Dakota,202002,Y,89991.0,87760.0,2231.0,,,,,,,,,,,U,,,,,,,
NE,Nebraska,202002,N,248633.0,213145.0,35488.0,,,,,,,,,,,U,,,,,,,
NH,New Hampshire,202002,Y,181726.0,166220.0,15506.0,,,,,,,,,,,U,,,,,,,
NJ,New Jersey,202002,Y,1701569.0,1470376.0,231193.0,,,,,,,,,,,U,,,,,,,
NM,New Mexico,202002,Y,744994.0,705849.0,39145.0,,,,,,,,,,,U,,,,,,,
NV,Nevada,202002,Y,625358.0,584188.0,41170.0,,,,,,,,,,,U,,,,,,,
NY,New York,202002,Y,5987770.0,5375915.0,611855.0,,,,,,,,,,,U,,,,,,,
OH,Ohio,202002,Y,2596917.0,2398039.0,198878.0,,,,,,,,,,,U,,,,,,,
OK,Oklahoma,202002,N,716566.0,593369.0,123197.0,,,,,,,,,,,U,,,,,,,
OR,Oregon,202002,Y,1002190.0,872851.0,129339.0,,,,,,,,,,,U,,,,,,,
PA,Pennsylvania,202002,Y,2989204.0,2687743.0,301461.0,,,,,,,,,,,U,,,,,,,
RI,Rhode Island,202002,Y,289944.0,256120.0,33824.0,,,,,,,,,,,U,,,,,,,
SC,South Carolina,202002,N,1036982.0,941154.0,95828.0,,,,,,,,,,,U,,,,,,,
SD,South Dakota,202002,N,109585.0,93838.0,15747.0,,,,,,,,,,,U,,,,,,,
TN,Tennessee,202002,N,1447919.0,1323204.0,124715.0,,,,,,,,,,,U,,,,,,,
TX,Texas,202002,N,4198897.0,3633206.0,565691.0,,,,,,,,,,,U,,,,,,,
UT,Utah,202002,Y,313899.0,272342.0,41557.0,,,,,,,,,,,U,,Includes Enrollees in Other Financial Assistance Programs Not Enrolled in Medicaid or CHIP,Includes Enrollees in Other Financial Assistance Programs Not Enrolled in Medicaid or CHIP,,,,
VA,Virginia,202002,Y,1426912.0,1270407.0,156505.0,,,,,,,,,,,U,,,,,,,
VT,Vermont,202002,Y,151167.0,146490.0,4677.0,,,,,,,,,,,U,,,,,,,
WA,Washington,202002,Y,1723451.0,1649558.0,73893.0,,,,,,,,,,,U,,Includes Individuals Enrolled At Any Time in Month (Not a Point-in-Time Count),Includes Individuals Enrolled At Any Time in Month (Not a Point-in-Time Count),,,,
WI,Wisconsin,202002,N,1050981.0,980183.0,70798.0,,,,,,,,,,,U,,,,,,,
WV,West Virginia,202002,Y,514206.0,477984.0,36222.0,,,,,,,,,,,U,,Includes Individuals Enrolled At Any Time in Month (Not a Point-in-Time Count),Includes Individuals Enrolled At Any Time in Month (Not a Point-in-Time Count),Includes Individuals Enrolled At Any Time in Month (Not a Point-in-Time Count),,,
WY,Wyoming,202002,N,56082.0,51626.0,4456.0,,,,,,,,,,,U,,,,,,,
AK,Alaska,202003,Y,224965.0,208129.0,16836.0,,,,,,,,,,,U,,,,,,,
AL,Alabama,202003,N,921190.0,750161.0,171029.0,,,,,,,,,,,U,,,,,,,
AR,Arkansas,202003,Y,861426.0,766706.0,94720.0,,,,,,,,,,,U,,,,,,,
AZ,Arizona,202003,Y,1746744.0,1645851.0,100893.0,,,,,,,,,,,U,,,,,,,
CA,California,202003,Y,11576877.0,10263185.0,1313692.0,,,,,,,,,,,U,,Includes Limited-Benefit Enrollees,Includes Limited-Benefit Enrollees,Includes Limited-Benefit Enrollees,,,
CO,Colorado,202003,Y,1228699.0,1086492.0,142207.0,,,,,,,,,,,U,,,,,,,
CT,Connecticut,202003,Y,845434.0,825094.0,20340.0,,,,,,,,,,,U,,,,,,,
DC,District of Columbia,202003,Y,243503.0,226137.0,17366.0,,,,,,,,,,,U,,,,,,,
DE,Delaware,202003,Y,231862.0,218830.0,13032.0,,,,,,,,,,,U,,,,,,,
FL,Florida,202003,N,3605857.0,3361994.0,243863.0,,,,,,,,,,,U,,,,,,,
GA,Georgia,202003,N,1853679.0,1637768.0,215911.0,,,,,,,,,,,U,,,,,,,
HI,Hawaii,202003,Y,329194.0,303368.0,25826.0,,,,,,,,,,,U,,,,,,,
IA,Iowa,202003,Y,678312.0,597365.0,80947.0,,,,,,,,,,,U,,,,,,,
ID,Idaho,202003,Y,325353.0,298022.0,27331.0,,,,,,,,,,,U,,,,,,,
IL,Illinois,202003,Y,2969831.0,2689438.0,280393.0,,,,,,,,,,,U,,,,,,,
IN,Indiana,202003,Y,1417332.0,1297259.0,120073.0,,,,,,,,,,,U,,,,,,,
KS,Kansas,202003,N,380750.0,320482.0,60268.0,,,,,,,,,,,U,,,,,,,
KY,Kentucky,202003,Y,1295710.0,1203730.0,91980.0,,,,,,,,,,,U,,,,,,,
LA,Louisiana,202003,Y,1505639.0,1382434.0,123205.0,,,,,,,,,,,U,,,,,,,
MA,Massachusetts,202003,Y,1584590.0,1396617.0,187973.0,,,,,,,,,,,U,,,,,,,
MD,Maryland,202003,Y,1335833.0,1194624.0,141209.0,,,,,,,,,,,U,,,,,,,
ME,Maine,202003,Y,274352.0,262165.0,12187.0,,,,,,,,,,,U,,,,,,,
MI,Michigan,202003,Y,2356557.0,2289482.0,67075.0,,,,,,,,,,,U,,,,,,,
MN,Minnesota,202003,Y,1047688.0,1046218.0,1470.0,,,,,,,,,,,U,,,,,,,
MO,Missouri,202003,N,876601.0,838066.0,38535.0,,,,,,,,,,,U,,,,,,,
MS,Mississippi,202003,N,582208.0,504629.0,77579.0,,,,,,,,,,,U,,,,,,,
MT,Montana,202003,Y,250033.0,224403.0,25630.0,,,,,,,,,,,U,,,,,,,
NC,North Carolina,202003,N,1858819.0,1573302.0,285517.0,,,,,,,,,,,U,,,,,,,
ND,North Dakota,202003,Y,91884.0,89559.0,2325.0,,,,,,,,,,,U,,,,,,,
NE,Nebraska,202003,N,248460.0,213487.0,34973.0,,,,,,,,,,,U,,,,,,,
NH,New Hampshire,202003,Y,183172.0,167761.0,15411.0,,,,,,,,,,,U,,,,,,,
NJ,New Jersey,202003,Y,1702272.0,1470391.0,231881.0,,,,,,,,,,,U,,,,,,,
NM,New Mexico,202003,Y,745953.0,706406.0,39547.0,,,,,,,,,,,U,,,,,,,
NV,Nevada,202003,Y,627200.0,586958.0,40242.0,,,,,,,,,,,U,,,,,,,
NY,New York,202003,Y,6006163.0,5389288.0,616875.0,,,,,,,,,,,U,,,,,,,
OH,Ohio,202003,Y,2611799.0,2412431.0,199368.0,,,,,,,,,,,U,,,,,,,
OK,Oklahoma,202003,N,734583.0,614063.0,120520.0,,,,,,,,,,,U,,,,,,,
OR,Oregon,202003,Y,1009118.0,879303.0,129815.0,,,,,,,,,,,U,,,,,,,
PA,Pennsylvania,202003,Y,3011408.0,2700151.0,311257.0,,,,,,,,,,,U,,,,,,,
RI,Rhode Island,202003,Y,292639.0,258801.0,33838.0,,,,,,,,,,,U,,,,,,,
SC,South Carolina,202003,N,1032851.0,938885.0,93966.0,,,,,,,,,,,U,,,,,,,
SD,South Dakota,202003,N,109178.0,93593.0,15585.0,,,,,,,,,,,U,,,,,,,
TN,Tennessee,202003,N,1442600.0,1318830.0,123770.0,,,,,,,,,,,U,,,,,,,
TX,Texas,202003,N,4206104.0,3636051.0,570053.0,,,,,,,,,,,U,,,,,,,
UT,Utah,202003,Y,316364.0,275986.0,40378.0,,,,,,,,,,,U,,Includes Enrollees in Other Financial Assistance Programs Not Enrolled in Medicaid or CHIP,Includes Enrollees in Other Financial Assistance Programs Not Enrolled in Medicaid or CHIP,,,,
VA,Virginia,202003,Y,1435647.0,1278878.0,156769.0,,,,,,,,,,,U,,,,,,,
VT,Vermont,202003,Y,153778.0,149066.0,4712.0,,,,,,,,,,,U,,,,,,,
WA,Washington,202003,Y,1732597.0,1658019.0,74578.0,,,,,,,,,,,U,,,,,,,
WI,Wisconsin,202003,N,1054843.0,986030.0,68813.0,,,,,,,,,,,U,,,,,,,
WV,West Virginia,202003,Y,512974.0,476979.0,35995.0,,,,,,,,,,,U,,Includes Individuals Enrolled At Any Time in Month (Not a Point-in-Time Count),Includes Individuals Enrolled At Any Time in Month (Not a Point-in-Time Count),Includes Individuals Enrolled At Any Time in Month (Not a Point-in-Time Count),,,
WY,Wyoming,202003,N,56111.0,51698.0,4413.0,,,,,,,,,,,U,,,,,,,
AK,Alaska,202004,Y,228270.0,212183.0,16087.0,,,,,,,,,,,U,,,,,,,
AL,Alabama,202004,N,931863.0,758633.0,173230.0,,,,,,,,,,,U,,,,,,,
AR,Arkansas,202004,Y,873260.0,779597.0,93663.0,,,,,,,,,,,U,,,,,,,
AZ,Arizona,202004,Y,1781233.0,1680112.0,101121.0,,,,,,,,,,,U,,,,,,,
CA,California,202004,Y,11622708.0,10318968.0,1303740.0,,,,,,,,,,,U,,Includes Limited-Benefit Enrollees,Includes Limited-Benefit Enrollees,Includes Limited-Benefit Enrollees,,,
CO,Colorado,202004,Y,1266241.0,1126166.0,140075.0,,,,,,,,,,,U,,,,,,,
CT,Connecticut,202004,Y,860826.0,840763.0,20063.0,,,,,,,,,,,U,,,,,,,
DC,District of Columbia,202004,Y,246464.0,228967.0,17497.0,,,,,,,,,,,U,,,,,,,
DE,Delaware,202004,Y,235286.0,222339.0,12947.0,,,,,,,,,,,U,,,,,,,
FL,Florida,202004,N,3694863.0,3448494.0,246369.0,,,,,,,,,,,U,,,,,,,
GA,Georgia,202004,N,1895954.0,1683443.0,212511.0,,,,,,,,,,,U,,,,,,,
HI,Hawaii,202004,Y,344318.0,318405.0,25913.0,,,,,,,,,,,U,,,,,,,
IA,Iowa,202004,Y,686819.0,605295.0,81524.0,,,,,,,,,,,U,,,,,,,
ID,Idaho,202004,Y,332920.0,305509.0,27411.0,,,,,,,,,,,U,,,,,,,
IL,Illinois,202004,Y,3033816.0,2750902.0,282914.0,,,,,,,,,,,U,,,,,,,
IN,Indiana,202004,Y,1451788.0,1329602.0,122186.0,,,,,,,,,,,U,,,,,,,
KS,Kansas,202004,N,388818.0,326691.0,62127.0,,,,,,,,,,,U,,,,,,,
KY,Kentucky,202004,Y,1344593.0,1254790.0,89803.0,,,,,,,,,,,U,,,,,,,
LA,Louisiana,202004,Y,1539651.0,1412734.0,126917.0,,,,,,,,,,,U,,,,,,,
MA,Massachusetts,202004,Y,1602898.0,1414544.0,188354.0,,,,,,,,,,,U,,,,,,,
MD,Maryland,202004,Y,1350607.0,1208467.0,142140.0,,,,,,,,,,,U,,,,,,,
ME,Maine,202004,Y,276076.0,263793.0,12283.0,,,,,,,,,,,U,,,,,,,
MI,Michigan,202004,Y,2392157.0,2325994.0,66163.0,,,,,,,,,,,U,,,,,,,
MN,Minnesota,202004,Y,1067455.0,1065889.0,1566.0,,,,,,,,,,,U,,,,,,,
MO,Missouri,202004,N,897743.0,858771.0,38972.0,,,,,,,,,,,U,,,,,,,
MS,Mississippi,202004,N,592152.0,513351.0,78801.0,,,,,,,,,,,U,,,,,,,
MT,Montana,202004,Y,252152.0,225977.0,26175.0,,,,,,,,,,,U,,,,,,,
NC,North Carolina,202004,N,1886198.0,1598066.0,288132.0,,,,,,,,,,,U,,,,,,,
ND,North Dakota,202004,Y,92690.0,90377.0,2313.0,,,,,,,,,,,U,,,,,,,
NE,Nebraska,202004,N,249575.0,215212.0,34363.0,,,,,,,,,,,U,,,,,,,
NH,New Hampshire,202004,Y,189297.0,174388.0,14909.0,,,,,,,,,,,U,,,,,,,
NJ,New Jersey,202004,Y,1732647.0,1495540.0,237107.0,,,,,,,,,,,U,,,,,,,
NM,New Mexico,202004,Y,757978.0,719043.0,38935.0,,,,,,,,,,,U,,,,,,,
NV,Nevada,202004,Y,651890.0,611600.0,40290.0,,,,,,,,,,,U,,,,,,,
NY,New York,202004,Y,6022413.0,5398698.0,623715.0,,,,,,,,,,,U,,,,,,,
OH,Ohio,202004,Y,2701204.0,2500525.0,200679.0,,,,,,,,,,,U,,,,,,,
OK,Oklahoma,202004,N,762993.0,637899.0,125094.0,,,,,,,,,,,U,,,,,,,
OR,Oregon,202004,Y,1029603.0,899318.0,130285.0,,,,,,,,,,,U,,,,,,,
PA,Pennsylvania,202004,Y,3060956.0,2747857.0,313099.0,,,,,,,,,,,U,,,,,,,
RI,Rhode Island,202004,Y,299750.0,269345.0,30405.0,,,,,,,,,,,U,,,,,,,
SC,South Carolina,202004,N,1044058.0,948756.0,95302.0,,,,,,,,,,,U,,,,,,,
SD,South Dakota,202004,N,110561.0,95048.0,15513.0,,,,,,,,,,,U,,,,,,,
TN,Tennessee,202004,N,1464168.0,1341496.0,122672.0,,,,,,,,,,,U,,,,,,,
TX,Texas,202004,N,4309314.0,3728028.0,581286.0,,,,,,,,,,,U,,,,,,,
UT,Utah,202004,Y,327216.0,286314.0,40902.0,,,,,,,,,,,U,,Includes Enrollees in Other Financial Assistance Programs Not Enrolled in Medicaid or CHIP,Includes Enrollees in Other Financial Assistance Programs Not Enrolled in Medicaid or CHIP,,,,
VA,Virginia,202004,Y,1462199.0,1303354.0,158845.0,,,,,,,,,,,U,,,,,,,
VT,Vermont,202004,Y,157550.0,152975.0,4575.0,,,,,,,,,,,U,,,,,,,
WA,Washington,202004,Y,1749575.0,1678374.0,71201.0,,,,,,,,,,,U,,Includes Individuals Enrolled At Any Time in Month (Not a Point-in-Time Count),Includes Individuals Enrolled At Any Time in Month (Not a Point-in-Time Count),,,,
WI,Wisconsin,202004,N,1080213.0,1009912.0,70301.0,,,,,,,,,,,U,,,,,,,
WV,West Virginia,202004,Y,521337.0,484918.0,36419.0,,,,,,,,,,,U,,Includes Individuals Enrolled At Any Time in Month (Not a Point-in-Time Count),Includes Individuals Enrolled At Any Time in Month (Not a Point-in-Time Count),Includes Individuals Enrolled At Any Time in Month (Not a Point-in-Time Count),,,
WY,Wyoming,202004,N,57817.0,53485.0,4332.0,,,,,,,,,,,U,,,,,,,
AK,Alaska,202005,Y,230043.0,214692.0,15351.0,,,,,,,,,,,U,,,,,,,
AL,Alabama,202005,N,941395.0,766512.0,174883.0,,,,,,,,,,,U,,,,,,,
AR,Arkansas,202005,Y,879441.0,786253.0,93188.0,,,,,,,,,,,U,,,,,,,
AZ,Arizona,202005,Y,1817362.0,1714470.0,102892.0,,,,,,,,,,,U,,,,,,,
CA,California,202005,Y,11740127.0,10448023.0,1292104.0,,,,,,,,,,,U,,Includes Limited-Benefit Enrollees,Includes Limited-Benefit Enrollees,Includes Limited-Benefit Enrollees,,,
CO,Colorado,202005,Y,1285584.0,1145786.0,139798.0,,,,,,,,,,,U,,,,,,,
CT,Connecticut,202005,Y,868067.0,848280.0,19787.0,,,,,,,,,,,U,,,,,,,
DC,District of Columbia,202005,Y,248554.0,231191.0,17363.0,,,,,,,,,,,U,,,,,,,
DE,Delaware,202005,Y,238113.0,225462.0,12651.0,,,,,,,,,,,U,,,,,,,
FL,Florida,202005,N,3823393.0,3588226.0,235167.0,,,,,,,,,,,U,,,,,,,
GA,Georgia,202005,N,1929582.0,1709833.0,219749.0,,,,,,,,,,,U,,,,,,,
HI,Hawaii,202005,Y,352120.0,326523.0,25597.0,,,,,,,,,,,U,,,,,,,
IA,Iowa,202005,Y,694372.0,613151.0,81221.0,,,,,,,,,,,U,,,,,,,
ID,Idaho,202005,Y,337725.0,311105.0,26620.0,,,,,,,,,,,U,,,,,,,
IL,Illinois,202005,Y,3071698.0,2784830.0,286868.0,,,,,,,,,,,U,,,,,,,
IN,Indiana,202005,Y,1482327.0,1363286.0,119041.0,,,,,,,,,,,U,,,,,,,
KS,Kansas,202005,N,395563.0,332420.0,63143.0,,,,,,,,,,,U,,,,,,,
KY,Kentucky,202005,Y,1374471.0,1288837.0,85634.0,,,,,,,,,,,U,,,,,,,
LA,Louisiana,202005,Y,1563802.0,1433908.0,129894.0,,,,,,,,,,,U,,,,,,,
MA,Massachusetts,202005,Y,1617451.0,1427596.0,189855.0,,,,,,,,,,,U,,,,,,,
MD,Maryland,202005,Y,1362890.0,1220901.0,141989.0,,,,,,,,,,,U,,,,,,,
ME,Maine,202005,Y,283426.0,271024.0,12402.0,,,,,,,,,,,U,,,,,,,
MI,Michigan,202005,Y,2425239.0,2363968.0,61271.0,,,,,,,,,,,U,,,,,,,
MN,Minnesota,202005,Y,1081190.0,1079490.0,1700.0,,,,,,,,,,,U,,,,,,,
MO,Missouri,202005,N,915882.0,876441.0,39441.0,,,,,,,,,,,U,,,,,,,
MS,Mississippi,202005,N,600867.0,521058.0,79809.0,,,,,,,,,,,U,,,,,,,
MT,Montana,202005,Y,254458.0,228116.0,26342.0,,,,,,,,,,,U,,,,,,,
NC,North Carolina,202005,N,1902890.0,1614066.0,288824.0,,,,,,,,,,,U,,,,,,,
ND,North Dakota,202005,Y,95867.0,93488.0,2379.0,,,,,,,,,,,U,,,,,,,
NE,Nebraska,202005,N,252935.0,219064.0,33871.0,,,,,,,,,,,U,,,,,,,
NH,New Hampshire,202005,Y,192026.0,177782.0,14244.0,,,,,,,,,,,U,,,,,,,
NJ,New Jersey,202005,Y,1753985.0,1513202.0,240783.0,,,,,,,,,,,U,,,,,,,
NM,New Mexico,202005,Y,768206.0,730573.0,37633.0,,,,,,,,,,,U,,,,,,,
NV,Nevada,202005,Y,669844.0,629641.0,40203.0,,,,,,,,,,,U,,,,,,,
NY,New York,202005,Y,6193566.0,5567697.0,625869.0,,,,,,,,,,,U,,,,,,,
OH,Ohio,202005,Y,2749126.0,2551301.0,197825.0,,,,,,,,,,,U,,,,,,,
OK,Oklahoma,202005,N,773600.0,646739.0,126861.0,,,,,,,,,,,U,,,,,,,
OR,Oregon,202005,Y,1042719.0,913167.0,129552.0,,,,,,,,,,,U,,,,,,,
PA,Pennsylvania,202005,Y,3094732.0,2794633.0,300099.0,,,,,,,,,,,U,,,,,,,
RI,Rhode Island,202005,Y,302288.0,272941.0,29347.0,,,,,,,,,,,U,,,,,,,
SC,South Carolina,202005,N,1054828.0,958605.0,96223.0,,,,,,,,,,,U,,,,,,,
SD,South Dakota,202005,N,112232.0,96723.0,15509.0,,,,,,,,,,,U,,,,,,,
TN,Tennessee,202005,N,1479431.0,1355677.0,123754.0,,,,,,,,,,,U,,,,,,,
TX,Texas,202005,N,4400011.0,3819451.0,580560.0,,,,,,,,,,,U,,,,,,,
UT,Utah,202005,Y,334295.0,293338.0,40957.0,,,,,,,,,,,U,,Includes Enrollees in Other Financial Assistance Programs Not Enrolled in Medicaid or CHIP,Includes Enrollees in Other Financial Assistance Programs Not Enrolled in Medicaid or CHIP,,,,
VA,Virginia,202005,Y,1485789.0,1327760.0,158029.0,,,,,,,,,,,U,,,,,,,
VT,Vermont,202005,Y,159344.0,155092.0,4252.0,,,,,,,,,,,U,,,,,,,
WA,Washington,202005,Y,1767896.0,1698035.0,69861.0,,,,,,,,,,,U,,Includes Individuals Enrolled At Any Time in Month (Not a Point-in-Time Count),Includes Individuals Enrolled At Any Time in Month (Not a Point-in-Time Count),,,,
WI,Wisconsin,202005,N,1097910.0,1029995.0,67915.0,,,,,,,,,,,U,,,,,,,
WV,West Virginia,202005,Y,527714.0,491376.0,36338.0,,,,,,,,,,,U,,Includes Individuals Enrolled At Any Time in Month (Not a Point-in-Time Count),Includes Individuals Enrolled At Any Time in Month (Not a Point-in-Time Count),Includes Individuals Enrolled At Any Time in Month (Not a Point-in-Time Count),,,
WY,Wyoming,202005,N,58764.0,54392.0,4372.0,,,,,,,,,,,U,,,,,,,
AK,Alaska,202006,Y,232069.0,217484.0,14585.0,,,,,,,,,,,U,,,,,,,
AL,Alabama,202006,N,949662.0,774350.0,175312.0,,,,,,,,,,,U,,,,,,,
AR,Arkansas,202006,Y,894831.0,801742.0,93089.0,,,,,,,,,,,U,,,,,,,
AZ,Arizona,202006,Y,1839932.0,1735141.0,104791.0,,,,,,,,,,,U,,,,,,,
CA,California,202006,Y,11847711.0,10561031.0,1286680.0,,,,,,,,,,,U,,Includes Limited-Benefit Enrollees,Includes Limited-Benefit Enrollees,Includes Limited-Benefit Enrollees,,,
CO,Colorado,202006,Y,1306533.0,1166711.0,139822.0,,,,,,,,,,,U,,,,,,,
CT,Connecticut,202006,Y,874974.0,855252.0,19722.0,,,,,,,,,,,U,,,,,,,
DC,District of Columbia,202006,Y,250860.0,233511.0,17349.0,,,,,,,,,,,U,,,,,,,
DE,Delaware,202006,Y,240476.0,228088.0,12388.0,,,,,,,,,,,U,,,,,,,
FL,Florida,202006,N,3892552.0,3673324.0,219228.0,,,,,,,,,,,U,,,,,,,
GA,Georgia,202006,N,1945955.0,1723592.0,222363.0,,,,,,,,,,,U,,,,,,,
HI,Hawaii,202006,Y,356887.0,331374.0,25513.0,,,,,,,,,,,U,,,,,,,
IA,Iowa,202006,Y,702567.0,621701.0,80866.0,,,,,,,,,,,U,,,,,,,
ID,Idaho,202006,Y,342341.0,315855.0,26486.0,,,,,,,,,,,U,,,,,,,
IL,Illinois,202006,Y,3103953.0,2812874.0,291079.0,,,,,,,,,,,U,,,,,,,
IN,Indiana,202006,Y,1513958.0,1397486.0,116472.0,,,,,,,,,,,U,,,,,,,
KS,Kansas,202006,N,401103.0,337580.0,63523.0,,,,,,,,,,,U,,,,,,,
KY,Kentucky,202006,Y,1420933.0,1333816.0,87117.0,,,,,,,,,,,U,,,,,,,
LA,Louisiana,202006,Y,1586472.0,1454521.0,131951.0,,,,,,,,,,,U,,,,,,,
MA,Massachusetts,202006,Y,1632191.0,1441091.0,191100.0,,,,,,,,,,,U,,,,,,,
MD,Maryland,202006,Y,1377552.0,1235002.0,142550.0,,,,,,,,,,,U,,,,,,,
ME,Maine,202006,Y,287654.0,275241.0,12413.0,,,,,,,,,,,U,,,,,,,
MI,Michigan,202006,Y,2453888.0,2394517.0,59371.0,,,,,,,,,,,U,,,,,,,
MN,Minnesota,202006,Y,1094130.0,1092298.0,1832.0,,,,,,,,,,,U,,,,,,,
MO,Missouri,202006,N,933956.0,893472.0,40484.0,,,,,,,,,,,U,,,,,,,
MS,Mississippi,202006,N,608793.0,528197.0,80596.0,,,,,,,,,,,U,,,,,,,
MT,Montana,202006,Y,257006.0,230530.0,26476.0,,,,,,,,,,,U,,,,,,,
NC,North Carolina,202006,N,1924638.0,1634149.0,290489.0,,,,,,,,,,,U,,,,,,,
ND,North Dakota,202006,Y,96757.0,94369.0,2388.0,,,,,,,,,,,U,,,,,,,
NE,Nebraska,202006,N,256931.0,223124.0,33807.0,,,,,,,,,,,U,,,,,,,
NH,New Hampshire,202006,Y,194886.0,180488.0,14398.0,,,,,,,,,,,U,,,,,,,
NJ,New Jersey,202006,Y,1782694.0,1542483.0,240211.0,,,,,,,,,,,U,,,,,,,
NM,New Mexico,202006,Y,775051.0,736898.0,38153.0,,,,,,,,,,,U,,,,,,,
NV,Nevada,202006,Y,685073.0,644995.0,40078.0,,,,,,,,,,,U,,,,,,,
NY,New York,202006,Y,6279719.0,5664944.0,614775.0,,,,,,,,,,,U,,,,,,,
OH,Ohio,202006,Y,2788134.0,2593402.0,194732.0,,,,,,,,,,,U,,,,,,,
OK,Oklahoma,202006,N,797220.0,672238.0,124982.0,,,,,,,,,,,U,,,,,,,
OR,Oregon,202006,Y,1055751.0,925178.0,130573.0,,,,,,,,,,,U,,,,,,,
PA,Pennsylvania,202006,Y,3119757.0,2824900.0,294857.0,,,,,,,,,,,U,,,,,,,
RI,Rhode Island,202006,Y,305900.0,276577.0,29323.0,,,,,,,,,,,U,,,,,,,
SC,South Carolina,202006,N,1065947.0,968954.0,96993.0,,,,,,,,,,,U,,,,,,,
SD,South Dakota,202006,N,114059.0,98440.0,15619.0,,,,,,,,,,,U,,,,,,,
TN,Tennessee,202006,N,1496239.0,1370834.0,125405.0,,,,,,,,,,,U,,,,,,,
TX,Texas,202006,N,4472519.0,3901744.0,570775.0,,,,,,,,,,,U,,,,,,,
UT,Utah,202006,Y,341920.0,300902.0,41018.0,,,,,,,,,,,U,,Includes Enrollees in Other Financial Assistance Programs Not Enrolled in Medicaid or CHIP,Includes Enrollees in Other Financial Assistance Programs Not Enrolled in Medicaid or CHIP,,,,
VA,Virginia,202006,Y,1508352.0,1349858.0,158494.0,,,,,,,,,,,U,,,,,,,
VT,Vermont,202006,Y,161336.0,157046.0,4290.0,,,,,,,,,,,U,,,,,,,
WA,Washington,202006,Y,1790395.0,1720781.0,69614.0,,,,,,,,,,,U,,,,,,,
WI,Wisconsin,202006,N,1119126.0,1050926.0,68200.0,,,,,,,,,,,U,,,,,,,
WV,West Virginia,202006,Y,534136.0,497649.0,36487.0,,,,,,,,,,,U,,Includes Individuals Enrolled At Any Time in Month (Not a Point-in-Time Count),Includes Individuals Enrolled At Any Time in Month (Not a Point-in-Time Count),Includes Individuals Enrolled At Any Time in Month (Not a Point-in-Time Count),,,
WY,Wyoming,202006,N,60261.0,55841.0,4420.0,,,,,,,,,,,U,,,,,,,
AK,Alaska,202007,Y,233334.0,219239.0,14095.0,,,,,,,,,,,U,,,,,,,
AL,Alabama,202007,N,957129.0,782619.0,174510.0,,,,,,,,,,,U,,,,,,,
AR,Arkansas,202007,Y,902134.0,806832.0,95302.0,,,,,,,,,,,U,,,,,,,
AZ,Arizona,202007,Y,1862408.0,1754618.0,107790.0,,,,,,,,,,,U,,,,,,,
CA,California,202007,Y,12016056.0,10725497.0,1290559.0,,,,,,,,,,,U,,Includes Limited-Benefit Enrollees,Includes Limited-Benefit Enrollees,Includes Limited-Benefit Enrollees,,,
CO,Colorado,202007,Y,1326736.0,1187016.0,139720.0,,,,,,,,,,,U,,,,,,,
CT,Connecticut,202007,Y,885365.0,865495.0,19870.0,,,,,,,,,,,U,,,,,,,
DC,District of Columbia,202007,Y,253009.0,235667.0,17342.0,,,,,,,,,,,U,,,,,,,
DE,Delaware,202007,Y,243349.0,230971.0,12378.0,,,,,,,,,,,U,,,,,,,
FL,Florida,202007,N,3930734.0,3716747.0,213987.0,,,,,,,,,,,U,,,,,,,
GA,Georgia,202007,N,1970507.0,1745838.0,224669.0,,,,,,,,,,,U,,,,,,,
HI,Hawaii,202007,Y,363958.0,338129.0,25829.0,,,,,,,,,,,U,,,,,,,
IA,Iowa,202007,Y,711187.0,631207.0,79980.0,,,,,,,,,,,U,,,,,,,
ID,Idaho,202007,Y,347777.0,320907.0,26870.0,,,,,,,,,,,U,,,,,,,
IL,Illinois,202007,Y,3139748.0,2845037.0,294711.0,,,,,,,,,,,U,,,,,,,
IN,Indiana,202007,Y,1543368.0,1428099.0,115269.0,,,,,,,,,,,U,,,,,,,
KS,Kansas,202007,N,406698.0,342993.0,63705.0,,,,,,,,,,,U,,,,,,,
KY,Kentucky,202007,Y,1465221.0,1375979.0,89242.0,,,,,,,,,,,U,,,,,,,
LA,Louisiana,202007,Y,1608573.0,1475018.0,133555.0,,,,,,,,,,,U,,,,,,,
MA,Massachusetts,202007,Y,1647914.0,1455646.0,192268.0,,,,,,,,,,,U,,,,,,,
MD,Maryland,202007,Y,1392038.0,1248972.0,143066.0,,,,,,,,,,,U,,,,,,,
ME,Maine,202007,Y,291569.0,278925.0,12644.0,,,,,,,,,,,U,,,,,,,
MI,Michigan,202007,Y,2487485.0,2428196.0,59289.0,,,,,,,,,,,U,,,,,,,
MN,Minnesota,202007,Y,1108531.0,1106840.0,1691.0,,,,,,,,,,,U,,,,,,,
MO,Missouri,202007,N,951731.0,911305.0,40426.0,,,,,,,,,,,U,,,,,,,
MS,Mississippi,202007,N,617043.0,536412.0,80631.0,,,,,,,,,,,U,,,,,,,
MT,Montana,202007,Y,259433.0,232822.0,26611.0,,,,,,,,,,,U,,,,,,,
NC,North Carolina,202007,N,1947966.0,1655806.0,292160.0,,,,,,,,,,,U,,,,,,,
ND,North Dakota,202007,Y,98657.0,96231.0,2426.0,,,,,,,,,,,U,,,,,,,
NE,Nebraska,202007,N,261168.0,226887.0,34281.0,,,,,,,,,,,U,,,,,,,
NH,New Hampshire,202007,Y,197601.0,183068.0,14533.0,,,,,,,,,,,U,,,,,,,
NJ,New Jersey,202007,Y,1806736.0,1566665.0,240071.0,,,,,,,,,,,U,,,,,,,
NM,New Mexico,202007,Y,782159.0,743801.0,38358.0,,,,,,,,,,,U,,,,,,,
NV,Nevada,202007,Y,695931.0,657500.0,38431.0,,,,,,,,,,,U,,,,,,,
NY,New York,202007,Y,6349834.0,5733296.0,616538.0,,,,,,,,,,,U,,,,,,,
OH,Ohio,202007,Y,2819633.0,2626131.0,193502.0,,,,,,,,,,,U,,,,,,,
OK,Oklahoma,202007,N,809286.0,680401.0,128885.0,,,,,,,,,,,U,,,,,,,
OR,Oregon,202007,Y,1069272.0,938215.0,131057.0,,,,,,,,,,,U,,,,,,,
PA,Pennsylvania,202007,Y,3149552.0,2856188.0,293364.0,,,,,,,,,,,U,,,,,,,
RI,Rhode Island,202007,Y,309281.0,279583.0,29698.0,,,,,,,,,,,U,,,,,,,
SC,South Carolina,202007,N,1077781.0,979984.0,97797.0,,,,,,,,,,,U,,,,,,,
SD,South Dakota,202007,N,115715.0,99912.0,15803.0,,,,,,,,,,,U,,,,,,,
TN,Tennessee,202007,N,1512194.0,1385209.0,126985.0,,,,,,,,,,,U,,,,,,,
TX,Texas,202007,N,4531429.0,3960573.0,570856.0,,,,,,,,,,,U,,,,,,,
UT,Utah,202007,Y,349201.0,308566.0,40635.0,,,,,,,,,,,U,,,,,,,
VA,Virginia,202007,Y,1529228.0,1370159.0,159069.0,,,,,,,,,,,U,,,,,,,
VT,Vermont,202007,Y,163055.0,158771.0,4284.0,,,,,,,,,,,U,,,,,,,
WA,Washington,202007,Y,1811777.0,1742173.0,69604.0,,,,,,,,,,,U,,Includes Individuals Enrolled At Any Time in Month (Not a Point-in-Time Count),Includes Individuals Enrolled At Any Time in Month (Not a Point-in-Time Count),,,,
WI,Wisconsin,202007,N,1137130.0,1067704.0,69426.0,,,,,,,,,,,U,,,,,,,
WV,West Virginia,202007,Y,540206.0,503587.0,36619.0,,,,,,,,,,,U,,Includes Individuals Enrolled At Any Time in Month (Not a Point-in-Time Count),Includes Individuals Enrolled At Any Time in Month (Not a Point-in-Time Count),Includes Individuals Enrolled At Any Time in Month (Not a Point-in-Time Count),,,
WY,Wyoming,202007,N,61603.0,57118.0,4485.0,,,,,,,,,,,U,,,,,,,
AK,Alaska,202008,Y,235261.0,221414.0,13847.0,,,,,,,,,,,U,,,,,,,
AL,Alabama,202008,N,964613.0,790708.0,173905.0,,,,,,,,,,,U,,,,,,,
AR,Arkansas,202008,Y,911413.0,814604.0,96809.0,,,,,,,,,,,U,,,,,,,
AZ,Arizona,202008,Y,1887382.0,1777992.0,109390.0,,,,,,,,,,,U,,,,,,,
CA,California,202008,Y,12116855.0,10826435.0,1290420.0,,,,,,,,,,,U,,Includes Limited-Benefit Enrollees,Includes Limited-Benefit Enrollees,Includes Limited-Benefit Enrollees,,,
CO,Colorado,202008,Y,1347272.0,1207942.0,139330.0,,,,,,,,,,,U,,,,,,,
CT,Connecticut,202008,Y,893114.0,873283.0,19831.0,,,,,,,,,,,U,,,,,,,
DC,District of Columbia,202008,Y,254885.0,237526.0,17359.0,,,,,,,,,,,U,,,,,,,
DE,Delaware,202008,Y,246249.0,233833.0,12416.0,,,,,,,,,,,U,,,,,,,
FL,Florida,202008,N,3977970.0,3768981.0,208989.0,,,,,,,,,,,U,,,,,,,
GA,Georgia,202008,N,1998686.0,1770366.0,228320.0,,,,,,,,,,,U,,,,,,,
HI,Hawaii,202008,Y,369661.0,343613.0,26048.0,,,,,,,,,,,U,,,,,,,
IA,Iowa,202008,Y,719759.0,639739.0,80020.0,,,,,,,,,,,U,,,,,,,
ID,Idaho,202008,Y,354061.0,326839.0,27222.0,,,,,,,,,,,U,,,,,,,
IL,Illinois,202008,Y,3168080.0,2870069.0,298011.0,,,,,,,,,,,U,,,,,,,
IN,Indiana,202008,Y,1570951.0,1455589.0,115362.0,,,,,,,,,,,U,,,,,,,
KS,Kansas,202008,N,411170.0,347215.0,63955.0,,,,,,,,,,,U,,,,,,,
KY,Kentucky,202008,Y,1498803.0,1407348.0,91455.0,,,,,,,,,,,U,,,,,,,
LA,Louisiana,202008,Y,1628938.0,1494461.0,134477.0,,,,,,,,,,,U,,,,,,,
MA,Massachusetts,202008,Y,1665288.0,1471165.0,194123.0,,,,,,,,,,,U,,,,,,,
MD,Maryland,202008,Y,1405507.0,1262271.0,143236.0,,,,,,,,,,,U,,,,,,,
ME,Maine,202008,Y,295180.0,282405.0,12775.0,,,,,,,,,,,U,,,,,,,
MI,Michigan,202008,Y,2520764.0,2461504.0,59260.0,,,,,,,,,,,U,,,,,,,
MN,Minnesota,202008,Y,1122557.0,1121042.0,1515.0,,,,,,,,,,,U,,,,,,,
MO,Missouri,202008,N,969786.0,929379.0,40407.0,,,,,,,,,,,U,,,,,,,
MS,Mississippi,202008,N,626269.0,545068.0,81201.0,,,,,,,,,,,U,,,,,,,
MT,Montana,202008,Y,262233.0,235550.0,26683.0,,,,,,,,,,,U,,,,,,,
NC,North Carolina,202008,N,1969650.0,1676671.0,292979.0,,,,,,,,,,,U,,,,,,,
ND,North Dakota,202008,Y,103212.0,100713.0,2499.0,,,,,,,,,,,U,,,,,,,
NE,Nebraska,202008,N,265903.0,231235.0,34668.0,,,,,,,,,,,U,,,,,,,
NH,New Hampshire,202008,Y,200566.0,185570.0,14996.0,,,,,,,,,,,U,,,,,,,
NJ,New Jersey,202008,Y,1831632.0,1591779.0,239853.0,,,,,,,,,,,U,,,,,,,
NM,New Mexico,202008,Y,790138.0,751115.0,39023.0,,,,,,,,,,,U,,,,,,,
NV,Nevada,202008,Y,709191.0,670967.0,38224.0,,,,,,,,,,,U,,,,,,,
NY,New York,202008,Y,6435565.0,5820986.0,614579.0,,,,,,,,,,,U,,,,,,,
OH,Ohio,202008,Y,2851221.0,2657435.0,193786.0,,,,,,,,,,,U,,,,,,,
OK,Oklahoma,202008,N,823588.0,691714.0,131874.0,,,,,,,,,,,U,,,,,,,
OR,Oregon,202008,Y,1082875.0,950358.0,132517.0,,,,,,,,,,,U,,,,,,,
PA,Pennsylvania,202008,Y,3184383.0,2889243.0,295140.0,,,,,,,,,,,U,,,,,,,
RI,Rhode Island,202008,Y,312577.0,282483.0,30094.0,,,,,,,,,,,U,,,,,,,
SC,South Carolina,202008,N,1089141.0,990569.0,98572.0,,,,,,,,,,,U,,,,,,,
SD,South Dakota,202008,N,117303.0,101320.0,15983.0,,,,,,,,,,,U,,,,,,,
TN,Tennessee,202008,N,1527568.0,1399299.0,128269.0,,,,,,,,,,,U,,,,,,,
TX,Texas,202008,N,4590128.0,4030746.0,559382.0,,,,,,,,,,,U,,,,,,,
UT,Utah,202008,Y,362753.0,322266.0,40487.0,,,,,,,,,,,U,,Includes Enrollees in Other Financial Assistance Programs Not Enrolled in Medicaid or CHIP,Includes Enrollees in Other Financial Assistance Programs Not Enrolled in Medicaid or CHIP,,,,
VA,Virginia,202008,Y,1549215.0,1389771.0,159444.0,,,,,,,,,,,U,,,,,,,
VT,Vermont,202008,Y,165203.0,160907.0,4296.0,,,,,,,,,,,U,,,,,,,
WA,Washington,202008,Y,1834211.0,1764161.0,70050.0,,,,,,,,,,,U,,Includes Individuals Enrolled At Any Time in Month (Not a Point-in-Time Count),Includes Individuals Enrolled At Any Time in Month (Not a Point-in-Time Count),,,,
WI,Wisconsin,202008,N,1150453.0,1080750.0,69703.0,,,,,,,,,,,U,,,,,,,
WV,West Virginia,202008,Y,546948.0,510082.0,36866.0,,,,,,,,,,,U,,Includes Individuals Enrolled At Any Time in Month (Not a Point-in-Time Count),Includes Individuals Enrolled At Any Time in Month (Not a Point-in-Time Count),Includes Individuals Enrolled At Any Time in Month (Not a Point-in-Time Count),,,
WY,Wyoming,202008,N,62437.0,57939.0,4498.0,,,,,,,,,,,U,,,,,,,
AK,Alaska,202009,Y,236362.0,222686.0,13676.0,,,,,,,,,,,U,,,,,,,
AL,Alabama,202009,N,973431.0,798847.0,174584.0,,,,,,,,,,,U,,,,,,,
AR,Arkansas,202009,Y,922498.0,825422.0,97076.0,,,,,,,,,,,U,,,,,,,
AZ,Arizona,202009,Y,1903428.0,1791620.0,111808.0,,,,,,,,,,,U,,,,,,,
CA,California,202009,Y,12212599.0,10922274.0,1290325.0,,,,,,,,,,,U,,Includes Limited-Benefit Enrollees,Includes Limited-Benefit Enrollees,Includes Limited-Benefit Enrollees,,,
CO,Colorado,202009,Y,1366522.0,1228077.0,138445.0,,,,,,,,,,,U,,,,,,,
CT,Connecticut,202009,Y,900777.0,881308.0,19469.0,,,,,,,,,,,U,,,,,,,
DC,District of Columbia,202009,Y,256300.0,238919.0,17381.0,,,,,,,,,,,U,,,,,,,
DE,Delaware,202009,Y,248868.0,236452.0,12416.0,,,,,,,,,,,U,,,,,,,
FL,Florida,202009,N,4006720.0,3805520.0,201200.0,,,,,,,,,,,U,,,,,,,
GA,Georgia,202009,N,2022154.0,1791397.0,230757.0,,,,,,,,,,,U,,,,,,,
HI,Hawaii,202009,Y,375513.0,349408.0,26105.0,,,,,,,,,,,U,,,,,,,
IA,Iowa,202009,Y,727249.0,647104.0,80145.0,,,,,,,,,,,U,,,,,,,
ID,Idaho,202009,Y,359001.0,331920.0,27081.0,,,,,,,,,,,U,,,,,,,
IL,Illinois,202009,Y,3198170.0,2897180.0,300990.0,,,,,,,,,,,U,,,,,,,
IN,Indiana,202009,Y,1593388.0,1478668.0,114720.0,,,,,,,,,,,U,,,,,,,
KS,Kansas,202009,N,416862.0,352431.0,64431.0,,,,,,,,,,,U,,,,,,,
KY,Kentucky,202009,Y,1527535.0,1433544.0,93991.0,,,,,,,,,,,U,,,,,,,
LA,Louisiana,202009,Y,1647878.0,1512862.0,135016.0,,,,,,,,,,,U,,,,,,,
MA,Massachusetts,202009,Y,1684294.0,1488539.0,195755.0,,,,,,,,,,,U,,,,,,,
MD,Maryland,202009,Y,1418225.0,1274845.0,143380.0,,,,,,,,,,,U,,,,,,,
ME,Maine,202009,Y,298620.0,285699.0,12921.0,,,,,,,,,,,U,,,,,,,
MI,Michigan,202009,Y,2552592.0,2493304.0,59288.0,,,,,,,,,,,U,,,,,,,
MN,Minnesota,202009,Y,1134193.0,1132794.0,1399.0,,,,,,,,,,,U,,,,,,,
MO,Missouri,202009,N,984496.0,944617.0,39879.0,,,,,,,,,,,U,,,,,,,
MS,Mississippi,202009,N,634525.0,552938.0,81587.0,,,,,,,,,,,U,,,,,,,
MT,Montana,202009,Y,265098.0,238209.0,26889.0,,,,,,,,,,,U,,,,,,,
NC,North Carolina,202009,N,1990903.0,1697889.0,293014.0,,,,,,,,,,,U,,,,,,,
ND,North Dakota,202009,Y,102459.0,99973.0,2486.0,,,,,,,,,,,U,,,,,,,
NE,Nebraska,202009,N,269583.0,234929.0,34654.0,,,,,,,,,,,U,,,,,,,
NH,New Hampshire,202009,Y,203242.0,187944.0,15298.0,,,,,,,,,,,U,,,,,,,
NJ,New Jersey,202009,Y,1852379.0,1611945.0,240434.0,,,,,,,,,,,U,,,,,,,
NM,New Mexico,202009,Y,794755.0,755513.0,39242.0,,,,,,,,,,,U,,,,,,,
NV,Nevada,202009,Y,722616.0,684413.0,38203.0,,,,,,,,,,,U,,,,,,,
NY,New York,202009,Y,6492326.0,5879919.0,612407.0,,,,,,,,,,,U,,,,,,,
OH,Ohio,202009,Y,2881716.0,2687107.0,194609.0,,,,,,,,,,,U,,,,,,,
OK,Oklahoma,202009,N,833734.0,704453.0,129281.0,,,,,,,,,,,U,,,,,,,
OR,Oregon,202009,Y,1096491.0,962464.0,134027.0,,,,,,,,,,,U,,,,,,,
PA,Pennsylvania,202009,Y,3212864.0,2918236.0,294628.0,,,,,,,,,,,U,,,,,,,
RI,Rhode Island,202009,Y,315723.0,285464.0,30259.0,,,,,,,,,,,U,,,,,,,
SC,South Carolina,202009,N,1098884.0,999875.0,99009.0,,,,,,,,,,,U,,,,,,,
SD,South Dakota,202009,N,118950.0,102835.0,16115.0,,,,,,,,,,,U,,,,,,,
TN,Tennessee,202009,N,1540767.0,1411597.0,129170.0,,,,,,,,,,,U,,,,,,,
TX,Texas,202009,N,4646049.0,4090429.0,555620.0,,,,,,,,,,,U,,,,,,,
UT,Utah,202009,Y,371265.0,330293.0,40972.0,,,,,,,,,,,U,,Includes Enrollees in Other Financial Assistance Programs Not Enrolled in Medicaid or CHIP,Includes Enrollees in Other Financial Assistance Programs Not Enrolled in Medicaid or CHIP,,,,
VA,Virginia,202009,Y,1568142.0,1408581.0,159561.0,,,,,,,,,,,U,,,,,,,
VT,Vermont,202009,Y,166727.0,162432.0,4295.0,,,,,,,,,,,U,,,,,,,
WA,Washington,202009,Y,1849899.0,1779628.0,70271.0,,,,,,,,,,,U,,Includes Individuals Enrolled At Any Time in Month (Not a Point-in-Time Count),Includes Individuals Enrolled At Any Time in Month (Not a Point-in-Time Count),,,,
WI,Wisconsin,202009,N,1170926.0,1099924.0,71002.0,,,,,,,,,,,U,,,,,,,
WV,West Virginia,202009,Y,552691.0,516108.0,36583.0,,,,,,,,,,,U,,Includes Individuals Enrolled At Any Time in Month (Not a Point-in-Time Count),Includes Individuals Enrolled At Any Time in Month (Not a Point-in-Time Count),Includes Individuals Enrolled At Any Time in Month (Not a Point-in-Time Count),,,
WY,Wyoming,202009,N,63245.0,58711.0,4534.0,,,,,,,,,,,U,,,,,,,
AK,Alaska,202010,Y,237786.0,224338.0,13448.0,,,,,,,,,,,U,,,,,,,
AL,Alabama,202010,N,982013.0,806987.0,175026.0,,,,,,,,,,,U,,,,,,,
AR,Arkansas,202010,Y,930571.0,834684.0,95887.0,,,,,,,,,,,U,,,,,,,
AZ,Arizona,202010,Y,1924686.0,1810171.0,114515.0,,,,,,,,,,,U,,,,,,,
CA,California,202010,Y,12298138.0,11006603.0,1291535.0,,,,,,,,,,,U,,Includes Limited-Benefit Enrollees,Includes Limited-Benefit Enrollees,Includes Limited-Benefit Enrollees,,,
CO,Colorado,202010,Y,1384250.0,1247169.0,137081.0,,,,,,,,,,,U,,,,,,,
CT,Connecticut,202010,Y,909492.0,890180.0,19312.0,,,,,,,,,,,U,,,,,,,
DC,District of Columbia,202010,Y,258225.0,240793.0,17432.0,,,,,,,,,,,U,,,,,,,
DE,Delaware,202010,Y,251502.0,239082.0,12420.0,,,,,,,,,,,U,,,,,,,
FL,Florida,202010,N,4037892.0,3842645.0,195247.0,,,,,,,,,,,U,,,,,,,
GA,Georgia,202010,N,2042331.0,1808278.0,234053.0,,,,,,,,,,,U,,,,,,,
HI,Hawaii,202010,Y,381225.0,354995.0,26230.0,,,,,,,,,,,U,,,,,,,
IA,Iowa,202010,Y,733919.0,653337.0,80582.0,,,,,,,,,,,U,,,,,,,
ID,Idaho,202010,Y,363581.0,336485.0,27096.0,,,,,,,,,,,U,,,,,,,
IL,Illinois,202010,Y,3227552.0,2923915.0,303637.0,,,,,,,,,,,U,,,,,,,
IN,Indiana,202010,Y,1616483.0,1503449.0,113034.0,,,,,,,,,,,U,,,,,,,
KS,Kansas,202010,N,422096.0,357068.0,65028.0,,,,,,,,,,,U,,,,,,,
KY,Kentucky,202010,Y,1529234.0,1432450.0,96784.0,,,,,,,,,,,U,,,,,,,
LA,Louisiana,202010,Y,1662798.0,1527098.0,135700.0,,,,,,,,,,,U,,,,,,,
MA,Massachusetts,202010,Y,1702326.0,1502267.0,200059.0,,,,,,,,,,,U,,,,,,,
MD,Maryland,202010,Y,1430094.0,1286503.0,143591.0,,,,,,,,,,,U,,,,,,,
ME,Maine,202010,Y,303962.0,290426.0,13536.0,,,,,,,,,,,U,,,,,,,
MI,Michigan,202010,Y,2582138.0,2522737.0,59401.0,,,,,,,,,,,U,,,,,,,
MN,Minnesota,202010,Y,1146104.0,1144795.0,1309.0,,,,,,,,,,,U,,,,,,,
MO,Missouri,202010,N,996487.0,957419.0,39068.0,,,,,,,,,,,U,,,,,,,
MS,Mississippi,202010,N,641795.0,559892.0,81903.0,,,,,,,,,,,U,,,,,,,
MT,Montana,202010,Y,267747.0,240759.0,26988.0,,,,,,,,,,,U,,,,,,,
NC,North Carolina,202010,N,2010420.0,1717562.0,292858.0,,,,,,,,,,,U,,,,,,,
ND,North Dakota,202010,Y,106177.0,103639.0,2538.0,,,,,,,,,,,U,,,,,,,
NE,Nebraska,202010,Y,287089.0,252452.0,34637.0,,,,,,,,,,,U,,,,,,,
NH,New Hampshire,202010,Y,205690.0,189869.0,15821.0,,,,,,,,,,,U,,,,,,,
NJ,New Jersey,202010,Y,1871979.0,1631032.0,240947.0,,,,,,,,,,,U,,,,,,,
NM,New Mexico,202010,Y,801499.0,761470.0,40029.0,,,,,,,,,,,U,,,,,,,
NV,Nevada,202010,Y,734234.0,695514.0,38720.0,,,,,,,,,,,U,,,,,,,
NY,New York,202010,Y,6546581.0,5935675.0,610906.0,,,,,,,,,,,U,,,,,,,
OH,Ohio,202010,Y,2910145.0,2714726.0,195419.0,,,,,,,,,,,U,,,,,,,
OK,Oklahoma,202010,N,844213.0,714179.0,130034.0,,,,,,,,,,,U,,,,,,,
OR,Oregon,202010,Y,1109661.0,974428.0,135233.0,,,,,,,,,,,U,,,,,,,
PA,Pennsylvania,202010,Y,3242930.0,2947314.0,295616.0,,,,,,,,,,,U,,,,,,,
RI,Rhode Island,202010,Y,318399.0,287948.0,30451.0,,,,,,,,,,,U,,,,,,,
SC,South Carolina,202010,N,1108363.0,1008688.0,99675.0,,,,,,,,,,,U,,,,,,,
SD,South Dakota,202010,N,120430.0,104055.0,16375.0,,,,,,,,,,,U,,,,,,,
TN,Tennessee,202010,N,1552736.0,1422251.0,130485.0,,,,,,,,,,,U,,,,,,,
TX,Texas,202010,N,4700884.0,4136055.0,564829.0,,,,,,,,,,,U,,,,,,,
UT,Utah,202010,Y,376569.0,335655.0,40914.0,,,,,,,,,,,U,,Includes Enrollees in Other Financial Assistance Programs Not Enrolled in Medicaid or CHIP,Includes Enrollees in Other Financial Assistance Programs Not Enrolled in Medicaid or CHIP,,,,
VA,Virginia,202010,Y,1586513.0,1427025.0,159488.0,,,,,,,,,,,U,,,,,,,
VT,Vermont,202010,Y,167994.0,163666.0,4328.0,,,,,,,,,,,U,,,,,,,
WA,Washington,202010,Y,1867149.0,1796593.0,70556.0,,,,,,,,,,,U,,Includes Individuals Enrolled At Any Time in Month (Not a Point-in-Time Count),Includes Individuals Enrolled At Any Time in Month (Not a Point-in-Time Count),,,,
WI,Wisconsin,202010,N,1185943.0,1114022.0,71921.0,,,,,,,,,,,U,,,,,,,
WV,West Virginia,202010,Y,558110.0,521557.0,36553.0,,,,,,,,,,,U,,Includes Individuals Enrolled At Any Time in Month (Not a Point-in-Time Count),Includes Individuals Enrolled At Any Time in Month (Not a Point-in-Time Count),Includes Individuals Enrolled At Any Time in Month (Not a Point-in-Time Count),,,
WY,Wyoming,202010,N,63624.0,59102.0,4522.0,,,,,,,,,,,U,,,,,,,
AK,Alaska,202011,Y,238873.0,225513.0,13360.0,,,,,,,,,,,U,,,,,,,
AL,Alabama,202011,N,990301.0,814952.0,175349.0,,,,,,,,,,,U,,,,,,,
AR,Arkansas,202011,Y,940571.0,844692.0,95879.0,,,,,,,,,,,U,,,,,,,
AZ,Arizona,202011,Y,1942802.0,1825481.0,117321.0,,,,,,,,,,,U,,,,,,,
CA,California,202011,Y,12359049.0,11066366.0,1292683.0,,,,,,,,,,,U,,Includes Limited-Benefit Enrollees,Includes Limited-Benefit Enrollees,Includes Limited-Benefit Enrollees,,,
CO,Colorado,202011,Y,1401909.0,1265795.0,136114.0,,,,,,,,,,,U,,,,,,,
CT,Connecticut,202011,Y,917572.0,898364.0,19208.0,,,,,,,,,,,U,,,,,,,
DC,District of Columbia,202011,Y,259642.0,242264.0,17378.0,,,,,,,,,,,U,,,,,,,
DE,Delaware,202011,Y,254552.0,242043.0,12509.0,,,,,,,,,,,U,,,,,,,
FL,Florida,202011,N,4076951.0,3887091.0,189860.0,,,,,,,,,,,U,,,,,,,
GA,Georgia,202011,N,2067533.0,1826659.0,240874.0,,,,,,,,,,,U,,,,,,,
HI,Hawaii,202011,Y,388484.0,361990.0,26494.0,,,,,,,,,,,U,,,,,,,
IA,Iowa,202011,Y,742012.0,661055.0,80957.0,,,,,,,,,,,U,,,,,,,
ID,Idaho,202011,Y,373786.0,346626.0,27160.0,,,,,,,,,,,U,,,,,,,
IL,Illinois,202011,Y,3274771.0,2968245.0,306526.0,,,,,,,,,,,U,,,,,,,
IN,Indiana,202011,Y,1640693.0,1528630.0,112063.0,,,,,,,,,,,U,,,,,,,
KS,Kansas,202011,N,425646.0,360312.0,65334.0,,,,,,,,,,,U,,,,,,,
KY,Kentucky,202011,Y,1539025.0,1438327.0,100698.0,,,,,,,,,,,U,,,,,,,
LA,Louisiana,202011,Y,1680089.0,1543789.0,136300.0,,,,,,,,,,,U,,,,,,,
MA,Massachusetts,202011,Y,1717653.0,1517241.0,200412.0,,,,,,,,,,,U,,,,,,,
MD,Maryland,202011,Y,1443941.0,1300005.0,143936.0,,,,,,,,,,,U,,,,,,,
ME,Maine,202011,Y,310465.0,296288.0,14177.0,,,,,,,,,,,U,,,,,,,
MI,Michigan,202011,Y,2612876.0,2553325.0,59551.0,,,,,,,,,,,U,,,,,,,
MN,Minnesota,202011,Y,1158186.0,1156909.0,1277.0,,,,,,,,,,,U,,,,,,,
MO,Missouri,202011,N,1009377.0,970135.0,39242.0,,,,,,,,,,,U,,,,,,,
MS,Mississippi,202011,N,648383.0,566180.0,82203.0,,,,,,,,,,,U,,,,,,,
MT,Montana,202011,Y,273896.0,246655.0,27241.0,,,,,,,,,,,U,,,,,,,
NC,North Carolina,202011,N,2031670.0,1737658.0,294012.0,,,,,,,,,,,U,,,,,,,
ND,North Dakota,202011,Y,106012.0,103567.0,2445.0,,,,,,,,,,,U,,,,,,,
NE,Nebraska,202011,Y,295765.0,260684.0,35081.0,,,,,,,,,,,U,,,,,,,
NH,New Hampshire,202011,Y,209795.0,193394.0,16401.0,,,,,,,,,,,U,,,,,,,
NJ,New Jersey,202011,Y,1898732.0,1657219.0,241513.0,,,,,,,,,,,U,,,,,,,
NM,New Mexico,202011,Y,809042.0,768274.0,40768.0,,,,,,,,,,,U,,,,,,,
NV,Nevada,202011,Y,742656.0,703495.0,39161.0,,,,,,,,,,,U,,,,,,,
NY,New York,202011,Y,6608792.0,6000087.0,608705.0,,,,,,,,,,,U,,,,,,,
OH,Ohio,202011,Y,2931222.0,2734755.0,196467.0,,,,,,,,,,,U,,,,,,,
OK,Oklahoma,202011,N,854774.0,722661.0,132113.0,,,,,,,,,,,U,,,,,,,
OR,Oregon,202011,Y,1128356.0,990936.0,137420.0,,,,,,,,,,,U,,,,,,,
PA,Pennsylvania,202011,Y,3270683.0,2975354.0,295329.0,,,,,,,,,,,U,,,,,,,
RI,Rhode Island,202011,Y,321551.0,290584.0,30967.0,,,,,,,,,,,U,,,,,,,
SC,South Carolina,202011,N,1117794.0,1017085.0,100709.0,,,,,,,,,,,U,,,,,,,
SD,South Dakota,202011,N,121622.0,104926.0,16696.0,,,,,,,,,,,U,,,,,,,
TN,Tennessee,202011,N,1564811.0,1432775.0,132036.0,,,,,,,,,,,U,,,,,,,
TX,Texas,202011,N,4759763.0,4183260.0,576503.0,,,,,,,,,,,U,,,,,,,
UT,Utah,202011,Y,383743.0,342490.0,41253.0,,,,,,,,,,,U,,Includes Enrollees in Other Financial Assistance Programs Not Enrolled in Medicaid or CHIP,Includes Enrollees in Other Financial Assistance Programs Not Enrolled in Medicaid or CHIP,,,,
VA,Virginia,202011,Y,1612406.0,1451486.0,160920.0,,,,,,,,,,,U,,,,,,,
VT,Vermont,202011,Y,169773.0,165427.0,4346.0,,,,,,,,,,,U,,,,,,,
WA,Washington,202011,Y,1885921.0,1814591.0,71330.0,,,,,,,,,,,U,,Includes Individuals Enrolled At Any Time in Month (Not a Point-in-Time Count),Includes Individuals Enrolled At Any Time in Month (Not a Point-in-Time Count),,,,
WI,Wisconsin,202011,N,1202957.0,1129574.0,73383.0,,,,,,,,,,,U,,,,,,,
WV,West Virginia,202011,Y,563284.0,526714.0,36570.0,,,,,,,,,,,U,,Includes Individuals Enrolled At Any Time in Month (Not a Point-in-Time Count),Includes Individuals Enrolled At Any Time in Month (Not a Point-in-Time Count),Includes Individuals Enrolled At Any Time in Month (Not a Point-in-Time Count),,,
WY,Wyoming,202011,N,63836.0,59265.0,4571.0,,,,,,,,,,,U,,,,,,,
AK,Alaska,202012,Y,239981.0,226591.0,13390.0,,,,,,,,,,,U,,,,,,,
AL,Alabama,202012,N,997966.0,822240.0,175726.0,,,,,,,,,,,U,,,,,,,
AR,Arkansas,202012,Y,950751.0,855359.0,95392.0,,,,,,,,,,,U,,,,,,,
AZ,Arizona,202012,Y,1963007.0,1843452.0,119555.0,,,,,,,,,,,U,,,,,,,
CA,California,202012,Y,12491149.0,11196553.0,1294596.0,,,,,,,,,,,U,,Includes Limited-Benefit Enrollees,Includes Limited-Benefit Enrollees,Includes Limited-Benefit Enrollees,,,
CO,Colorado,202012,Y,1420016.0,1285757.0,134259.0,,,,,,,,,,,U,,,,,,,
CT,Connecticut,202012,Y,927770.0,908351.0,19419.0,,,,,,,,,,,U,,,,,,,
DC,District of Columbia,202012,Y,262327.0,244923.0,17404.0,,,,,,,,,,,U,,,,,,,
DE,Delaware,202012,Y,258025.0,245397.0,12628.0,,,,,,,,,,,U,,,,,,,
FL,Florida,202012,N,4104699.0,3921731.0,182968.0,,,,,,,,,,,U,,,,,,,
GA,Georgia,202012,N,2093853.0,1845581.0,248272.0,,,,,,,,,,,U,,,,,,,
HI,Hawaii,202012,Y,395172.0,368609.0,26563.0,,,,,,,,,,,U,,,,,,,
IA,Iowa,202012,Y,750018.0,667702.0,82316.0,,,,,,,,,,,U,,,,,,,
ID,Idaho,202012,Y,376688.0,348775.0,27913.0,,,,,,,,,,,U,,,,,,,
IL,Illinois,202012,Y,3317815.0,3008423.0,309392.0,,,,,,,,,,,U,,,,,,,
IN,Indiana,202012,Y,1664654.0,1552932.0,111722.0,,,,,,,,,,,U,,,,,,,
KS,Kansas,202012,N,429274.0,363522.0,65752.0,,,,,,,,,,,U,,,,,,,
KY,Kentucky,202012,Y,1529906.0,1426158.0,103748.0,,,,,,,,,,,U,,,,,,,
LA,Louisiana,202012,Y,1699940.0,1562695.0,137245.0,,,,,,,,,,,U,,,,,,,
MA,Massachusetts,202012,Y,1730716.0,1530047.0,200669.0,,,,,,,,,,,U,,,,,,,
MD,Maryland,202012,Y,1461878.0,1317828.0,144050.0,,,,,,,,,,,U,,,,,,,
ME,Maine,202012,Y,312227.0,298435.0,13792.0,,,,,,,,,,,U,,,,,,,
MI,Michigan,202012,Y,2650886.0,2590312.0,60574.0,,,,,,,,,,,U,,,,,,,
MN,Minnesota,202012,Y,1173856.0,1172518.0,1338.0,,,,,,,,,,,U,,,,,,,
MO,Missouri,202012,N,1022258.0,982395.0,39863.0,,,,,,,,,,,U,,,,,,,
MS,Mississippi,202012,N,655264.0,572875.0,82389.0,,,,,,,,,,,U,,,,,,,
MT,Montana,202012,Y,279013.0,251370.0,27643.0,,,,,,,,,,,U,,,,,,,
NC,North Carolina,202012,N,2054635.0,1758337.0,296298.0,,,,,,,,,,,U,,,,,,,
ND,North Dakota,202012,Y,107199.0,104772.0,2427.0,,,,,,,,,,,U,,,,,,,
NE,Nebraska,202012,Y,304573.0,269226.0,35347.0,,,,,,,,,,,U,,,,,,,
NH,New Hampshire,202012,Y,213815.0,196956.0,16859.0,,,,,,,,,,,U,,,,,,,
NJ,New Jersey,202012,Y,1905205.0,1664394.0,240811.0,,,,,,,,,,,U,,,,,,,
NM,New Mexico,202012,Y,818279.0,776960.0,41319.0,,,,,,,,,,,U,,,,,,,
NV,Nevada,202012,Y,749040.0,708696.0,40344.0,,,,,,,,,,,U,,,,,,,
NY,New York,202012,Y,6686686.0,6079679.0,607007.0,,,,,,,,,,,U,,,,,,,
OH,Ohio,202012,Y,2955796.0,2757654.0,198142.0,,,,,,,,,,,U,,,,,,,
OK,Oklahoma,202012,N,863285.0,732928.0,130357.0,,,,,,,,,,,U,,,,,,,
OR,Oregon,202012,Y,1150385.0,1010314.0,140071.0,,,,,,,,,,,U,,,,,,,
PA,Pennsylvania,202012,Y,3303119.0,3007081.0,296038.0,,,,,,,,,,,U,,,,,,,
RI,Rhode Island,202012,Y,325713.0,294208.0,31505.0,,,,,,,,,,,U,,,,,,,
SC,South Carolina,202012,N,1129165.0,1027029.0,102136.0,,,,,,,,,,,U,,,,,,,
SD,South Dakota,202012,N,122896.0,105950.0,16946.0,,,,,,,,,,,U,,,,,,,
TN,Tennessee,202012,N,1575887.0,1443175.0,132712.0,,,,,,,,,,,U,,,,,,,
TX,Texas,202012,N,4810748.0,4250908.0,559840.0,,,,,,,,,,,U,,,,,,,
UT,Utah,202012,Y,390385.0,348722.0,41663.0,,,,,,,,,,,U,,Includes Enrollees in Other Financial Assistance Programs Not Enrolled in Medicaid or CHIP,Includes Enrollees in Other Financial Assistance Programs Not Enrolled in Medicaid or CHIP,,,,
VA,Virginia,202012,Y,1639534.0,1476921.0,162613.0,,,,,,,,,,,U,,,,,,,
VT,Vermont,202012,Y,172171.0,167774.0,4397.0,,,,,,,,,,,U,,,,,,,
WA,Washington,202012,Y,1908464.0,1835592.0,72872.0,,,,,,,,,,,U,,Includes Individuals Enrolled At Any Time in Month (Not a Point-in-Time Count),Includes Individuals Enrolled At Any Time in Month (Not a Point-in-Time Count),,,,
WI,Wisconsin,202012,N,1219693.0,1144816.0,74877.0,,,,,,,,,,,U,,,,,,,
WV,West Virginia,202012,Y,568332.0,531831.0,36501.0,,,,,,,,,,,U,,Includes Individuals Enrolled At Any Time in Month (Not a Point-in-Time Count),Includes Individuals Enrolled At Any Time in Month (Not a Point-in-Time Count),Includes Individuals Enrolled At Any Time in Month (Not a Point-in-Time Count),,,
WY,Wyoming,202012,N,64559.0,59989.0,4570.0,,,,,,,,,,,U,,,,,,,
AK,Alaska,202101,Y,241410.0,228118.0,13292.0,,,,,,,,,,,U,,,,,,,
AL,Alabama,202101,N,1005375.0,828731.0,176644.0,,,,,,,,,,,U,,,,,,,
AR,Arkansas,202101,Y,956452.0,862271.0,94181.0,,,,,,,,,,,U,,,,,,,
AZ,Arizona,202101,Y,1981809.0,1860386.0,121423.0,,,,,,,,,,,U,,,,,,,
CA,California,202101,Y,12586999.0,11289937.0,1297062.0,,,,,,,,,,,U,,Includes Limited-Benefit Enrollees,Includes Limited-Benefit Enrollees,Includes Limited-Benefit Enrollees,,,
CO,Colorado,202101,Y,1436798.0,1305248.0,131550.0,,,,,,,,,,,U,,,,,,,
CT,Connecticut,202101,Y,937667.0,918751.0,18916.0,,,,,,,,,,,U,,,,,,,
DC,District of Columbia,202101,Y,264086.0,246677.0,17409.0,,,,,,,,,,,U,,,,,,,
DE,Delaware,202101,Y,260236.0,247610.0,12626.0,,,,,,,,,,,U,,,,,,,
FL,Florida,202101,N,4144712.0,3967818.0,176894.0,,,,,,,,,,,U,,,,,,,
GA,Georgia,202101,N,2109497.0,1857748.0,251749.0,,,,,,,,,,,U,,,,,,,
HI,Hawaii,202101,Y,400775.0,374232.0,26543.0,,,,,,,,,,,U,,,,,,,
IA,Iowa,202101,Y,756195.0,674776.0,81419.0,,,,,,,,,,,U,,,,,,,
ID,Idaho,202101,Y,383589.0,354382.0,29207.0,,,,,,,,,,,U,,,,,,,
IL,Illinois,202101,Y,3339928.0,3028486.0,311442.0,,,,,,,,,,,U,,,,,,,
IN,Indiana,202101,Y,1682692.0,1572464.0,110228.0,,,,,,,,,,,U,,,,,,,
KS,Kansas,202101,N,431651.0,365543.0,66108.0,,,,,,,,,,,U,,,,,,,
KY,Kentucky,202101,Y,1563251.0,1457982.0,105269.0,,,,,,,,,,,U,,,,,,,
LA,Louisiana,202101,Y,1713192.0,1574759.0,138433.0,,,,,,,,,,,U,,,,,,,
MA,Massachusetts,202101,Y,1741493.0,1541157.0,200336.0,,,,,,,,,,,U,,,,,,,
MD,Maryland,202101,Y,1473436.0,1330293.0,143143.0,,,,,,,,,,,U,,,,,,,
ME,Maine,202101,Y,313409.0,299582.0,13827.0,,,,,,,,,,,U,,,,,,,
MI,Michigan,202101,Y,2673268.0,2612538.0,60730.0,,,,,,,,,,,U,,,,,,,
MN,Minnesota,202101,Y,1185566.0,1184347.0,1219.0,,,,,,,,,,,U,,,,,,,
MO,Missouri,202101,N,1032349.0,991768.0,40581.0,,,,,,,,,,,U,,,,,,,
MS,Mississippi,202101,N,661711.0,579176.0,82535.0,,,,,,,,,,,U,,,,,,,
MT,Montana,202101,Y,281734.0,253955.0,27779.0,,,,,,,,,,,U,,,,,,,
NC,North Carolina,202101,N,2072578.0,1775402.0,297176.0,,,,,,,,,,,U,,,,,,,
ND,North Dakota,202101,Y,107490.0,105201.0,2289.0,,,,,,,,,,,U,,,,,,,
NE,Nebraska,202101,Y,309171.0,273925.0,35246.0,,,,,,,,,,,U,,,,,,,
NH,New Hampshire,202101,Y,215263.0,198083.0,17180.0,,,,,,,,,,,U,,,,,,,
NJ,New Jersey,202101,Y,1928852.0,1687701.0,241151.0,,,,,,,,,,,U,,,,,,,
NM,New Mexico,202101,Y,823477.0,781812.0,41665.0,,,,,,,,,,,U,,,,,,,
NV,Nevada,202101,Y,761359.0,720910.0,40449.0,,,,,,,,,,,U,,,,,,,
NY,New York,202101,Y,6736808.0,6136524.0,600284.0,,,,,,,,,,,U,,,,,,,
OH,Ohio,202101,Y,2976549.0,2775317.0,201232.0,,,,,,,,,,,U,,,,,,,
OK,Oklahoma,202101,N,866416.0,733898.0,132518.0,,,,,,,,,,,U,,,,,,,
OR,Oregon,202101,Y,1160651.0,1019624.0,141027.0,,,,,,,,,,,U,,,,,,,
PA,Pennsylvania,202101,Y,3329984.0,3034636.0,295348.0,,,,,,,,,,,U,,,,,,,
RI,Rhode Island,202101,Y,328028.0,296087.0,31941.0,,,,,,,,,,,U,,,,,,,
SC,South Carolina,202101,N,1138380.0,1034698.0,103682.0,,,,,,,,,,,U,,,,,,,
SD,South Dakota,202101,N,123964.0,106859.0,17105.0,,,,,,,,,,,U,,,,,,,
TN,Tennessee,202101,N,1522557.0,1391423.0,131134.0,,,,,,,,,,,U,,,,,,,
TX,Texas,202101,N,4841366.0,4296214.0,545152.0,,,,,,,,,,,U,,,,,,,
UT,Utah,202101,Y,396447.0,355034.0,41413.0,,,,,,,,,,,U,,Includes Enrollees in Other Financial Assistance Programs Not Enrolled in Medicaid or CHIP,Includes Enrollees in Other Financial Assistance Programs Not Enrolled in Medicaid or CHIP,,,,
VA,Virginia,202101,Y,1655186.0,1491824.0,163362.0,,,,,,,,,,,U,,,,,,,
VT,Vermont,202101,Y,173615.0,169242.0,4373.0,,,,,,,,,,,U,,,,,,,
WA,Washington,202101,Y,1921268.0,1847935.0,73333.0,,,,,,,,,,,U,,Includes Individuals Enrolled At Any Time in Month (Not a Point-in-Time Count),Includes Individuals Enrolled At Any Time in Month (Not a Point-in-Time Count),,,,
WI,Wisconsin,202101,N,1231882.0,1156306.0,75576.0,,,,,,,,,,,U,,,,,,,
WV,West Virginia,202101,Y,572990.0,536443.0,36547.0,,,,,,,,,,,U,,,,,,,
WY,Wyoming,202101,N,65364.0,60770.0,4594.0,,,,,,,,,,,U,,,,,,,
AK,Alaska,202102,Y,242991.0,229755.0,13236.0,,,,,,,,,,,U,,,,,,,
AL,Alabama,202102,N,1011982.0,834598.0,177384.0,,,,,,,,,,,U,,,,,,,
AR,Arkansas,202102,Y,959831.0,866039.0,93792.0,,,,,,,,,,,U,,,,,,,
AZ,Arizona,202102,Y,1998341.0,1875137.0,123204.0,,,,,,,,,,,U,,,,,,,
CA,California,202102,Y,12643124.0,11346930.0,1296194.0,,,,,,,,,,,U,,Includes Limited-Benefit Enrollees,Includes Limited-Benefit Enrollees,Includes Limited-Benefit Enrollees,,,
CO,Colorado,202102,Y,1447864.0,1316884.0,130980.0,,,,,,,,,,,U,,,,,,,
CT,Connecticut,202102,Y,941576.0,923127.0,18449.0,,,,,,,,,,,U,,,,,,,
DC,District of Columbia,202102,Y,265037.0,247688.0,17349.0,,,,,,,,,,,U,,,,,,,
DE,Delaware,202102,Y,262185.0,249553.0,12632.0,,,,,,,,,,,U,,,,,,,
FL,Florida,202102,N,4169637.0,3997232.0,172405.0,,,,,,,,,,,U,,,,,,,
GA,Georgia,202102,N,2129693.0,1872068.0,257625.0,,,,,,,,,,,U,,,,,,,
HI,Hawaii,202102,Y,405238.0,378792.0,26446.0,,,,,,,,,,,U,,,,,,,
IA,Iowa,202102,Y,762431.0,680893.0,81538.0,,,,,,,,,,,U,,,,,,,
ID,Idaho,202102,Y,386821.0,357508.0,29313.0,,,,,,,,,,,U,,,,,,,
IL,Illinois,202102,Y,3354800.0,3041238.0,313562.0,,,,,,,,,,,U,,,,,,,
IN,Indiana,202102,Y,1699074.0,1589497.0,109577.0,,,,,,,,,,,U,,,,,,,
KS,Kansas,202102,N,435439.0,369027.0,66412.0,,,,,,,,,,,U,,,,,,,
KY,Kentucky,202102,Y,1574029.0,1467834.0,106195.0,,,,,,,,,,,U,,,,,,,
LA,Louisiana,202102,Y,1721338.0,1580445.0,140893.0,,,,,,,,,,,U,,,,,,,
MA,Massachusetts,202102,Y,1749848.0,1549169.0,200679.0,,,,,,,,,,,U,,,,,,,
MD,Maryland,202102,Y,1483465.0,1340581.0,142884.0,,,,,,,,,,,U,,,,,,,
ME,Maine,202102,Y,313887.0,300037.0,13850.0,,,,,,,,,,,U,,,,,,,
MI,Michigan,202102,Y,2691150.0,2629323.0,61827.0,,,,,,,,,,,U,,,,,,,
MN,Minnesota,202102,Y,1194775.0,1193548.0,1227.0,,,,,,,,,,,U,,,,,,,
MO,Missouri,202102,N,1041689.0,999501.0,42188.0,,,,,,,,,,,U,,,,,,,
MS,Mississippi,202102,N,667880.0,585193.0,82687.0,,,,,,,,,,,U,,,,,,,
MT,Montana,202102,Y,283599.0,255744.0,27855.0,,,,,,,,,,,U,,,,,,,
NC,North Carolina,202102,N,2089409.0,1791059.0,298350.0,,,,,,,,,,,U,,,,,,,
ND,North Dakota,202102,Y,108342.0,106090.0,2252.0,,,,,,,,,,,U,,,,,,,
NE,Nebraska,202102,Y,313804.0,278524.0,35280.0,,,,,,,,,,,U,,,,,,,
NH,New Hampshire,202102,Y,217023.0,199668.0,17355.0,,,,,,,,,,,U,,,,,,,
NJ,New Jersey,202102,Y,1947562.0,1705772.0,241790.0,,,,,,,,,,,U,,,,,,,
NM,New Mexico,202102,Y,827596.0,785308.0,42288.0,,,,,,,,,,,U,,,,,,,
NV,Nevada,202102,Y,768740.0,727510.0,41230.0,,,,,,,,,,,U,,,,,,,
NY,New York,202102,Y,6738949.0,6137885.0,601064.0,,,,,,,,,,,U,,,,,,,
OH,Ohio,202102,Y,2994724.0,2790708.0,204016.0,,,,,,,,,,,U,,,,,,,
OK,Oklahoma,202102,N,868589.0,733445.0,135144.0,,,,,,,,,,,U,,,,,,,
OR,Oregon,202102,Y,1172052.0,1029161.0,142891.0,,,,,,,,,,,U,,,,,,,
PA,Pennsylvania,202102,Y,3345840.0,3051646.0,294194.0,,,,,,,,,,,U,,,,,,,
RI,Rhode Island,202102,Y,329764.0,297493.0,32271.0,,,,,,,,,,,U,,,,,,,
SC,South Carolina,202102,N,1145600.0,1041579.0,104021.0,,,,,,,,,,,U,,,,,,,
SD,South Dakota,202102,N,124741.0,107658.0,17083.0,,,,,,,,,,,U,,,,,,,
TN,Tennessee,202102,N,1541352.0,1409127.0,132225.0,,,,,,,,,,,U,,,,,,,
TX,Texas,202102,N,4877125.0,4344305.0,532820.0,,,,,,,,,,,U,,,,,,,
UT,Utah,202102,Y,401925.0,360021.0,41904.0,,,,,,,,,,,U,,Includes Enrollees in Other Financial Assistance Programs Not Enrolled in Medicaid or CHIP,Includes Enrollees in Other Financial Assistance Programs Not Enrolled in Medicaid or CHIP,,,,
VA,Virginia,202102,Y,1671664.0,1507441.0,164223.0,,,,,,,,,,,U,,,,,,,
VT,Vermont,202102,Y,174552.0,170205.0,4347.0,,,,,,,,,,,U,,,,,,,
WA,Washington,202102,Y,1931413.0,1857637.0,73776.0,,,,,,,,,,,U,,Includes Individuals Enrolled At Any Time in Month (Not a Point-in-Time Count),Includes Individuals Enrolled At Any Time in Month (Not a Point-in-Time Count),,,,
WI,Wisconsin,202102,N,1242573.0,1166382.0,76191.0,,,,,,,,,,,U,,,,,,,
WV,West Virginia,202102,Y,577290.0,540753.0,36537.0,,,,,,,,,,,U,,Includes Individuals Enrolled At Any Time in Month (Not a Point-in-Time Count),Includes Individuals Enrolled At Any Time in Month (Not a Point-in-Time Count),Includes Individuals Enrolled At Any Time in Month (Not a Point-in-Time Count),,,
WY,Wyoming,202102,N,66510.0,61839.0,4671.0,,,,,,,,,,,U,,,,,,,
AK,Alaska,202103,Y,244860.0,231747.0,13113.0,,,,,,,,,,,U,,,,,,,
AL,Alabama,202103,N,1019279.0,840769.0,178510.0,,,,,,,,,,,U,,,,,,,
AR,Arkansas,202103,Y,965133.0,873086.0,92047.0,,,,,,,,,,,U,,,,,,,
AZ,Arizona,202103,Y,2011270.0,1886377.0,124893.0,,,,,,,,,,,U,,,,,,,
CA,California,202103,Y,12724578.0,11428449.0,1296129.0,,,,,,,,,,,U,,Includes Limited-Benefit Enrollees,Includes Limited-Benefit Enrollees,Includes Limited-Benefit Enrollees,,,
CO,Colorado,202103,Y,1460271.0,1329255.0,131016.0,,,,,,,,,,,U,,,,,,,
CT,Connecticut,202103,Y,948002.0,929761.0,18241.0,,,,,,,,,,,U,,,,,,,
DC,District of Columbia,202103,Y,266374.0,249051.0,17323.0,,,,,,,,,,,U,,,,,,,
DE,Delaware,202103,Y,264446.0,251792.0,12654.0,,,,,,,,,,,U,,,,,,,
FL,Florida,202103,N,4213933.0,4046841.0,167092.0,,,,,,,,,,,U,,,,,,,
GA,Georgia,202103,N,2146602.0,1887223.0,259379.0,,,,,,,,,,,U,,,,,,,
HI,Hawaii,202103,Y,411719.0,385268.0,26451.0,,,,,,,,,,,U,,,,,,,
IA,Iowa,202103,Y,767918.0,686127.0,81791.0,,,,,,,,,,,U,,,,,,,
ID,Idaho,202103,Y,391548.0,361626.0,29922.0,,,,,,,,,,,U,,,,,,,
IL,Illinois,202103,Y,3373256.0,3056711.0,316545.0,,,,,,,,,,,U,,,,,,,
IN,Indiana,202103,Y,1717578.0,1608967.0,108611.0,,,,,,,,,,,U,,,,,,,
KS,Kansas,202103,N,439548.0,372983.0,66565.0,,,,,,,,,,,U,,,,,,,
KY,Kentucky,202103,Y,1585296.0,1480368.0,104928.0,,,,,,,,,,,U,,,,,,,
LA,Louisiana,202103,Y,1733974.0,1590812.0,143162.0,,,,,,,,,,,U,,,,,,,
MA,Massachusetts,202103,Y,1760025.0,1559609.0,200416.0,,,,,,,,,,,U,,,,,,,
MD,Maryland,202103,Y,1495285.0,1352569.0,142716.0,,,,,,,,,,,U,,,,,,,
ME,Maine,202103,Y,316755.0,302801.0,13954.0,,,,,,,,,,,U,,,,,,,
MI,Michigan,202103,Y,2712050.0,2648881.0,63169.0,,,,,,,,,,,U,,,,,,,
MN,Minnesota,202103,Y,1204033.0,1202754.0,1279.0,,,,,,,,,,,U,,,,,,,
MO,Missouri,202103,N,1053270.0,1012404.0,40866.0,,,,,,,,,,,U,,,,,,,
MS,Mississippi,202103,N,674139.0,591488.0,82651.0,,,,,,,,,,,U,,,,,,,
MT,Montana,202103,Y,285872.0,257889.0,27983.0,,,,,,,,,,,U,,,,,,,
NC,North Carolina,202103,N,2104622.0,1805029.0,299593.0,,,,,,,,,,,U,,,,,,,
ND,North Dakota,202103,Y,110449.0,108118.0,2331.0,,,,,,,,,,,U,,,,,,,
NE,Nebraska,202103,Y,318626.0,283368.0,35258.0,,,,,,,,,,,U,,,,,,,
NH,New Hampshire,202103,Y,218999.0,201358.0,17641.0,,,,,,,,,,,U,,,,,,,
NJ,New Jersey,202103,Y,1957939.0,1716964.0,240975.0,,,,,,,,,,,U,,,,,,,
NM,New Mexico,202103,Y,832099.0,789297.0,42802.0,,,,,,,,,,,U,,,,,,,
NV,Nevada,202103,Y,777004.0,735021.0,41983.0,,,,,,,,,,,U,,,,,,,
NY,New York,202103,Y,6802922.0,6204878.0,598044.0,,,,,,,,,,,U,,,,,,,
OH,Ohio,202103,Y,3018588.0,2810994.0,207594.0,,,,,,,,,,,U,,,,,,,
OK,Oklahoma,202103,N,875775.0,739249.0,136526.0,,,,,,,,,,,U,,,,,,,
OR,Oregon,202103,Y,1182896.0,1036775.0,146121.0,,,,,,,,,,,U,,,,,,,
PA,Pennsylvania,202103,Y,3365904.0,3071774.0,294130.0,,,,,,,,,,,U,,,,,,,
RI,Rhode Island,202103,Y,331508.0,298941.0,32567.0,,,,,,,,,,,U,,,,,,,
SC,South Carolina,202103,N,1153769.0,1049439.0,104330.0,,,,,,,,,,,U,,,,,,,
SD,South Dakota,202103,N,125945.0,108813.0,17132.0,,,,,,,,,,,U,,,,,,,
TN,Tennessee,202103,N,1553757.0,1421125.0,132632.0,,,,,,,,,,,U,,,,,,,
TX,Texas,202103,N,4920949.0,4369269.0,551680.0,,,,,,,,,,,U,,,,,,,
UT,Utah,202103,Y,407905.0,366107.0,41798.0,,,,,,,,,,,U,,Includes Enrollees in Other Financial Assistance Programs Not Enrolled in Medicaid or CHIP,Includes Enrollees in Other Financial Assistance Programs Not Enrolled in Medicaid or CHIP,,,,
VA,Virginia,202103,Y,1687269.0,1522423.0,164846.0,,,,,,,,,,,U,,,,,,,
VT,Vermont,202103,Y,175606.0,171269.0,4337.0,,,,,,,,,,,U,,,,,,,
WA,Washington,202103,Y,1944783.0,1870140.0,74643.0,,,,,,,,,,,U,,Includes Individuals Enrolled At Any Time in Month (Not a Point-in-Time Count),Includes Individuals Enrolled At Any Time in Month (Not a Point-in-Time Count),,,,
WI,Wisconsin,202103,N,1253303.0,1177893.0,75410.0,,,,,,,,,,,U,,,,,,,
WV,West Virginia,202103,Y,582126.0,545657.0,36469.0,,,,,,,,,,,U,,Includes Individuals Enrolled At Any Time in Month (Not a Point-in-Time Count),Includes Individuals Enrolled At Any Time in Month (Not a Point-in-Time Count),Includes Individuals Enrolled At Any Time in Month (Not a Point-in-Time Count),,,
WY,Wyoming,202103,N,67377.0,62659.0,4718.0,,,,,,,,,,,U,,,,,,,
AK,Alaska,202104,Y,247180.0,234147.0,13033.0,,,,,,,,,,,U,,,,,,,
AL,Alabama,202104,N,1027465.0,847477.0,179988.0,,,,,,,,,,,U,,,,,,,
AR,Arkansas,202104,Y,968361.0,879489.0,88872.0,,,,,,,,,,,U,,,,,,,
AZ,Arizona,202104,Y,2027065.0,1900330.0,126735.0,,,,,,,,,,,U,,,,,,,
CA,California,202104,Y,12790804.0,11493507.0,1297297.0,,,,,,,,,,,U,,Includes Limited-Benefit Enrollees,Includes Limited-Benefit Enrollees,Includes Limited-Benefit Enrollees,,,
CO,Colorado,202104,Y,1471990.0,1342873.0,129117.0,,,,,,,,,,,U,,,,,,,
CT,Connecticut,202104,Y,949551.0,931558.0,17993.0,,,,,,,,,,,U,,,,,,,
DC,District of Columbia,202104,Y,267598.0,250316.0,17282.0,,,,,,,,,,,U,,,,,,,
DE,Delaware,202104,Y,265098.0,253712.0,11386.0,,,,,,,,,,,U,,,,,,,
FL,Florida,202104,N,4249167.0,4084741.0,164426.0,,,,,,,,,,,U,,,,,,,
GA,Georgia,202104,N,2160406.0,1895803.0,264603.0,,,,,,,,,,,U,,,,,,,
HI,Hawaii,202104,Y,415647.0,389273.0,26374.0,,,,,,,,,,,U,,,,,,,
IA,Iowa,202104,Y,773608.0,691529.0,82079.0,,,,,,,,,,,U,,,,,,,
ID,Idaho,202104,Y,395586.0,364507.0,31079.0,,,,,,,,,,,U,,,,,,,
IL,Illinois,202104,Y,3395134.0,3075237.0,319897.0,,,,,,,,,,,U,,,,,,,
IN,Indiana,202104,Y,1736413.0,1629044.0,107369.0,,,,,,,,,,,U,,,,,,,
KS,Kansas,202104,N,441628.0,374943.0,66685.0,,,,,,,,,,,U,,,,,,,
KY,Kentucky,202104,Y,1578724.0,1472686.0,106038.0,,,,,,,,,,,U,,,,,,,
LA,Louisiana,202104,Y,1733503.0,1587537.0,145966.0,,,,,,,,,,,U,,,,,,,
MA,Massachusetts,202104,Y,1769618.0,1568215.0,201403.0,,,,,,,,,,,U,,,,,,,
MD,Maryland,202104,Y,1505113.0,1362006.0,143107.0,,,,,,,,,,,U,,,,,,,
ME,Maine,202104,Y,319318.0,305229.0,14089.0,,,,,,,,,,,U,,,,,,,
MI,Michigan,202104,Y,2728077.0,2663214.0,64863.0,,,,,,,,,,,U,,,,,,,
MN,Minnesota,202104,Y,1212987.0,1211694.0,1293.0,,,,,,,,,,,U,,,,,,,
MO,Missouri,202104,N,1064572.0,1023831.0,40741.0,,,,,,,,,,,U,,,,,,,
MS,Mississippi,202104,N,679322.0,596680.0,82642.0,,,,,,,,,,,U,,,,,,,
MT,Montana,202104,Y,287662.0,259630.0,28032.0,,,,,,,,,,,U,,,,,,,
NC,North Carolina,202104,N,2118526.0,1817207.0,301319.0,,,,,,,,,,,U,,,,,,,
ND,North Dakota,202104,Y,111087.0,108750.0,2337.0,,,,,,,,,,,U,,,,,,,
NE,Nebraska,202104,Y,323210.0,287836.0,35374.0,,,,,,,,,,,U,,,,,,,
NH,New Hampshire,202104,Y,220682.0,202563.0,18119.0,,,,,,,,,,,U,,,,,,,
NJ,New Jersey,202104,Y,1972968.0,1731455.0,241513.0,,,,,,,,,,,U,,,,,,,
NM,New Mexico,202104,Y,835888.0,792677.0,43211.0,,,,,,,,,,,U,,,,,,,
NV,Nevada,202104,Y,786142.0,743580.0,42562.0,,,,,,,,,,,U,,,,,,,
NY,New York,202104,Y,6834330.0,6239009.0,595321.0,,,,,,,,,,,U,,,,,,,
OH,Ohio,202104,Y,3034790.0,2823559.0,211231.0,,,,,,,,,,,U,,,,,,,
OK,Oklahoma,202104,N,883341.0,747210.0,136131.0,,,,,,,,,,,U,,,,,,,
OR,Oregon,202104,Y,1192969.0,1041756.0,151213.0,,,,,,,,,,,U,,,,,,,
PA,Pennsylvania,202104,Y,3383454.0,3091655.0,291799.0,,,,,,,,,,,U,,,,,,,
RI,Rhode Island,202104,Y,333565.0,300650.0,32915.0,,,,,,,,,,,U,,,,,,,
SC,South Carolina,202104,N,1161382.0,1056563.0,104819.0,,,,,,,,,,,U,,,,,,,
SD,South Dakota,202104,N,126943.0,109694.0,17249.0,,,,,,,,,,,U,,,,,,,
TN,Tennessee,202104,N,1567166.0,1435232.0,131934.0,,,,,,,,,,,U,,,,,,,
TX,Texas,202104,N,4973444.0,4425783.0,547661.0,,,,,,,,,,,U,,,,,,,
UT,Utah,202104,Y,412985.0,371263.0,41722.0,,,,,,,,,,,U,,Includes Enrollees in Other Financial Assistance Programs Not Enrolled in Medicaid or CHIP,Includes Enrollees in Other Financial Assistance Programs Not Enrolled in Medicaid or CHIP,,,,
VA,Virginia,202104,Y,1702672.0,1536993.0,165679.0,,,,,,,,,,,U,,,,,,,
VT,Vermont,202104,Y,176736.0,172373.0,4363.0,,,,,,,,,,,U,,,,,,,
WA,Washington,202104,Y,1956739.0,1883727.0,73012.0,,,,,,,,,,,U,,Includes Individuals Enrolled At Any Time in Month (Not a Point-in-Time Count),Includes Individuals Enrolled At Any Time in Month (Not a Point-in-Time Count),,,,
WI,Wisconsin,202104,N,1263979.0,1188076.0,75903.0,,,,,,,,,,,U,,,,,,,
WV,West Virginia,202104,Y,585784.0,550172.0,35612.0,,,,,,,,,,,U,,Includes Individuals Enrolled At Any Time in Month (Not a Point-in-Time Count),Includes Individuals Enrolled At Any Time in Month (Not a Point-in-Time Count),Includes Individuals Enrolled At Any Time in Month (Not a Point-in-Time Count),,,
WY,Wyoming,202104,N,68173.0,63440.0,4733.0,,,,,,,,,,,U,,,,,,,
AK,Alaska,202105,Y,248739.0,235858.0,12881.0,,,,,,,,,,,U,,,,,,,
AL,Alabama,202105,N,1034461.0,852968.0,181493.0,,,,,,,,,,,U,,,,,,,
AR,Arkansas,202105,Y,971884.0,883604.0,88280.0,,,,,,,,,,,U,,,,,,,
AZ,Arizona,202105,Y,2044604.0,1916492.0,128112.0,,,,,,,,,,,U,,,,,,,
CA,California,202105,Y,12850229.0,11552568.0,1297661.0,,,,,,,,,,,U,,Includes Limited-Benefit Enrollees,Includes Limited-Benefit Enrollees,Includes Limited-Benefit Enrollees,,,
CO,Colorado,202105,Y,1482472.0,1354312.0,128160.0,,,,,,,,,,,U,,,,,,,
CT,Connecticut,202105,Y,951563.0,933715.0,17848.0,,,,,,,,,,,U,,,,,,,
DC,District of Columbia,202105,Y,268308.0,251060.0,17248.0,,,,,,,,,,,U,,,,,,,
DE,Delaware,202105,Y,267045.0,255645.0,11400.0,,,,,,,,,,,U,,,,,,,
FL,Florida,202105,N,4281662.0,4122539.0,159123.0,,,,,,,,,,,U,,,,,,,
GA,Georgia,202105,N,2177156.0,1909998.0,267158.0,,,,,,,,,,,U,,,,,,,
HI,Hawaii,202105,Y,418088.0,392372.0,25716.0,,,,,,,,,,,U,,,,,,,
IA,Iowa,202105,Y,778247.0,696531.0,81716.0,,,,,,,,,,,U,,,,,,,
ID,Idaho,202105,Y,396646.0,365359.0,31287.0,,,,,,,,,,,U,,,,,,,
IL,Illinois,202105,Y,3398838.0,3077986.0,320852.0,,,,,,,,,,,U,,,,,,,
IN,Indiana,202105,Y,1753752.0,1646917.0,106835.0,,,,,,,,,,,U,,,,,,,
KS,Kansas,202105,N,443921.0,377229.0,66692.0,,,,,,,,,,,U,,,,,,,
KY,Kentucky,202105,Y,1587501.0,1479827.0,107674.0,,,,,,,,,,,U,,,,,,,
LA,Louisiana,202105,Y,1740969.0,1593923.0,147046.0,,,,,,,,,,,U,,,,,,,
MA,Massachusetts,202105,Y,1773779.0,1573306.0,200473.0,,,,,,,,,,,U,,,,,,,
MD,Maryland,202105,Y,1514069.0,1369435.0,144634.0,,,,,,,,,,,U,,,,,,,
ME,Maine,202105,Y,321500.0,307353.0,14147.0,,,,,,,,,,,U,,,,,,,
MI,Michigan,202105,Y,2743108.0,2674875.0,68233.0,,,,,,,,,,,U,,Does Not Include All Full-Benefit Medicaid enrollees,Does Not Include All Full-Benefit Medicaid enrollees,,,,
MN,Minnesota,202105,Y,1220864.0,1219565.0,1299.0,,,,,,,,,,,U,,,,,,,
MO,Missouri,202105,N,1074189.0,1033177.0,41012.0,,,,,,,,,,,U,,,,,,,
MS,Mississippi,202105,N,684203.0,601520.0,82683.0,,,,,,,,,,,U,,,,,,,
MT,Montana,202105,Y,289800.0,261658.0,28142.0,,,,,,,,,,,U,,,,,,,
NC,North Carolina,202105,N,2132099.0,1830057.0,302042.0,,,,,,,,,,,U,,,,,,,
ND,North Dakota,202105,Y,111357.0,109013.0,2344.0,,,,,,,,,,,U,,,,,,,
NE,Nebraska,202105,Y,327422.0,291814.0,35608.0,,,,,,,,,,,U,,,,,,,
NH,New Hampshire,202105,Y,222041.0,203521.0,18520.0,,,,,,,,,,,U,,,,,,,
NJ,New Jersey,202105,Y,1985965.0,1743938.0,242027.0,,,,,,,,,,,U,,,,,,,
NM,New Mexico,202105,Y,838590.0,794881.0,43709.0,,,,,,,,,,,U,,,,,,,
NV,Nevada,202105,Y,790368.0,747208.0,43160.0,,,,,,,,,,,U,,,,,,,
NY,New York,202105,Y,6838689.0,6246461.0,592228.0,,,,,,,,,,,U,,,,,,,
OH,Ohio,202105,Y,3051328.0,2835813.0,215515.0,,,,,,,,,,,U,,,,,,,
OK,Oklahoma,202105,N,887980.0,753336.0,134644.0,,,,,,,,,,,U,,,,,,,
OR,Oregon,202105,Y,1201710.0,1048744.0,152966.0,,,,,,,,,,,U,,,,,,,
PA,Pennsylvania,202105,Y,3393651.0,3107906.0,285745.0,,,,,,,,,,,U,,,,,,,
RI,Rhode Island,202105,Y,334758.0,301539.0,33219.0,,,,,,,,,,,U,,,,,,,
SC,South Carolina,202105,N,1168642.0,1063509.0,105133.0,,,,,,,,,,,U,,Includes Retroactive Enrollments,Includes Retroactive Enrollments,Includes Retroactive Enrollments,,,
SD,South Dakota,202105,N,127829.0,110437.0,17392.0,,,,,,,,,,,U,,,,,,,
TN,Tennessee,202105,N,1578085.0,1445840.0,132245.0,,,,,,,,,,,U,,,,,,,
TX,Texas,202105,N,5013565.0,4451234.0,562331.0,,,,,,,,,,,U,,,,,,,
UT,Utah,202105,Y,416783.0,375024.0,41759.0,,,,,,,,,,,U,,Includes Enrollees in Other Financial Assistance Programs Not Enrolled in Medicaid or CHIP,Includes Enrollees in Other Financial Assistance Programs Not Enrolled in Medicaid or CHIP,,,,
VA,Virginia,202105,Y,1715818.0,1549485.0,166333.0,,,,,,,,,,,U,,,,,,,
VT,Vermont,202105,Y,177846.0,173526.0,4320.0,,,,,,,,,,,U,,,,,,,
WA,Washington,202105,Y,1968676.0,1894837.0,73839.0,,,,,,,,,,,U,,Includes Individuals Enrolled At Any Time in Month (Not a Point-in-Time Count),Includes Individuals Enrolled At Any Time in Month (Not a Point-in-Time Count),,,,
WI,Wisconsin,202105,N,1275491.0,1197096.0,78395.0,,,,,,,,,,,U,,,,,,,
WV,West Virginia,202105,Y,589031.0,553466.0,35565.0,,,,,,,,,,,U,,Includes Individuals Enrolled At Any Time in Month (Not a Point-in-Time Count),Includes Individuals Enrolled At Any Time in Month (Not a Point-in-Time Count),Includes Individuals Enrolled At Any Time in Month (Not a Point-in-Time Count),,,
WY,Wyoming,202105,N,68855.0,64110.0,4745.0,,,,,,,,,,,U,,,,,,,
AK,Alaska,202106,Y,250285.0,237500.0,12785.0,,,,,,,,,,,U,,,,,,,
AL,Alabama,202106,N,1043035.0,860236.0,182799.0,,,,,,,,,,,U,,,,,,,
AR,Arkansas,202106,Y,977975.0,890279.0,87696.0,,,,,,,,,,,U,,,,,,,
AZ,Arizona,202106,Y,2059556.0,1929445.0,130111.0,,,,,,,,,,,U,,,,,,,
CA,California,202106,Y,12913441.0,11614770.0,1298671.0,,,,,,,,,,,U,,Includes Limited-Benefit Enrollees,Includes Limited-Benefit Enrollees,Includes Limited-Benefit Enrollees,,,
CO,Colorado,202106,Y,1493164.0,1365685.0,127479.0,,,,,,,,,,,U,,,,,,,
CT,Connecticut,202106,Y,961399.0,943740.0,17659.0,,,,,,,,,,,U,,,,,,,
DC,District of Columbia,202106,Y,269591.0,252371.0,17220.0,,,,,,,,,,,U,,,,,,,
DE,Delaware,202106,Y,268963.0,257584.0,11379.0,,,,,,,,,,,U,,,,,,,
FL,Florida,202106,N,4316655.0,4162462.0,154193.0,,,,,,,,,,,U,,,,,,,
GA,Georgia,202106,N,2194346.0,1924414.0,269932.0,,,,,,,,,,,U,,,,,,,
HI,Hawaii,202106,Y,420829.0,395016.0,25813.0,,,,,,,,,,,U,,,,,,,
IA,Iowa,202106,Y,781468.0,701516.0,79952.0,,,,,,,,,,,U,,,,,,,
ID,Idaho,202106,Y,395822.0,364391.0,31431.0,,,,,,,,,,,U,,,,,,,
IL,Illinois,202106,Y,3417591.0,3095163.0,322428.0,,,,,,,,,,,U,,,,,,,
IN,Indiana,202106,Y,1769583.0,1663252.0,106331.0,,,,,,,,,,,U,,,,,,,
KS,Kansas,202106,N,447856.0,381020.0,66836.0,,,,,,,,,,,U,,,,,,,
KY,Kentucky,202106,Y,1596112.0,1486620.0,109492.0,,,,,,,,,,,U,,,,,,,
LA,Louisiana,202106,Y,1748860.0,1599551.0,149309.0,,,,,,,,,,,U,,,,,,,
MA,Massachusetts,202106,Y,1789843.0,1587932.0,201911.0,,,,,,,,,,,U,,,,,,,
MD,Maryland,202106,Y,1523891.0,1377552.0,146339.0,,,,,,,,,,,U,,,,,,,
ME,Maine,202106,Y,323687.0,309434.0,14253.0,,,,,,,,,,,U,,,,,,,
MI,Michigan,202106,Y,2760007.0,2684273.0,75734.0,,,,,,,,,,,U,,,,,,,
MN,Minnesota,202106,Y,1229027.0,1227581.0,1446.0,,,,,,,,,,,U,,,,,,,
MO,Missouri,202106,N,1083907.0,1042532.0,41375.0,,,,,,,,,,,U,,,,,,,
MS,Mississippi,202106,N,688656.0,606086.0,82570.0,,,,,,,,,,,U,,,,,,,
MT,Montana,202106,Y,291344.0,263213.0,28131.0,,,,,,,,,,,U,,,,,,,
NC,North Carolina,202106,N,2147696.0,1845022.0,302674.0,,,,,,,,,,,U,,,,,,,
ND,North Dakota,202106,Y,114242.0,111752.0,2490.0,,,,,,,,,,,U,,,,,,,
NE,Nebraska,202106,Y,331028.0,294945.0,36083.0,,,,,,,,,,,U,,,,,,,
NH,New Hampshire,202106,Y,223380.0,204564.0,18816.0,,,,,,,,,,,U,,,,,,,
NJ,New Jersey,202106,Y,1994023.0,1752139.0,241884.0,,,,,,,,,,,U,,,,,,,
NM,New Mexico,202106,Y,842999.0,798605.0,44394.0,,,,,,,,,,,U,,,,,,,
NV,Nevada,202106,Y,794724.0,750837.0,43887.0,,,,,,,,,,,U,,,,,,,
NY,New York,202106,Y,6874527.0,6284132.0,590395.0,,,,,,,,,,,U,,,,,,,
OH,Ohio,202106,Y,3068766.0,2850102.0,218664.0,,,,,,,,,,,U,,,,,,,
OK,Oklahoma,202106,N,896820.0,761262.0,135558.0,,,,,,,,,,,U,,,,,,,
OR,Oregon,202106,Y,1210010.0,1054752.0,155258.0,,,,,,,,,,,U,,,,,,,
PA,Pennsylvania,202106,Y,3405675.0,3125365.0,280310.0,,,,,,,,,,,U,,,,,,,
RI,Rhode Island,202106,Y,336631.0,302999.0,33632.0,,,,,,,,,,,U,,,,,,,
SC,South Carolina,202106,N,1176742.0,1071049.0,105693.0,,,,,,,,,,,U,,Includes Retroactive Enrollments,Includes Retroactive Enrollments,Includes Retroactive Enrollments,,,
SD,South Dakota,202106,N,128919.0,111325.0,17594.0,,,,,,,,,,,U,,,,,,,
TN,Tennessee,202106,N,1590173.0,1455649.0,134524.0,,,,,,,,,,,U,,,,,,,
TX,Texas,202106,N,5058201.0,4490804.0,567397.0,,,,,,,,,,,U,,,,,,,
UT,Utah,202106,Y,415770.0,378841.0,36929.0,,,,,,,,,,,U,,Includes Enrollees in Other Financial Assistance Programs Not Enrolled in Medicaid or CHIP,Includes Enrollees in Other Financial Assistance Programs Not Enrolled in Medicaid or CHIP,,,,
VA,Virginia,202106,Y,1732099.0,1565046.0,167053.0,,,,,,,,,,,U,,,,,,,
VT,Vermont,202106,Y,179141.0,174719.0,4422.0,,,,,,,,,,,U,,,,,,,
WA,Washington,202106,Y,1978758.0,1901693.0,77065.0,,,,,,,,,,,U,,,,,,,
WI,Wisconsin,202106,N,1283313.0,1206130.0,77183.0,,,,,,,,,,,U,,,,,,,
WV,West Virginia,202106,Y,592528.0,556983.0,35545.0,,,,,,,,,,,U,,Includes Individuals Enrolled At Any Time in Month (Not a Point-in-Time Count),Includes Individuals Enrolled At Any Time in Month (Not a Point-in-Time Count),Includes Individuals Enrolled At Any Time in Month (Not a Point-in-Time Count),,,
WY,Wyoming,202106,N,69413.0,64655.0,4758.0,,,,,,,,,,,U,,,,,,,
AK,Alaska,202107,Y,251024.0,238365.0,12659.0,,,,,,,,,,,U,,,,,,,
AL,Alabama,202107,N,1050694.0,866627.0,184067.0,,,,,,,,,,,U,,,,,,,
AR,Arkansas,202107,Y,985204.0,898269.0,86935.0,,,,,,,,,,,U,,,,,,,
AZ,Arizona,202107,Y,2072102.0,1940386.0,131716.0,,,,,,,,,,,U,,,,,,,
CA,California,202107,Y,12983442.0,11682804.0,1300638.0,,,,,,,,,,,U,,Includes Limited-Benefit Enrollees,Includes Limited-Benefit Enrollees,Includes Limited-Benefit Enrollees,,,
CO,Colorado,202107,Y,1503228.0,1376487.0,126741.0,,,,,,,,,,,U,,,,,,,
CT,Connecticut,202107,Y,960844.0,943205.0,17639.0,,,,,,,,,,,U,,,,,,,
DC,District of Columbia,202107,Y,270938.0,253740.0,17198.0,,,,,,,,,,,U,,,,,,,
DE,Delaware,202107,Y,271159.0,259796.0,11363.0,,,,,,,,,,,U,,,,,,,
FL,Florida,202107,N,4350511.0,4199842.0,150669.0,,,,,,,,,,,U,,,,,,,
GA,Georgia,202107,N,2214237.0,1941394.0,272843.0,,,,,,,,,,,U,,,,,,,
HI,Hawaii,202107,Y,424531.0,398711.0,25820.0,,,,,,,,,,,U,,,,,,,
IA,Iowa,202107,Y,786223.0,706396.0,79827.0,,,,,,,,,,,U,,,,,,,
ID,Idaho,202107,Y,399433.0,367331.0,32102.0,,,,,,,,,,,U,,,,,,,
IL,Illinois,202107,Y,3440508.0,3116063.0,324445.0,,,,,,,,,,,U,,,,,,,
IN,Indiana,202107,Y,1786580.0,1680797.0,105783.0,,,,,,,,,,,U,,,,,,,
KS,Kansas,202107,N,450537.0,383534.0,67003.0,,,,,,,,,,,U,,,,,,,
KY,Kentucky,202107,Y,1489474.0,1378485.0,110989.0,,,,,,,,,,,U,,,,,,,
LA,Louisiana,202107,Y,1766777.0,1615991.0,150786.0,,,,,,,,,,,U,,,,,,,
MA,Massachusetts,202107,Y,1797825.0,1594906.0,202919.0,,,,,,,,,,,U,,,,,,,
MD,Maryland,202107,Y,1534076.0,1385978.0,148098.0,,,,,,,,,,,U,,,,,,,
ME,Maine,202107,Y,325876.0,311569.0,14307.0,,,,,,,,,,,U,,,,,,,
MI,Michigan,202107,Y,2777203.0,2692656.0,84547.0,,,,,,,,,,,U,,,,,,,
MN,Minnesota,202107,Y,1239326.0,1237935.0,1391.0,,,,,,,,,,,U,,,,,,,
MO,Missouri,202107,Y,1093102.0,1051471.0,41631.0,,,,,,,,,,,U,,,,,,,
MS,Mississippi,202107,N,693700.0,612335.0,81365.0,,,,,,,,,,,U,,,,,,,
MT,Montana,202107,Y,291578.0,263429.0,28149.0,,,,,,,,,,,U,,,,,,,
NC,North Carolina,202107,N,2163631.0,1861008.0,302623.0,,,,,,,,,,,U,,,,,,,
ND,North Dakota,202107,Y,113589.0,111037.0,2552.0,,,,,,,,,,,U,,,,,,,
NE,Nebraska,202107,Y,335065.0,298388.0,36677.0,,,,,,,,,,,U,,,,,,,
NH,New Hampshire,202107,Y,225025.0,205958.0,19067.0,,,,,,,,,,,U,,,,,,,
NJ,New Jersey,202107,Y,2007346.0,1765492.0,241854.0,,,,,,,,,,,U,,,,,,,
NM,New Mexico,202107,Y,847066.0,802281.0,44785.0,,,,,,,,,,,U,,,,,,,
NV,Nevada,202107,Y,800436.0,756216.0,44220.0,,,,,,,,,,,U,,,,,,,
NY,New York,202107,Y,6910492.0,6321894.0,588598.0,,,,,,,,,,,U,,,,,,,
OH,Ohio,202107,Y,3086656.0,2874387.0,212269.0,,,,,,,,,,,U,,Includes Individuals Enrolled At Any Time in Month (Not a Point-in-Time Count),Includes Individuals Enrolled At Any Time in Month (Not a Point-in-Time Count),Includes Individuals Enrolled At Any Time in Month (Not a Point-in-Time Count),,,
OK,Oklahoma,202107,Y,1020015.0,885521.0,134494.0,,,,,,,,,,,U,,,,,,,
OR,Oregon,202107,Y,1219271.0,1061698.0,157573.0,,,,,,,,,,,U,,,,,,,
PA,Pennsylvania,202107,Y,3422966.0,3145878.0,277088.0,,,,,,,,,,,U,,,,,,,
RI,Rhode Island,202107,Y,338291.0,304385.0,33906.0,,,,,,,,,,,U,,,,,,,
SC,South Carolina,202107,N,1185531.0,1079414.0,106117.0,,,,,,,,,,,U,,Includes Retroactive Enrollments,Includes Retroactive Enrollments,Includes Retroactive Enrollments,,,
SD,South Dakota,202107,N,129870.0,112267.0,17603.0,,,,,,,,,,,U,,,,,,,
TN,Tennessee,202107,N,1600939.0,1464424.0,136515.0,,,,,,,,,,,U,,,,,,,
TX,Texas,202107,N,5077158.0,4520234.0,556924.0,,,,,,,,,,,U,,,,,,,
UT,Utah,202107,Y,420000.0,383364.0,36636.0,,,,,,,,,,,U,,Includes Enrollees in Other Financial Assistance Programs Not Enrolled in Medicaid or CHIP,Includes Enrollees in Other Financial Assistance Programs Not Enrolled in Medicaid or CHIP,,,,
VA,Virginia,202107,Y,1750410.0,1581698.0,168712.0,,,,,,,,,,,U,,,,,,,
VT,Vermont,202107,Y,180359.0,175833.0,4526.0,,,,,,,,,,,U,,,,,,,
WA,Washington,202107,Y,1993221.0,1914822.0,78399.0,,,,,,,,,,,U,,,,,,,
WI,Wisconsin,202107,N,1292431.0,1214661.0,77770.0,,,,,,,,,,,U,,,,,,,
WV,West Virginia,202107,Y,596652.0,561226.0,35426.0,,,,,,,,,,,U,,Includes Individuals Enrolled At Any Time in Month (Not a Point-in-Time Count),Includes Individuals Enrolled At Any Time in Month (Not a Point-in-Time Count),Includes Individuals Enrolled At Any Time in Month (Not a Point-in-Time Count),,,
WY,Wyoming,202107,N,70089.0,65310.0,4779.0,,,,,,,,,,,U,,,,,,,
AK,Alaska,202108,Y,251977.0,239402.0,12575.0,,,,,,,,,,,U,,,,,,,
AL,Alabama,202108,N,1058674.0,873449.0,185225.0,,,,,,,,,,,U,,,,,,,
AR,Arkansas,202108,Y,991687.0,905456.0,86231.0,,,,,,,,,,,U,,,,,,,
AZ,Arizona,202108,Y,2088145.0,1954910.0,133235.0,,,,,,,,,,,U,,,,,,,
CA,California,202108,Y,13058458.0,11754524.0,1303934.0,,,,,,,,,,,U,,Includes Limited-Benefit Enrollees,Includes Limited-Benefit Enrollees,Includes Limited-Benefit Enrollees,,,
CO,Colorado,202108,Y,1515173.0,1388525.0,126648.0,,,,,,,,,,,U,,,,,,,
CT,Connecticut,202108,Y,962673.0,945102.0,17571.0,,,,,,,,,,,U,,,,,,,
DC,District of Columbia,202108,Y,272037.0,254871.0,17166.0,,,,,,,,,,,U,,,,,,,
DE,Delaware,202108,Y,273386.0,262071.0,11315.0,,,,,,,,,,,U,,,,,,,
FL,Florida,202108,N,4396610.0,4249189.0,147421.0,,,,,,,,,,,U,,,,,,,
GA,Georgia,202108,N,2235830.0,1959398.0,276432.0,,,,,,,,,,,U,,,,,,,
HI,Hawaii,202108,Y,427508.0,401632.0,25876.0,,,,,,,,,,,U,,,,,,,
IA,Iowa,202108,Y,791963.0,712090.0,79873.0,,,,,,,,,,,U,,,,,,,
ID,Idaho,202108,Y,398124.0,364712.0,33412.0,,,,,,,,,,,U,,,,,,,
IL,Illinois,202108,Y,3465672.0,3139292.0,326380.0,,,,,,,,,,,U,,,,,,,
IN,Indiana,202108,Y,1804435.0,1698768.0,105667.0,,,,,,,,,,,U,,,,,,,
KS,Kansas,202108,N,453729.0,386717.0,67012.0,,,,,,,,,,,U,,,,,,,
KY,Kentucky,202108,Y,1495940.0,1382956.0,112984.0,,,,,,,,,,,U,,,,,,,
LA,Louisiana,202108,Y,1778186.0,1625665.0,152521.0,,,,,,,,,,,U,,,,,,,
MA,Massachusetts,202108,Y,1810614.0,1609713.0,200901.0,,,,,,,,,,,U,,,,,,,
MD,Maryland,202108,Y,1545932.0,1395826.0,150106.0,,,,,,,,,,,U,,,,,,,
ME,Maine,202108,Y,328366.0,314071.0,14295.0,,,,,,,,,,,U,,,,,,,
MI,Michigan,202108,Y,2795904.0,2707250.0,88654.0,,,,,,,,,,,U,,,,,,,
MN,Minnesota,202108,Y,1247150.0,1245749.0,1401.0,,,,,,,,,,,U,,,,,,,
MO,Missouri,202108,Y,1103454.0,1061243.0,42211.0,,,,,,,,,,,U,,,,,,,
MS,Mississippi,202108,N,698969.0,619190.0,79779.0,,,,,,,,,,,U,,,,,,,
MT,Montana,202108,Y,295377.0,267128.0,28249.0,,,,,,,,,,,U,,,,,,,
NC,North Carolina,202108,N,2180093.0,1877263.0,302830.0,,,,,,,,,,,U,,,,,,,
ND,North Dakota,202108,Y,113810.0,111203.0,2607.0,,,,,,,,,,,U,,,,,,,
NE,Nebraska,202108,Y,339280.0,302168.0,37112.0,,,,,,,,,,,U,,,,,,,
NH,New Hampshire,202108,Y,226428.0,207073.0,19355.0,,,,,,,,,,,U,,,,,,,
NJ,New Jersey,202108,Y,2022005.0,1780071.0,241934.0,,,,,,,,,,,U,,,,,,,
NM,New Mexico,202108,Y,852135.0,806911.0,45224.0,,,,,,,,,,,U,,,,,,,
NV,Nevada,202108,Y,809389.0,764488.0,44901.0,,,,,,,,,,,U,,,,,,,
NY,New York,202108,Y,6939738.0,6351982.0,587756.0,,,,,,,,,,,U,,,,,,,
OH,Ohio,202108,Y,3106505.0,2889331.0,217174.0,,,,,,,,,,,U,,Includes Individuals Enrolled At Any Time in Month (Not a Point-in-Time Count),Includes Individuals Enrolled At Any Time in Month (Not a Point-in-Time Count),Includes Individuals Enrolled At Any Time in Month (Not a Point-in-Time Count),,,
OK,Oklahoma,202108,Y,1040987.0,908719.0,132268.0,,,,,,,,,,,U,,,,,,,
OR,Oregon,202108,Y,1229591.0,1069424.0,160167.0,,,,,,,,,,,U,,,,,,,
PA,Pennsylvania,202108,Y,3444045.0,3169221.0,274824.0,,,,,,,,,,,U,,,,,,,
RI,Rhode Island,202108,Y,340212.0,305871.0,34341.0,,,,,,,,,,,U,,,,,,,
SC,South Carolina,202108,N,1193136.0,1086448.0,106688.0,,,,,,,,,,,U,,Includes Retroactive Enrollments,Includes Retroactive Enrollments,Includes Retroactive Enrollments,,,
SD,South Dakota,202108,N,130974.0,113209.0,17765.0,,,,,,,,,,,U,,,,,,,
TN,Tennessee,202108,N,1613252.0,1475029.0,138223.0,,,,,,,,,,,U,,,,,,,
TX,Texas,202108,N,5145089.0,4581775.0,563314.0,,,,,,,,,,,U,,,,,,,
UT,Utah,202108,Y,425982.0,389306.0,36676.0,,,,,,,,,,,U,,Includes Enrollees in Other Financial Assistance Programs Not Enrolled in Medicaid or CHIP,Includes Enrollees in Other Financial Assistance Programs Not Enrolled in Medicaid or CHIP,,,,
VA,Virginia,202108,Y,1771236.0,1600604.0,170632.0,,,,,,,,,,,U,,,,,,,
VT,Vermont,202108,Y,181597.0,176956.0,4641.0,,,,,,,,,,,U,,,,,,,
WA,Washington,202108,Y,2009438.0,1930172.0,79266.0,,,,,,,,,,,U,,,,,,,
WI,Wisconsin,202108,N,1301781.0,1223456.0,78325.0,,,,,,,,,,,U,,,,,,,
WV,West Virginia,202108,Y,601062.0,565503.0,35559.0,,,,,,,,,,,U,,Includes Individuals Enrolled At Any Time in Month (Not a Point-in-Time Count),Includes Individuals Enrolled At Any Time in Month (Not a Point-in-Time Count),Includes Individuals Enrolled At Any Time in Month (Not a Point-in-Time Count),,,
WY,Wyoming,202108,N,70811.0,66048.0,4763.0,,,,,,,,,,,U,,,,,,,
AK,Alaska,202109,Y,252736.0,240240.0,12496.0,,,,,,,,,,,U,,,,,,,
AL,Alabama,202109,N,1066227.0,879630.0,186597.0,,,,,,,,,,,U,,,,,,,
AR,Arkansas,202109,Y,998854.0,913232.0,85622.0,,,,,,,,,,,U,,,,,,,
AZ,Arizona,202109,Y,2101598.0,1967773.0,133825.0,,,,,,,,,,,U,,,,,,,
CA,California,202109,Y,13120745.0,11815357.0,1305388.0,,,,,,,,,,,U,,Includes Limited-Benefit Enrollees,Includes Limited-Benefit Enrollees,Includes Limited-Benefit Enrollees,,,
CO,Colorado,202109,Y,1524993.0,1398094.0,126899.0,,,,,,,,,,,U,,,,,,,
CT,Connecticut,202109,Y,962044.0,944690.0,17354.0,,,,,,,,,,,U,,,,,,,
DC,District of Columbia,202109,Y,273146.0,255921.0,17225.0,,,,,,,,,,,U,,,,,,,
DE,Delaware,202109,Y,275242.0,264661.0,10581.0,,,,,,,,,,,U,,,,,,,
FL,Florida,202109,N,4427217.0,4282045.0,145172.0,,,,,,,,,,,U,,,,,,,
GA,Georgia,202109,N,2252976.0,1974201.0,278775.0,,,,,,,,,,,U,,,,,,,
HI,Hawaii,202109,Y,430185.0,404361.0,25824.0,,,,,,,,,,,U,,,,,,,
IA,Iowa,202109,Y,794834.0,714981.0,79853.0,,,,,,,,,,,U,,,,,,,
ID,Idaho,202109,Y,400157.0,366172.0,33985.0,,,,,,,,,,,U,,,,,,,
IL,Illinois,202109,Y,3483116.0,3154996.0,328120.0,,,,,,,,,,,U,,,,,,,
IN,Indiana,202109,Y,1819019.0,1714004.0,105015.0,,,,,,,,,,,U,,,,,,,
KS,Kansas,202109,N,458056.0,390928.0,67128.0,,,,,,,,,,,U,,,,,,,
KY,Kentucky,202109,Y,1500878.0,1385705.0,115173.0,,,,,,,,,,,U,,,,,,,
LA,Louisiana,202109,Y,1782861.0,1628680.0,154181.0,,,,,,,,,,,U,,,,,,,
MA,Massachusetts,202109,Y,1822473.0,1622628.0,199845.0,,,,,,,,,,,U,,,,,,,
MD,Maryland,202109,Y,1554542.0,1402648.0,151894.0,,,,,,,,,,,U,,,,,,,
ME,Maine,202109,Y,330802.0,316466.0,14336.0,,,,,,,,,,,U,,,,,,,
MI,Michigan,202109,Y,2814135.0,2721656.0,92479.0,,,,,,,,,,,U,,,,,,,
MN,Minnesota,202109,Y,1254409.0,1253013.0,1396.0,,,,,,,,,,,U,,,,,,,
MO,Missouri,202109,Y,1109531.0,1069508.0,40023.0,,,,,,,,,,,U,,,,,,,
MS,Mississippi,202109,N,703361.0,624609.0,78752.0,,,,,,,,,,,U,,,,,,,
MT,Montana,202109,Y,296745.0,268484.0,28261.0,,,,,,,,,,,U,,,,,,,
NC,North Carolina,202109,N,2195662.0,1893273.0,302389.0,,,,,,,,,,,U,,,,,,,
ND,North Dakota,202109,Y,114093.0,111398.0,2695.0,,,,,,,,,,,U,,,,,,,
NE,Nebraska,202109,Y,342683.0,305292.0,37391.0,,,,,,,,,,,U,,,,,,,
NH,New Hampshire,202109,Y,230085.0,210338.0,19747.0,,,,,,,,,,,U,,,,,,,
NJ,New Jersey,202109,Y,2033969.0,1791856.0,242113.0,,,,,,,,,,,U,,,,,,,
NM,New Mexico,202109,Y,855781.0,809955.0,45826.0,,,,,,,,,,,U,,,,,,,
NV,Nevada,202109,Y,816051.0,770271.0,45780.0,,,,,,,,,,,U,,,,,,,
NY,New York,202109,Y,6980050.0,6394078.0,585972.0,,,,,,,,,,,U,,,,,,,
OH,Ohio,202109,Y,3123238.0,2904502.0,218736.0,,,,,,,,,,,U,,Includes Individuals Enrolled At Any Time in Month (Not a Point-in-Time Count),Includes Individuals Enrolled At Any Time in Month (Not a Point-in-Time Count),Includes Individuals Enrolled At Any Time in Month (Not a Point-in-Time Count),,,
OK,Oklahoma,202109,Y,1065210.0,932893.0,132317.0,,,,,,,,,,,U,,,,,,,
OR,Oregon,202109,Y,1237837.0,1074994.0,162843.0,,,,,,,,,,,U,,,,,,,
PA,Pennsylvania,202109,Y,3465577.0,3192373.0,273204.0,,,,,,,,,,,U,,,,,,,
RI,Rhode Island,202109,Y,342408.0,307419.0,34989.0,,,,,,,,,,,U,,,,,,,
SC,South Carolina,202109,N,1199622.0,1092717.0,106905.0,,,,,,,,,,,U,,Includes Retroactive Enrollments,Includes Retroactive Enrollments,Includes Retroactive Enrollments,,,
SD,South Dakota,202109,N,132026.0,114076.0,17950.0,,,,,,,,,,,U,,,,,,,
TN,Tennessee,202109,N,1624636.0,1484968.0,139668.0,,,,,,,,,,,U,,,,,,,
TX,Texas,202109,N,5184231.0,4621543.0,562688.0,,,,,,,,,,,U,,,,,,,
UT,Utah,202109,Y,431028.0,394503.0,36525.0,,,,,,,,,,,U,,Includes Enrollees in Other Financial Assistance Programs Not Enrolled in Medicaid or CHIP,Includes Enrollees in Other Financial Assistance Programs Not Enrolled in Medicaid or CHIP,,,,
VA,Virginia,202109,Y,1787743.0,1615587.0,172156.0,,,,,,,,,,,U,,,,,,,
VT,Vermont,202109,Y,182753.0,178076.0,4677.0,,,,,,,,,,,U,,,,,,,
WA,Washington,202109,Y,2021408.0,1941783.0,79625.0,,,,,,,,,,,U,,,,,,,
WI,Wisconsin,202109,N,1309805.0,1230872.0,78933.0,,,,,,,,,,,U,,,,,,,
WV,West Virginia,202109,Y,604691.0,569028.0,35663.0,,,,,,,,,,,U,,Includes Individuals Enrolled At Any Time in Month (Not a Point-in-Time Count),Includes Individuals Enrolled At Any Time in Month (Not a Point-in-Time Count),Includes Individuals Enrolled At Any Time in Month (Not a Point-in-Time Count),,,
WY,Wyoming,202109,N,71515.0,66729.0,4786.0,,,,,,,,,,,U,,,,,,,
AK,Alaska,202110,Y,254169.0,241822.0,12347.0,,,,,,,,,,,U,,,,,,,
AL,Alabama,202110,N,1072381.0,885400.0,186981.0,,,,,,,,,,,U,,,,,,,
AR,Arkansas,202110,Y,1002975.0,917953.0,85022.0,,,,,,,,,,,U,,,,,,,
AZ,Arizona,202110,Y,2113571.0,1979294.0,134277.0,,,,,,,,,,,U,,,,,,,
CA,California,202110,Y,13173192.0,11868718.0,1304474.0,,,,,,,,,,,U,,Includes Limited-Benefit Enrollees,Includes Limited-Benefit Enrollees,Includes Limited-Benefit Enrollees,,,
CO,Colorado,202110,Y,1535349.0,1410479.0,124870.0,,,,,,,,,,,U,,,,,,,
CT,Connecticut,202110,Y,960108.0,943043.0,17065.0,,,,,,,,,,,U,,,,,,,
DC,District of Columbia,202110,Y,273882.0,256633.0,17249.0,,,,,,,,,,,U,,,,,,,
DE,Delaware,202110,Y,276686.0,266541.0,10145.0,,,,,,,,,,,U,,,,,,,
FL,Florida,202110,N,4457869.0,4317048.0,140821.0,,,,,,,,,,,U,,,,,,,
GA,Georgia,202110,N,2268840.0,1987291.0,281549.0,,,,,,,,,,,U,,,,,,,
HI,Hawaii,202110,Y,431196.0,405493.0,25703.0,,,,,,,,,,,U,,,,,,,
IA,Iowa,202110,Y,798442.0,718836.0,79606.0,,,,,,,,,,,U,,,,,,,
ID,Idaho,202110,Y,403570.0,369194.0,34376.0,,,,,,,,,,,U,,,,,,,
IL,Illinois,202110,Y,3501788.0,3172072.0,329716.0,,,,,,,,,,,U,,,,,,,
IN,Indiana,202110,Y,1833226.0,1728701.0,104525.0,,,,,,,,,,,U,,,,,,,
KS,Kansas,202110,N,461025.0,393836.0,67189.0,,,,,,,,,,,U,,,,,,,
KY,Kentucky,202110,Y,1507231.0,1390002.0,117229.0,,,,,,,,,,,U,,,,,,,
LA,Louisiana,202110,Y,1791058.0,1634183.0,156875.0,,,,,,,,,,,U,,,,,,,
MA,Massachusetts,202110,Y,1833625.0,1639353.0,194272.0,,,,,,,,,,,U,,,,,,,
MD,Maryland,202110,Y,1563867.0,1410271.0,153596.0,,,,,,,,,,,U,,,,,,,
ME,Maine,202110,Y,333501.0,319083.0,14418.0,,,,,,,,,,,U,,,,,,,
MI,Michigan,202110,Y,2827706.0,2732273.0,95433.0,,,,,,,,,,,U,,,,,,,
MN,Minnesota,202110,Y,1261625.0,1260118.0,1507.0,,,,,,,,,,,U,,,,,,,
MO,Missouri,202110,Y,1136697.0,1097457.0,39240.0,,,,,,,,,,,U,,,,,,,
MS,Mississippi,202110,N,706380.0,629510.0,76870.0,,,,,,,,,,,U,,,,,,,
MT,Montana,202110,Y,298138.0,269869.0,28269.0,,,,,,,,,,,U,,,,,,,
NC,North Carolina,202110,N,2209356.0,1907965.0,301391.0,,,,,,,,,,,U,,,,,,,
ND,North Dakota,202110,Y,115983.0,113146.0,2837.0,,,,,,,,,,,U,,,,,,,
NE,Nebraska,202110,Y,345887.0,308164.0,37723.0,,,,,,,,,,,U,,,,,,,
NH,New Hampshire,202110,Y,231312.0,211231.0,20081.0,,,,,,,,,,,U,,,,,,,
NJ,New Jersey,202110,Y,2043566.0,1801644.0,241922.0,,,,,,,,,,,U,,,,,,,
NM,New Mexico,202110,Y,857931.0,811825.0,46106.0,,,,,,,,,,,U,,,,,,,
NV,Nevada,202110,Y,823371.0,776568.0,46803.0,,,,,,,,,,,U,,,,,,,
NY,New York,202110,Y,7014267.0,6429447.0,584820.0,,,,,,,,,,,U,,,,,,,
OH,Ohio,202110,Y,3140554.0,2926320.0,214234.0,,,,,,,,,,,U,,Includes Individuals Enrolled At Any Time in Month (Not a Point-in-Time Count),Includes Individuals Enrolled At Any Time in Month (Not a Point-in-Time Count),Includes Individuals Enrolled At Any Time in Month (Not a Point-in-Time Count),,,
OK,Oklahoma,202110,Y,1090053.0,969220.0,120833.0,,,,,,,,,,,U,,,,,,,
OR,Oregon,202110,Y,1246420.0,1081170.0,165250.0,,,,,,,,,,,U,,,,,,,
PA,Pennsylvania,202110,Y,3485696.0,3214137.0,271559.0,,,,,,,,,,,U,,,,,,,
RI,Rhode Island,202110,Y,342734.0,307732.0,35002.0,,,,,,,,,,,U,,,,,,,
SC,South Carolina,202110,N,1202963.0,1095879.0,107084.0,,,,,,,,,,,U,,Includes Retroactive Enrollments,Includes Retroactive Enrollments,Includes Retroactive Enrollments,,,
SD,South Dakota,202110,N,132892.0,114819.0,18073.0,,,,,,,,,,,U,,,,,,,
TN,Tennessee,202110,N,1634731.0,1494019.0,140712.0,,,,,,,,,,,U,,,,,,,
TX,Texas,202110,N,5219191.0,4661988.0,557203.0,,,,,,,,,,,U,,,,,,,
UT,Utah,202110,Y,432514.0,396134.0,36380.0,,,,,,,,,,,U,,Includes Enrollees in Other Financial Assistance Programs Not Enrolled in Medicaid or CHIP,Includes Enrollees in Other Financial Assistance Programs Not Enrolled in Medicaid or CHIP,,,,
VA,Virginia,202110,Y,1804445.0,1631235.0,173210.0,,,,,,,,,,,U,,,,,,,
VT,Vermont,202110,Y,183477.0,178776.0,4701.0,,,,,,,,,,,U,,,,,,,
WA,Washington,202110,Y,2031925.0,1951849.0,80076.0,,,,,,,,,,,U,,,,,,,
WI,Wisconsin,202110,N,1316781.0,1236517.0,80264.0,,,,,,,,,,,U,,,,,,,
WV,West Virginia,202110,Y,607799.0,571917.0,35882.0,,,,,,,,,,,U,,Includes Individuals Enrolled At Any Time in Month (Not a Point-in-Time Count),Includes Individuals Enrolled At Any Time in Month (Not a Point-in-Time Count),Includes Individuals Enrolled At Any Time in Month (Not a Point-in-Time Count),,,
WY,Wyoming,202110,N,72132.0,67336.0,4796.0,,,,,,,,,,,U,,,,,,,
AK,Alaska,202111,Y,255230.0,242946.0,12284.0,,,,,,,,,,,U,,,,,,,
AL,Alabama,202111,N,1079278.0,891290.0,187988.0,,,,,,,,,,,U,,,,,,,
AR,Arkansas,202111,Y,1007113.0,923185.0,83928.0,,,,,,,,,,,U,,,,,,,
AZ,Arizona,202111,Y,2128187.0,1992731.0,135456.0,,,,,,,,,,,U,,,,,,,
CA,California,202111,Y,13227010.0,11922748.0,1304262.0,,,,,,,,,,,U,,Includes Limited-Benefit Enrollees,Includes Limited-Benefit Enrollees,Includes Limited-Benefit Enrollees,,,
CO,Colorado,202111,Y,1546336.0,1421494.0,124842.0,,,,,,,,,,,U,,,,,,,
CT,Connecticut,202111,Y,963995.0,947314.0,16681.0,,,,,,,,,,,U,,,,,,,
DC,District of Columbia,202111,Y,274475.0,257262.0,17213.0,,,,,,,,,,,U,,,,,,,
DE,Delaware,202111,Y,278408.0,268912.0,9496.0,,,,,,,,,,,U,,,,,,,
FL,Florida,202111,N,4488890.0,4352490.0,136400.0,,,,,,,,,,,U,,,,,,,
GA,Georgia,202111,N,2286427.0,2000597.0,285830.0,,,,,,,,,,,U,,,,,,,
HI,Hawaii,202111,Y,434403.0,408658.0,25745.0,,,,,,,,,,,U,,,,,,,
IA,Iowa,202111,Y,802055.0,723509.0,78546.0,,,,,,,,,,,U,,,,,,,
ID,Idaho,202111,Y,406367.0,371882.0,34485.0,,,,,,,,,,,U,,,,,,,
IL,Illinois,202111,Y,3531035.0,3201784.0,329251.0,,,,,,,,,,,U,,,,,,,
IN,Indiana,202111,Y,1849167.0,1745015.0,104152.0,,,,,,,,,,,U,,,,,,,
KS,Kansas,202111,N,463261.0,396217.0,67044.0,,,,,,,,,,,U,,,,,,,
KY,Kentucky,202111,Y,1517734.0,1397866.0,119868.0,,,,,,,,,,,U,,,,,,,
LA,Louisiana,202111,Y,1799275.0,1641788.0,157487.0,,,,,,,,,,,U,,,,,,,
MA,Massachusetts,202111,Y,1845572.0,1653562.0,192010.0,,,,,,,,,,,U,,,,,,,
MD,Maryland,202111,Y,1572390.0,1417022.0,155368.0,,,,,,,,,,,U,,,,,,,
ME,Maine,202111,Y,336071.0,321592.0,14479.0,,,,,,,,,,,U,,,,,,,
MI,Michigan,202111,Y,2847018.0,2748252.0,98766.0,,,,,,,,,,,U,,,,,,,
MN,Minnesota,202111,Y,1269137.0,1267686.0,1451.0,,,,,,,,,,,U,,,,,,,
MO,Missouri,202111,Y,1177651.0,1138665.0,38986.0,,,,,,,,,,,U,,,,,,,
MS,Mississippi,202111,N,710576.0,634517.0,76059.0,,,,,,,,,,,U,,,,,,,
MT,Montana,202111,Y,300303.0,271974.0,28329.0,,,,,,,,,,,U,,,,,,,
NC,North Carolina,202111,N,2225504.0,1924745.0,300759.0,,,,,,,,,,,U,,,,,,,
ND,North Dakota,202111,Y,117159.0,114222.0,2937.0,,,,,,,,,,,U,,,,,,,
NE,Nebraska,202111,Y,350084.0,311773.0,38311.0,,,,,,,,,,,U,,,,,,,
NH,New Hampshire,202111,Y,233812.0,213216.0,20596.0,,,,,,,,,,,U,,,,,,,
NJ,New Jersey,202111,Y,2056855.0,1812961.0,243894.0,,,,,,,,,,,U,,,,,,,
NM,New Mexico,202111,Y,861297.0,814863.0,46434.0,,,,,,,,,,,U,,,,,,,
NV,Nevada,202111,Y,829111.0,781207.0,47904.0,,,,,,,,,,,U,,,,,,,
NY,New York,202111,Y,7034181.0,6452000.0,582181.0,,,,,,,,,,,U,,,,,,,
OH,Ohio,202111,Y,3156921.0,2941769.0,215152.0,,,,,,,,,,,U,,Includes Individuals Enrolled At Any Time in Month (Not a Point-in-Time Count),Includes Individuals Enrolled At Any Time in Month (Not a Point-in-Time Count),Includes Individuals Enrolled At Any Time in Month (Not a Point-in-Time Count),,,
OK,Oklahoma,202111,Y,1107281.0,981915.0,125366.0,,,,,,,,,,,U,,,,,,,
OR,Oregon,202111,Y,1256231.0,1088036.0,168195.0,,,,,,,,,,,U,,,,,,,
PA,Pennsylvania,202111,Y,3504694.0,3235562.0,269132.0,,,,,,,,,,,U,,,,,,,
RI,Rhode Island,202111,Y,344557.0,309245.0,35312.0,,,,,,,,,,,U,,,,,,,
SC,South Carolina,202111,N,1209888.0,1102133.0,107755.0,,,,,,,,,,,U,,Includes Retroactive Enrollments,Includes Retroactive Enrollments,Includes Retroactive Enrollments,,,
SD,South Dakota,202111,N,133898.0,115721.0,18177.0,,,,,,,,,,,U,,,,,,,
TN,Tennessee,202111,N,1646812.0,1504476.0,142336.0,,,,,,,,,,,U,,,,,,,
TX,Texas,202111,N,5225960.0,4707316.0,518644.0,,,,,,,,,,,U,,,,,,,
UT,Utah,202111,Y,437901.0,401484.0,36417.0,,,,,,,,,,,U,,Includes Enrollees in Other Financial Assistance Programs Not Enrolled in Medicaid or CHIP,Includes Enrollees in Other Financial Assistance Programs Not Enrolled in Medicaid or CHIP,,,,
VA,Virginia,202111,Y,1823512.0,1648412.0,175100.0,,,,,,,,,,,U,,,,,,,
VT,Vermont,202111,Y,183983.0,179267.0,4716.0,,,,,,,,,,,U,,,,,,,
WA,Washington,202111,Y,2047288.0,1965530.0,81758.0,,,,,,,,,,,U,,,,,,,
WI,Wisconsin,202111,N,1324484.0,1242488.0,81996.0,,,,,,,,,,,U,,,,,,,
WV,West Virginia,202111,Y,611447.0,575527.0,35920.0,,,,,,,,,,,U,,Includes Individuals Enrolled At Any Time in Month (Not a Point-in-Time Count),Includes Individuals Enrolled At Any Time in Month (Not a Point-in-Time Count),Includes Individuals Enrolled At Any Time in Month (Not a Point-in-Time Count),,,
WY,Wyoming,202111,N,72553.0,67750.0,4803.0,,,,,,,,,,,U,,,,,,,
AK,Alaska,202112,Y,255746.0,243455.0,12291.0,,,,,,,,,,,U,,,,,,,
AL,Alabama,202112,N,1086345.0,897571.0,188774.0,,,,,,,,,,,U,,,,,,,
AR,Arkansas,202112,Y,1011385.0,928651.0,82734.0,,,,,,,,,,,U,,,,,,,
AZ,Arizona,202112,Y,2139682.0,2003218.0,136464.0,,,,,,,,,,,U,,,,,,,
CA,California,202112,Y,13292295.0,11987431.0,1304864.0,,,,,,,,,,,U,,Includes Limited-Benefit Enrollees,Includes Limited-Benefit Enrollees,Includes Limited-Benefit Enrollees,,,
CO,Colorado,202112,Y,1558106.0,1433414.0,124692.0,,,,,,,,,,,U,,,,,,,
CT,Connecticut,202112,Y,968210.0,951998.0,16212.0,,,,,,,,,,,U,,,,,,,
DC,District of Columbia,202112,Y,275771.0,258605.0,17166.0,,,,,,,,,,,U,,,,,,,
DE,Delaware,202112,Y,278171.0,269552.0,8619.0,,,,,,,,,,,U,,,,,,,
FL,Florida,202112,N,4507461.0,4374640.0,132821.0,,,,,,,,,,,U,,,,,,,
GA,Georgia,202112,N,2305389.0,2013842.0,291547.0,,,,,,,,,,,U,,,,,,,
HI,Hawaii,202112,Y,437335.0,411604.0,25731.0,,,,,,,,,,,U,,,,,,,
IA,Iowa,202112,Y,805021.0,727367.0,77654.0,,,,,,,,,,,U,,,,,,,
ID,Idaho,202112,Y,409836.0,375242.0,34594.0,,,,,,,,,,,U,,,,,,,
IL,Illinois,202112,Y,3555289.0,3224583.0,330706.0,,,,,,,,,,,U,,,,,,,
IN,Indiana,202112,Y,1865268.0,1761139.0,104129.0,,,,,,,,,,,U,,,,,,,
KS,Kansas,202112,N,466682.0,399487.0,67195.0,,,,,,,,,,,U,,,,,,,
KY,Kentucky,202112,Y,1524888.0,1403134.0,121754.0,,,,,,,,,,,U,,,,,,,
LA,Louisiana,202112,Y,1807746.0,1649138.0,158608.0,,,,,,,,,,,U,,,,,,,
MA,Massachusetts,202112,Y,1853472.0,1662727.0,190745.0,,,,,,,,,,,U,,,,,,,
MD,Maryland,202112,Y,1582312.0,1424999.0,157313.0,,,,,,,,,,,U,,,,,,,
ME,Maine,202112,Y,338983.0,324419.0,14564.0,,,,,,,,,,,U,,,,,,,
MI,Michigan,202112,Y,2868500.0,2766738.0,101762.0,,,,,,,,,,,U,,,,,,,
MN,Minnesota,202112,Y,1278802.0,1277284.0,1518.0,,,,,,,,,,,U,,,,,,,
MO,Missouri,202112,Y,1186274.0,1148080.0,38194.0,,,,,,,,,,,U,,,,,,,
MS,Mississippi,202112,N,714730.0,639179.0,75551.0,,,,,,,,,,,U,,,,,,,
MT,Montana,202112,Y,303304.0,274908.0,28396.0,,,,,,,,,,,U,,,,,,,
NC,North Carolina,202112,N,2241778.0,1942012.0,299766.0,,,,,,,,,,,U,,,,,,,
ND,North Dakota,202112,Y,118168.0,115165.0,3003.0,,,,,,,,,,,U,,,,,,,
NE,Nebraska,202112,Y,355314.0,316224.0,39090.0,,,,,,,,,,,U,,,,,,,
NH,New Hampshire,202112,Y,236195.0,215170.0,21025.0,,,,,,,,,,,U,,,,,,,
NJ,New Jersey,202112,Y,2068050.0,1823707.0,244343.0,,,,,,,,,,,U,,,,,,,
NM,New Mexico,202112,Y,866606.0,819707.0,46899.0,,,,,,,,,,,U,,,,,,,
NV,Nevada,202112,Y,835255.0,786229.0,49026.0,,,,,,,,,,,U,,,,,,,
NY,New York,202112,Y,7078662.0,6497772.0,580890.0,,,,,,,,,,,U,,,,,,,
OH,Ohio,202112,Y,3172286.0,2955172.0,217114.0,,,,,,,,,,,U,,Includes Individuals Enrolled At Any Time in Month (Not a Point-in-Time Count),Includes Individuals Enrolled At Any Time in Month (Not a Point-in-Time Count),Includes Individuals Enrolled At Any Time in Month (Not a Point-in-Time Count),,,
OK,Oklahoma,202112,Y,1130652.0,1002912.0,127740.0,,,,,,,,,,,U,,,,,,,
OR,Oregon,202112,Y,1274985.0,1104217.0,170768.0,,,,,,,,,,,U,,,,,,,
PA,Pennsylvania,202112,Y,3523735.0,3255429.0,268306.0,,,,,,,,,,,U,,,,,,,
RI,Rhode Island,202112,Y,344318.0,309008.0,35310.0,,,,,,,,,,,U,,,,,,,
SC,South Carolina,202112,N,1218518.0,1110068.0,108450.0,,,,,,,,,,,U,,,,,,,
SD,South Dakota,202112,N,134963.0,116619.0,18344.0,,,,,,,,,,,U,,,,,,,
TN,Tennessee,202112,N,1656694.0,1513399.0,143295.0,,,,,,,,,,,U,,,,,,,
TX,Texas,202112,N,5241375.0,4744622.0,496753.0,,,,,,,,,,,U,,,,,,,
UT,Utah,202112,Y,442121.0,405729.0,36392.0,,,,,,,,,,,U,,Includes Enrollees in Other Financial Assistance Programs Not Enrolled in Medicaid or CHIP,Includes Enrollees in Other Financial Assistance Programs Not Enrolled in Medicaid or CHIP,,,,
VA,Virginia,202112,Y,1844299.0,1667601.0,176698.0,,,,,,,,,,,U,,,,,,,
VT,Vermont,202112,Y,184874.0,180171.0,4703.0,,,,,,,,,,,U,,,,,,,
WA,Washington,202112,Y,2055411.0,1972372.0,83039.0,,,,,,,,,,,U,,,,,,,
WI,Wisconsin,202112,N,1332720.0,1249523.0,83197.0,,,,,,,,,,,U,,,,,,,
WV,West Virginia,202112,Y,615267.0,579249.0,36018.0,,,,,,,,,,,U,,Includes Individuals Enrolled At Any Time in Month (Not a Point-in-Time Count),Includes Individuals Enrolled At Any Time in Month (Not a Point-in-Time Count),Includes Individuals Enrolled At Any Time in Month (Not a Point-in-Time Count),,,
WY,Wyoming,202112,N,72773.0,67969.0,4804.0,,,,,,,,,,,U,,,,,,,
AK,Alaska,202201,Y,257035.0,244766.0,12269.0,,,,,,,,,,,U,,,,,,,
AL,Alabama,202201,N,1093761.0,903790.0,189971.0,,,,,,,,,,,U,,,,,,,
AR,Arkansas,202201,Y,1019488.0,937893.0,81595.0,,,,,,,,,,,U,,,,,,,
AZ,Arizona,202201,Y,2155732.0,2018099.0,137633.0,,,,,,,,,,,U,,,,,,,
CA,California,202201,Y,13368893.0,12062708.0,1306185.0,,,,,,,,,,,U,,Includes Limited-Benefit Enrollees,Includes Limited-Benefit Enrollees,Includes Limited-Benefit Enrollees,,,
CO,Colorado,202201,Y,1571539.0,1447900.0,123639.0,,,,,,,,,,,U,,,,,,,
CT,Connecticut,202201,Y,969817.0,954801.0,15016.0,,,,,,,,,,,U,,,,,,,
DC,District of Columbia,202201,Y,277586.0,260429.0,17157.0,,,,,,,,,,,U,,,,,,,
DE,Delaware,202201,Y,280153.0,271567.0,8586.0,,,,,,,,,,,U,,,,,,,
FL,Florida,202201,N,4539216.0,4410616.0,128600.0,,,,,,,,,,,U,,,,,,,
GA,Georgia,202201,N,2320281.0,2024751.0,295530.0,,,,,,,,,,,U,,,,,,,
HI,Hawaii,202201,Y,440394.0,414674.0,25720.0,,,,,,,,,,,U,,,,,,,
IA,Iowa,202201,Y,810098.0,732798.0,77300.0,,,,,,,,,,,U,,,,,,,
ID,Idaho,202201,Y,413410.0,378465.0,34945.0,,,,,,,,,,,U,,,,,,,
IL,Illinois,202201,Y,3577276.0,3244603.0,332673.0,,,,,,,,,,,U,,,,,,,
IN,Indiana,202201,Y,1879603.0,1775686.0,103917.0,,,,,,,,,,,U,,,,,,,
KS,Kansas,202201,N,466782.0,399580.0,67202.0,,,,,,,,,,,U,,,,,,,
KY,Kentucky,202201,Y,1533487.0,1408974.0,124513.0,,,,,,,,,,,U,,,,,,,
LA,Louisiana,202201,Y,1816203.0,1655402.0,160801.0,,,,,,,,,,,U,,,,,,,
MA,Massachusetts,202201,Y,1868127.0,1678278.0,189849.0,,,,,,,,,,,U,,,,,,,
MD,Maryland,202201,Y,1596257.0,1437329.0,158928.0,,,,,,,,,,,U,,,,,,,
ME,Maine,202201,Y,341948.0,329157.0,12791.0,,,,,,,,,,,U,,,,,,,
MI,Michigan,202201,Y,2886268.0,2779023.0,107245.0,,,,,,,,,,,U,,,,,,,
MN,Minnesota,202201,Y,1288019.0,1286470.0,1549.0,,,,,,,,,,,U,,,,,,,
MO,Missouri,202201,Y,1195895.0,1158471.0,37424.0,,,,,,,,,,,U,,,,,,,
MS,Mississippi,202201,N,719374.0,644079.0,75295.0,,,,,,,,,,,U,,,,,,,
MT,Montana,202201,Y,305591.0,277093.0,28498.0,,,,,,,,,,,U,,,,,,,
NC,North Carolina,202201,N,2256621.0,1958497.0,298124.0,,,,,,,,,,,U,,,,,,,
ND,North Dakota,202201,Y,120469.0,117356.0,3113.0,,,,,,,,,,,U,,,,,,,
NE,Nebraska,202201,Y,359322.0,319946.0,39376.0,,,,,,,,,,,U,,,,,,,
NH,New Hampshire,202201,Y,237886.0,216445.0,21441.0,,,,,,,,,,,U,,,,,,,
NJ,New Jersey,202201,Y,2081868.0,1836111.0,245757.0,,,,,,,,,,,U,,,,,,,
NM,New Mexico,202201,Y,868990.0,821922.0,47068.0,,,,,,,,,,,U,,,,,,,
NV,Nevada,202201,Y,843385.0,792929.0,50456.0,,,,,,,,,,,U,,,,,,,
NY,New York,202201,Y,7119703.0,6540402.0,579301.0,,,,,,,,,,,U,,,,,,,
OH,Ohio,202201,Y,3188776.0,2965816.0,222960.0,,,,,,,,,,,U,,Includes Individuals Enrolled At Any Time in Month (Not a Point-in-Time Count),Includes Individuals Enrolled At Any Time in Month (Not a Point-in-Time Count),Includes Individuals Enrolled At Any Time in Month (Not a Point-in-Time Count),,,
OK,Oklahoma,202201,Y,1146324.0,1020382.0,125942.0,,,,,,,,,,,U,,,,,,,
OR,Oregon,202201,Y,1284347.0,1111930.0,172417.0,,,,,,,,,,,U,,,,,,,
PA,Pennsylvania,202201,Y,3542093.0,3274668.0,267425.0,,,,,,,,,,,U,,,,,,,
RI,Rhode Island,202201,Y,345734.0,309966.0,35768.0,,,,,,,,,,,U,,,,,,,
SC,South Carolina,202201,N,1225832.0,1116763.0,109069.0,,,,,,,,,,,U,,Includes Retroactive Enrollments,Includes Retroactive Enrollments,Includes Retroactive Enrollments,,,
SD,South Dakota,202201,N,135479.0,117098.0,18381.0,,,,,,,,,,,U,,,,,,,
TN,Tennessee,202201,N,1666108.0,1522048.0,144060.0,,,,,,,,,,,U,,,,,,,
TX,Texas,202201,N,5276790.0,4790853.0,485937.0,,,,,,,,,,,U,,,,,,,
UT,Utah,202201,Y,445668.0,409506.0,36162.0,,,,,,,,,,,U,,Includes Enrollees in Other Financial Assistance Programs Not Enrolled in Medicaid or CHIP,Includes Enrollees in Other Financial Assistance Programs Not Enrolled in Medicaid or CHIP,,,,
VA,Virginia,202201,Y,1859903.0,1681747.0,178156.0,,,,,,,,,,,U,,,,,,,
VT,Vermont,202201,Y,185839.0,181072.0,4767.0,,,,,,,,,,,U,,,,,,,
WA,Washington,202201,Y,2067073.0,1983344.0,83729.0,,,,,,,,,,,U,,,,,,,
WI,Wisconsin,202201,N,1332959.0,1249014.0,83945.0,,,,,,,,,,,U,,,,,,,
WV,West Virginia,202201,Y,618978.0,582804.0,36174.0,,,,,,,,,,,U,,Includes Individuals Enrolled At Any Time in Month (Not a Point-in-Time Count),Includes Individuals Enrolled At Any Time in Month (Not a Point-in-Time Count),Includes Individuals Enrolled At Any Time in Month (Not a Point-in-Time Count),,,
WY,Wyoming,202201,N,73440.0,68574.0,4866.0,,,,,,,,,,,U,,,,,,,
AK,Alaska,202202,Y,257691.0,245489.0,12202.0,,,,,,,,,,,U,,,,,,,
AL,Alabama,202202,N,1099538.0,908709.0,190829.0,,,,,,,,,,,U,,,,,,,
AR,Arkansas,202202,Y,1026459.0,945272.0,81187.0,,,,,,,,,,,U,,,,,,,
AZ,Arizona,202202,Y,2169228.0,2031463.0,137765.0,,,,,,,,,,,U,,,,,,,
CA,California,202202,Y,13411356.0,12107977.0,1303379.0,,,,,,,,,,,U,,Includes Limited-Benefit Enrollees,Includes Limited-Benefit Enrollees,Includes Limited-Benefit Enrollees,,,
CO,Colorado,202202,Y,1578271.0,1454944.0,123327.0,,,,,,,,,,,U,,,,,,,
CT,Connecticut,202202,Y,971179.0,956518.0,14661.0,,,,,,,,,,,U,,,,,,,
DC,District of Columbia,202202,Y,278984.0,261805.0,17179.0,,,,,,,,,,,U,,,,,,,
DE,Delaware,202202,Y,282299.0,274064.0,8235.0,,,,,,,,,,,U,,,,,,,
FL,Florida,202202,N,4564104.0,4439042.0,125062.0,,,,,,,,,,,U,,,,,,,
GA,Georgia,202202,N,2335335.0,2036806.0,298529.0,,,,,,,,,,,U,,,,,,,
HI,Hawaii,202202,Y,441896.0,416237.0,25659.0,,,,,,,,,,,U,,,,,,,
IA,Iowa,202202,Y,812629.0,736042.0,76587.0,,,,,,,,,,,U,,,,,,,
ID,Idaho,202202,Y,412356.0,377698.0,34658.0,,,,,,,,,,,U,,,,,,,
IL,Illinois,202202,Y,3586291.0,3251696.0,334595.0,,,,,,,,,,,U,,,,,,,
IN,Indiana,202202,Y,1891119.0,1787686.0,103433.0,,,,,,,,,,,U,,,,,,,
KS,Kansas,202202,N,474267.0,406670.0,67597.0,,,,,,,,,,,U,,,,,,,
KY,Kentucky,202202,Y,1539226.0,1413254.0,125972.0,,,,,,,,,,,U,,,,,,,
LA,Louisiana,202202,Y,1820198.0,1657184.0,163014.0,,,,,,,,,,,U,,,,,,,
MA,Massachusetts,202202,Y,1875802.0,1687685.0,188117.0,,,,,,,,,,,U,,,,,,,
MD,Maryland,202202,Y,1605744.0,1445504.0,160240.0,,,,,,,,,,,U,,,,,,,
ME,Maine,202202,Y,343450.0,330629.0,12821.0,,,,,,,,,,,U,,,,,,,
MI,Michigan,202202,Y,2897787.0,2787500.0,110287.0,,,,,,,,,,,U,,,,,,,
MN,Minnesota,202202,Y,1295234.0,1293643.0,1591.0,,,,,,,,,,,U,,,,,,,
MO,Missouri,202202,Y,1224739.0,1187857.0,36882.0,,,,,,,,,,,U,,,,,,,
MS,Mississippi,202202,N,722491.0,647348.0,75143.0,,,,,,,,,,,U,,,,,,,
MT,Montana,202202,Y,307088.0,278505.0,28583.0,,,,,,,,,,,U,,,,,,,
NC,North Carolina,202202,N,2267769.0,1970860.0,296909.0,,,,,,,,,,,U,,,,,,,
ND,North Dakota,202202,Y,120621.0,117477.0,3144.0,,,,,,,,,,,U,,,,,,,
NE,Nebraska,202202,Y,361571.0,321948.0,39623.0,,,,,,,,,,,U,,,,,,,
NH,New Hampshire,202202,Y,238521.0,216828.0,21693.0,,,,,,,,,,,U,,,,,,,
NJ,New Jersey,202202,Y,2094258.0,1846987.0,247271.0,,,,,,,,,,,U,,,,,,,
NM,New Mexico,202202,Y,873299.0,825859.0,47440.0,,,,,,,,,,,U,,,,,,,
NV,Nevada,202202,Y,847424.0,795938.0,51486.0,,,,,,,,,,,U,,,,,,,
NY,New York,202202,Y,7141375.0,6563883.0,577492.0,,,,,,,,,,,U,,,,,,,
OH,Ohio,202202,Y,3200388.0,2973978.0,226410.0,,,,,,,,,,,U,,Includes Individuals Enrolled At Any Time in Month (Not a Point-in-Time Count),Includes Individuals Enrolled At Any Time in Month (Not a Point-in-Time Count),Includes Individuals Enrolled At Any Time in Month (Not a Point-in-Time Count),,,
OK,Oklahoma,202202,Y,1160088.0,1031174.0,128914.0,,,,,,,,,,,U,,,,,,,
OR,Oregon,202202,Y,1289014.0,1116545.0,172469.0,,,,,,,,,,,U,,,,,,,
PA,Pennsylvania,202202,Y,3555204.0,3289243.0,265961.0,,,,,,,,,,,U,,,,,,,
RI,Rhode Island,202202,Y,347056.0,311088.0,35968.0,,,,,,,,,,,U,,,,,,,
SC,South Carolina,202202,N,1232725.0,1123437.0,109288.0,,,,,,,,,,,U,,Includes Retroactive Enrollments,Includes Retroactive Enrollments,Includes Retroactive Enrollments,,,
SD,South Dakota,202202,N,136296.0,117953.0,18343.0,,,,,,,,,,,U,,,,,,,
TN,Tennessee,202202,N,1677049.0,1530331.0,146718.0,,,,,,,,,,,U,,,,,,,
TX,Texas,202202,N,5315927.0,4843839.0,472088.0,,,,,,,,,,,U,,,,,,,
UT,Utah,202202,Y,449991.0,413581.0,36410.0,,,,,,,,,,,U,,Includes Enrollees in Other Financial Assistance Programs Not Enrolled in Medicaid or CHIP,Includes Enrollees in Other Financial Assistance Programs Not Enrolled in Medicaid or CHIP,,,,
VA,Virginia,202202,Y,1875171.0,1695599.0,179572.0,,,,,,,,,,,U,,Does Not Include All Individuals Conditionally Eligible,,,,,
VT,Vermont,202202,Y,186349.0,181564.0,4785.0,,,,,,,,,,,U,,,,,,,
WA,Washington,202202,Y,2075361.0,1991229.0,84132.0,,,,,,,,,,,U,,,,,,,
WI,Wisconsin,202202,N,1347261.0,1262428.0,84833.0,,,,,,,,,,,U,,,,,,,
WV,West Virginia,202202,Y,621926.0,585563.0,36363.0,,,,,,,,,,,U,,Includes Individuals Enrolled At Any Time in Month (Not a Point-in-Time Count),Includes Individuals Enrolled At Any Time in Month (Not a Point-in-Time Count),Includes Individuals Enrolled At Any Time in Month (Not a Point-in-Time Count),,,
WY,Wyoming,202202,N,74185.0,69299.0,4886.0,,,,,,,,,,,U,,,,,,,
AK,Alaska,202203,Y,259457.0,247295.0,12162.0,,,,,,,,,,,U,,,,,,,
AL,Alabama,202203,N,1105560.0,913895.0,191665.0,,,,,,,,,,,U,,,,,,,
AR,Arkansas,202203,Y,1032880.0,952472.0,80408.0,,,,,,,,,,,U,,,,,,,
AZ,Arizona,202203,Y,2178981.0,2040517.0,138464.0,,,,,,,,,,,U,,,,,,,
CA,California,202203,Y,13482237.0,12178827.0,1303410.0,,,,,,,,,,,U,,Includes Limited-Benefit Enrollees,Includes Limited-Benefit Enrollees,Includes Limited-Benefit Enrollees,,,
CO,Colorado,202203,Y,1587524.0,1465005.0,122519.0,,,,,,,,,,,U,,,,,,,
CT,Connecticut,202203,Y,971185.0,956752.0,14433.0,,,,,,,,,,,U,,,,,,,
DC,District of Columbia,202203,Y,279965.0,262782.0,17183.0,,,,,,,,,,,U,,,,,,,
DE,Delaware,202203,Y,283950.0,276341.0,7609.0,,,,,,,,,,,U,,,,,,,
FL,Florida,202203,N,4596546.0,4476192.0,120354.0,,,,,,,,,,,U,,,,,,,
GA,Georgia,202203,N,2349817.0,2051119.0,298698.0,,,,,,,,,,,U,,,,,,,
HI,Hawaii,202203,Y,444463.0,418854.0,25609.0,,,,,,,,,,,U,,,,,,,
IA,Iowa,202203,Y,815024.0,739273.0,75751.0,,,,,,,,,,,U,,,,,,,
ID,Idaho,202203,Y,415362.0,380216.0,35146.0,,,,,,,,,,,U,,,,,,,
IL,Illinois,202203,Y,3602642.0,3266530.0,336112.0,,,,,,,,,,,U,,,,,,,
IN,Indiana,202203,Y,1904790.0,1802650.0,102140.0,,,,,,,,,,,U,,,,,,,
KS,Kansas,202203,N,481840.0,414001.0,67839.0,,,,,,,,,,,U,,,,,,,
KY,Kentucky,202203,Y,1545681.0,1418194.0,127487.0,,,,,,,,,,,U,,,,,,,
LA,Louisiana,202203,Y,1826674.0,1660576.0,166098.0,,,,,,,,,,,U,,,,,,,
MA,Massachusetts,202203,Y,1884256.0,1695154.0,189102.0,,,,,,,,,,,U,,,,,,,
MD,Maryland,202203,Y,1615588.0,1454835.0,160753.0,,,,,,,,,,,U,,,,,,,
ME,Maine,202203,Y,345753.0,332827.0,12926.0,,,,,,,,,,,U,,,,,,,
MI,Michigan,202203,Y,2911853.0,2798843.0,113010.0,,,,,,,,,,,U,,,,,,,
MN,Minnesota,202203,Y,1302484.0,1300846.0,1638.0,,,,,,,,,,,U,,,,,,,
MO,Missouri,202203,Y,1245348.0,1208410.0,36938.0,,,,,,,,,,,U,,,,,,,
MS,Mississippi,202203,N,725907.0,651087.0,74820.0,,,,,,,,,,,U,,,,,,,
MT,Montana,202203,Y,308491.0,279929.0,28562.0,,,,,,,,,,,U,,,,,,,
NC,North Carolina,202203,N,2278626.0,1982691.0,295935.0,,,,,,,,,,,U,,,,,,,
ND,North Dakota,202203,Y,121738.0,118528.0,3210.0,,,,,,,,,,,U,,,,,,,
NE,Nebraska,202203,Y,363863.0,324263.0,39600.0,,,,,,,,,,,U,,,,,,,
NH,New Hampshire,202203,Y,239140.0,217660.0,21480.0,,,,,,,,,,,U,,,,,,,
NJ,New Jersey,202203,Y,2110632.0,1861333.0,249299.0,,,,,,,,,,,U,,,,,,,
NM,New Mexico,202203,Y,870824.0,822382.0,48442.0,,,,,,,,,,,U,,,,,,,
NV,Nevada,202203,Y,850129.0,798019.0,52110.0,,,,,,,,,,,U,,,,,,,
NY,New York,202203,Y,7167607.0,6593384.0,574223.0,,,,,,,,,,,U,,,,,,,
OH,Ohio,202203,Y,3216730.0,2990681.0,226049.0,,,,,,,,,,,U,,Includes Individuals Enrolled At Any Time in Month (Not a Point-in-Time Count),Includes Individuals Enrolled At Any Time in Month (Not a Point-in-Time Count),Includes Individuals Enrolled At Any Time in Month (Not a Point-in-Time Count),,,
OK,Oklahoma,202203,Y,1178990.0,1053579.0,125411.0,,,,,,,,,,,U,,,,,,,
OR,Oregon,202203,Y,1295339.0,1123278.0,172061.0,,,,,,,,,,,U,,,,,,,
PA,Pennsylvania,202203,Y,3570327.0,3305833.0,264494.0,,,,,,,,,,,U,,,,,,,
RI,Rhode Island,202203,Y,348478.0,312240.0,36238.0,,,,,,,,,,,U,,,,,,,
SC,South Carolina,202203,N,1240891.0,1131545.0,109346.0,,,,,,,,,,,U,,Includes Retroactive Enrollments,Includes Retroactive Enrollments,Includes Retroactive Enrollments,,,
SD,South Dakota,202203,N,137289.0,118993.0,18296.0,,,,,,,,,,,U,,,,,,,
TN,Tennessee,202203,N,1683493.0,1539116.0,144377.0,,,,,,,,,,,U,,,,,,,
TX,Texas,202203,N,5364205.0,4904847.0,459358.0,,,,,,,,,,,U,,,,,,,
UT,Utah,202203,Y,454089.0,417790.0,36299.0,,,,,,,,,,,U,,Includes Enrollees in Other Financial Assistance Programs Not Enrolled in Medicaid or CHIP,Includes Enrollees in Other Financial Assistance Programs Not Enrolled in Medicaid or CHIP,,,,
VA,Virginia,202203,Y,1888400.0,1707194.0,181206.0,,,,,,,,,,,U,,Does Not Include All Individuals Conditionally Eligible,,,,,
VT,Vermont,202203,Y,186847.0,182054.0,4793.0,,,,,,,,,,,U,,,,,,,
WA,Washington,202203,Y,2081905.0,1997126.0,84779.0,,,,,,,,,,,U,,,,,,,
WI,Wisconsin,202203,N,1351678.0,1271167.0,80511.0,,,,,,,,,,,U,,,,,,,
WV,West Virginia,202203,Y,625233.0,588604.0,36629.0,,,,,,,,,,,U,,Includes Individuals Enrolled At Any Time in Month (Not a Point-in-Time Count),Includes Individuals Enrolled At Any Time in Month (Not a Point-in-Time Count),Includes Individuals Enrolled At Any Time in Month (Not a Point-in-Time Count),,,
WY,Wyoming,202203,N,74832.0,69916.0,4916.0,,,,,,,,,,,U,,,,,,,
AK,Alaska,202204,Y,259971.0,247976.0,11995.0,,,,,,,,,,,U,,,,,,,
AL,Alabama,202204,N,1111232.0,919231.0,192001.0,,,,,,,,,,,U,,,,,,,
AR,Arkansas,202204,Y,1036775.0,960578.0,76197.0,,,,,,,,,,,U,,,,,,,
AZ,Arizona,202204,Y,2192656.0,2053047.0,139609.0,,,,,,,,,,,U,,,,,,,
CA,California,202204,Y,13534548.0,12235380.0,1299168.0,,,,,,,,,,,U,,Includes Limited-Benefit Enrollees,Includes Limited-Benefit Enrollees,Includes Limited-Benefit Enrollees,,,
CO,Colorado,202204,Y,1596366.0,1476447.0,119919.0,,,,,,,,,,,U,,,,,,,
CT,Connecticut,202204,Y,971354.0,957136.0,14218.0,,,,,,,,,,,U,,,,,,,
DC,District of Columbia,202204,Y,283267.0,265983.0,17284.0,,,,,,,,,,,U,,,,,,,
DE,Delaware,202204,Y,285541.0,278126.0,7415.0,,,,,,,,,,,U,,,,,,,
FL,Florida,202204,N,4631017.0,4512436.0,118581.0,,,,,,,,,,,U,,,,,,,
GA,Georgia,202204,N,2358345.0,2067900.0,290445.0,,,,,,,,,,,U,,,,,,,
HI,Hawaii,202204,Y,446467.0,420897.0,25570.0,,,,,,,,,,,U,,,,,,,
IA,Iowa,202204,Y,818382.0,743450.0,74932.0,,,,,,,,,,,U,,,,,,,
ID,Idaho,202204,Y,417777.0,382170.0,35607.0,,,,,,,,,,,U,,,,,,,
IL,Illinois,202204,Y,3617664.0,3280469.0,337195.0,,,,,,,,,,,U,,,,,,,
IN,Indiana,202204,Y,1919037.0,1817629.0,101408.0,,,,,,,,,,,U,,,,,,,
KS,Kansas,202204,N,483045.0,415740.0,67305.0,,,,,,,,,,,U,,,,,,,
KY,Kentucky,202204,Y,1552886.0,1434175.0,118711.0,,,,,,,,,,,U,,,,,,,
LA,Louisiana,202204,Y,1833628.0,1664356.0,169272.0,,,,,,,,,,,U,,,,,,,
MA,Massachusetts,202204,Y,1892520.0,1703234.0,189286.0,,,,,,,,,,,U,,,,,,,
MD,Maryland,202204,Y,1622660.0,1461888.0,160772.0,,,,,,,,,,,U,,,,,,,
ME,Maine,202204,Y,348878.0,335617.0,13261.0,,,,,,,,,,,U,,,,,,,
MI,Michigan,202204,Y,2924114.0,2807729.0,116385.0,,,,,,,,,,,U,,,,,,,
MN,Minnesota,202204,Y,1309322.0,1307660.0,1662.0,,,,,,,,,,,U,,,,,,,
MO,Missouri,202204,Y,1266501.0,1232620.0,33881.0,,,,,,,,,,,U,,,,,,,
MS,Mississippi,202204,N,729776.0,655197.0,74579.0,,,,,,,,,,,U,,,,,,,
MT,Montana,202204,Y,309924.0,281332.0,28592.0,,,,,,,,,,,U,,,,,,,
NC,North Carolina,202204,N,2288477.0,1993469.0,295008.0,,,,,,,,,,,U,,,,,,,
ND,North Dakota,202204,Y,122573.0,119327.0,3246.0,,,,,,,,,,,U,,,,,,,
NE,Nebraska,202204,Y,366131.0,326453.0,39678.0,,,,,,,,,,,U,,,,,,,
NH,New Hampshire,202204,Y,239843.0,218110.0,21733.0,,,,,,,,,,,U,,,,,,,
NJ,New Jersey,202204,Y,2117394.0,1866356.0,251038.0,,,,,,,,,,,U,,,,,,,
NM,New Mexico,202204,Y,870319.0,823113.0,47206.0,,,,,,,,,,,U,,,,,,,
NV,Nevada,202204,Y,851705.0,799951.0,51754.0,,,,,,,,,,,U,,,,,,,
NY,New York,202204,Y,7176712.0,6605423.0,571289.0,,,,,,,,,,,U,,,,,,,
OH,Ohio,202204,Y,3230188.0,3004205.0,225983.0,,,,,,,,,,,U,,Includes Individuals Enrolled At Any Time in Month (Not a Point-in-Time Count),Includes Individuals Enrolled At Any Time in Month (Not a Point-in-Time Count),Includes Individuals Enrolled At Any Time in Month (Not a Point-in-Time Count),,,
OK,Oklahoma,202204,Y,1192854.0,1064567.0,128287.0,,,,,,,,,,,U,,,,,,,
OR,Oregon,202204,Y,1297319.0,1124324.0,172995.0,,,,,,,,,,,U,,,,,,,
PA,Pennsylvania,202204,Y,3582469.0,3320152.0,262317.0,,,,,,,,,,,U,,,,,,,
RI,Rhode Island,202204,Y,349624.0,314816.0,34808.0,,,,,,,,,,,U,,,,,,,
SC,South Carolina,202204,N,1248007.0,1138584.0,109423.0,,,,,,,,,,,U,,Includes Retroactive Enrollments,Includes Retroactive Enrollments,Includes Retroactive Enrollments,,,
SD,South Dakota,202204,N,137768.0,119528.0,18240.0,,,,,,,,,,,U,,,,,,,
TN,Tennessee,202204,N,1694051.0,1553288.0,140763.0,,,,,,,,,,,U,,,,,,,
TX,Texas,202204,N,5394438.0,4911153.0,483285.0,,,,,,,,,,,U,,,,,,,
UT,Utah,202204,Y,456400.0,420251.0,36149.0,,,,,,,,,,,U,,Includes Enrollees in Other Financial Assistance Programs Not Enrolled in Medicaid or CHIP,Includes Enrollees in Other Financial Assistance Programs Not Enrolled in Medicaid or CHIP,,,,
VA,Virginia,202204,Y,1903916.0,1721718.0,182198.0,,,,,,,,,,,U,,Does Not Include All Individuals Conditionally Eligible,,,,,
VT,Vermont,202204,Y,187296.0,182486.0,4810.0,,,,,,,,,,,U,,,,,,,
WA,Washington,202204,Y,2093273.0,2017424.0,75849.0,,,,,,,,,,,U,,,,,,,
WI,Wisconsin,202204,N,1361016.0,1279724.0,81292.0,,,,,,,,,,,U,,,,,,,
WV,West Virginia,202204,Y,627706.0,593001.0,34705.0,,,,,,,,,,,U,,Includes Individuals Enrolled At Any Time in Month (Not a Point-in-Time Count),Includes Individuals Enrolled At Any Time in Month (Not a Point-in-Time Count),Includes Individuals Enrolled At Any Time in Month (Not a Point-in-Time Count),,,
WY,Wyoming,202204,N,75200.0,70307.0,4893.0,,,,,,,,,,,U,,,,,,,
AK,Alaska,202205,Y,260768.0,248863.0,11905.0,,,,,,,,,,,U,,,,,,,
AL,Alabama,202205,N,1117657.0,924905.0,192752.0,,,,,,,,,,,U,,,,,,,
AR,Arkansas,202205,Y,1042058.0,965788.0,76270.0,,,,,,,,,,,U,,,,,,,
AZ,Arizona,202205,Y,2206792.0,2066864.0,139928.0,,,,,,,,,,,U,,,,,,,
CA,California,202205,Y,13625983.0,12334834.0,1291149.0,,,,,,,,,,,U,,Includes Limited-Benefit Enrollees,Includes Limited-Benefit Enrollees,Includes Limited-Benefit Enrollees,,,
CO,Colorado,202205,Y,1604668.0,1485472.0,119196.0,,,,,,,,,,,U,,,,,,,
CT,Connecticut,202205,Y,974428.0,959936.0,14492.0,,,,,,,,,,,U,,,,,,,
DC,District of Columbia,202205,Y,285248.0,268110.0,17138.0,,,,,,,,,,,U,,,,,,,
DE,Delaware,202205,Y,287300.0,279904.0,7396.0,,,,,,,,,,,U,,,,,,,
FL,Florida,202205,N,4670235.0,4555896.0,114339.0,,,,,,,,,,,U,,,,,,,
GA,Georgia,202205,N,2373707.0,2080937.0,292770.0,,,,,,,,,,,U,,,,,,,
HI,Hawaii,202205,Y,448383.0,423134.0,25249.0,,,,,,,,,,,U,,,,,,,
IA,Iowa,202205,Y,820690.0,746418.0,74272.0,,,,,,,,,,,U,,,,,,,
ID,Idaho,202205,Y,419898.0,384132.0,35766.0,,,,,,,,,,,U,,,,,,,
IL,Illinois,202205,Y,3634453.0,3296138.0,338315.0,,,,,,,,,,,U,,,,,,,
IN,Indiana,202205,Y,1931829.0,1831279.0,100550.0,,,,,,,,,,,U,,,,,,,
KS,Kansas,202205,N,485455.0,417985.0,67470.0,,,,,,,,,,,U,,,,,,,
KY,Kentucky,202205,Y,1560221.0,1439581.0,120640.0,,,,,,,,,,,U,,,,,,,
LA,Louisiana,202205,Y,1844912.0,1673518.0,171394.0,,,,,,,,,,,U,,,,,,,
MA,Massachusetts,202205,Y,1904927.0,1715277.0,189650.0,,,,,,,,,,,U,,,,,,,
MD,Maryland,202205,Y,1628180.0,1467362.0,160818.0,,,,,,,,,,,U,,,,,,,
ME,Maine,202205,Y,350738.0,337441.0,13297.0,,,,,,,,,,,U,,,,,,,
MI,Michigan,202205,Y,2936453.0,2817922.0,118531.0,,,,,,,,,,,U,,,,,,,
MN,Minnesota,202205,Y,1315330.0,1313663.0,1667.0,,,,,,,,,,,U,,,,,,,
MO,Missouri,202205,Y,1291572.0,1258001.0,33571.0,,,,,,,,,,,U,,,,,,,
MS,Mississippi,202205,N,733637.0,659417.0,74220.0,,,,,,,,,,,U,,,,,,,
MT,Montana,202205,Y,311309.0,282755.0,28554.0,,,,,,,,,,,U,,,,,,,
NC,North Carolina,202205,N,2300121.0,2005914.0,294207.0,,,,,,,,,,,U,,,,,,,
ND,North Dakota,202205,Y,123279.0,120024.0,3255.0,,,,,,,,,,,U,,,,,,,
NE,Nebraska,202205,Y,368326.0,328460.0,39866.0,,,,,,,,,,,U,,,,,,,
NH,New Hampshire,202205,Y,240614.0,218644.0,21970.0,,,,,,,,,,,U,,,,,,,
NJ,New Jersey,202205,Y,2130668.0,1877436.0,253232.0,,,,,,,,,,,U,,,,,,,
NM,New Mexico,202205,Y,873372.0,825463.0,47909.0,,,,,,,,,,,U,,,,,,,
NV,Nevada,202205,Y,857879.0,806268.0,51611.0,,,,,,,,,,,U,,,,,,,
NY,New York,202205,Y,7191272.0,6622742.0,568530.0,,,,,,,,,,,U,,,,,,,
OH,Ohio,202205,Y,3242826.0,3015198.0,227628.0,,,,,,,,,,,U,,Includes Individuals Enrolled At Any Time in Month (Not a Point-in-Time Count),Includes Individuals Enrolled At Any Time in Month (Not a Point-in-Time Count),Includes Individuals Enrolled At Any Time in Month (Not a Point-in-Time Count),,,
OK,Oklahoma,202205,Y,1203318.0,1073669.0,129649.0,,,,,,,,,,,U,,,,,,,
OR,Oregon,202205,Y,1303226.0,1129360.0,173866.0,,,,,,,,,,,U,,,,,,,
PA,Pennsylvania,202205,Y,3592984.0,3331850.0,261134.0,,,,,,,,,,,U,,,,,,,
RI,Rhode Island,202205,Y,350882.0,315884.0,34998.0,,,,,,,,,,,U,,,,,,,
SC,South Carolina,202205,N,1253906.0,1144294.0,109612.0,,,,,,,,,,,U,,Includes Retroactive Enrollments,Includes Retroactive Enrollments,Includes Retroactive Enrollments,,,
SD,South Dakota,202205,N,138787.0,120526.0,18261.0,,,,,,,,,,,U,,,,,,,
TN,Tennessee,202205,N,1702783.0,1558302.0,144481.0,,,,,,,,,,,U,,,,,,,
TX,Texas,202205,N,5436087.0,4983928.0,452159.0,,,,,,,,,,,U,,,,,,,
UT,Utah,202205,Y,459467.0,423446.0,36021.0,,,,,,,,,,,U,,Includes Enrollees in Other Financial Assistance Programs Not Enrolled in Medicaid or CHIP,Includes Enrollees in Other Financial Assistance Programs Not Enrolled in Medicaid or CHIP,,,,
VA,Virginia,202205,Y,1920001.0,1738624.0,181377.0,,,,,,,,,,,U,,Does Not Include All Individuals Conditionally Eligible,,,,,
VT,Vermont,202205,Y,187940.0,183073.0,4867.0,,,,,,,,,,,U,,,,,,,
WA,Washington,202205,Y,2102043.0,2025454.0,76589.0,,,,,,,,,,,U,,,,,,,
WI,Wisconsin,202205,N,1368028.0,1286046.0,81982.0,,,,,,,,,,,U,,,,,,,
WV,West Virginia,202205,Y,630351.0,595516.0,34835.0,,,,,,,,,,,U,,Includes Individuals Enrolled At Any Time in Month (Not a Point-in-Time Count),Includes Individuals Enrolled At Any Time in Month (Not a Point-in-Time Count),Includes Individuals Enrolled At Any Time in Month (Not a Point-in-Time Count),,,
WY,Wyoming,202205,N,76431.0,71472.0,4959.0,,,,,,,,,,,U,,,,,,,
AK,Alaska,202206,Y,262031.0,250149.0,11882.0,,,,,,,,,,,U,,,,,,,
AL,Alabama,202206,N,1124686.0,931097.0,193589.0,,,,,,,,,,,U,,,,,,,
AR,Arkansas,202206,Y,1046757.0,970639.0,76118.0,,,,,,,,,,,U,,,,,,,
AZ,Arizona,202206,Y,2216371.0,2076270.0,140101.0,,,,,,,,,,,U,,,,,,,
CA,California,202206,Y,13688202.0,12398124.0,1290078.0,,,,,,,,,,,U,,Includes Limited-Benefit Enrollees,Includes Limited-Benefit Enrollees,Includes Limited-Benefit Enrollees,,,
CO,Colorado,202206,Y,1613662.0,1495494.0,118168.0,,,,,,,,,,,U,,,,,,,
CT,Connecticut,202206,Y,974747.0,960062.0,14685.0,,,,,,,,,,,U,,,,,,,
DC,District of Columbia,202206,Y,286000.0,268910.0,17090.0,,,,,,,,,,,U,,,,,,,
DE,Delaware,202206,Y,289032.0,281747.0,7285.0,,,,,,,,,,,U,,,,,,,
FL,Florida,202206,N,4704468.0,4592578.0,111890.0,,,,,,,,,,,U,,,,,,,
GA,Georgia,202206,N,2388803.0,2094195.0,294608.0,,,,,,,,,,,U,,,,,,,
HI,Hawaii,202206,Y,450481.0,425511.0,24970.0,,,,,,,,,,,U,,,,,,,
IA,Iowa,202206,Y,823937.0,750262.0,73675.0,,,,,,,,,,,U,,,,,,,
ID,Idaho,202206,Y,426582.0,390003.0,36579.0,,,,,,,,,,,U,,,,,,,
IL,Illinois,202206,Y,3652784.0,3313334.0,339450.0,,,,,,,,,,,U,,,,,,,
IN,Indiana,202206,Y,1944084.0,1837475.0,106609.0,,,,,,,,,,,U,,,,,,,
KS,Kansas,202206,N,488591.0,421032.0,67559.0,,,,,,,,,,,U,,,,,,,
KY,Kentucky,202206,Y,1568276.0,1446054.0,122222.0,,,,,,,,,,,U,,,,,,,
LA,Louisiana,202206,Y,1850247.0,1676715.0,173532.0,,,,,,,,,,,U,,,,,,,
MA,Massachusetts,202206,Y,1912980.0,1722870.0,190110.0,,,,,,,,,,,U,,,,,,,
MD,Maryland,202206,Y,1636369.0,1475099.0,161270.0,,,,,,,,,,,U,,,,,,,
ME,Maine,202206,Y,352994.0,339672.0,13322.0,,,,,,,,,,,U,,,,,,,
MI,Michigan,202206,Y,2949707.0,2828907.0,120800.0,,,,,,,,,,,U,,,,,,,
MN,Minnesota,202206,Y,1321602.0,1320107.0,1495.0,,,,,,,,,,,U,,,,,,,
MO,Missouri,202206,Y,1320696.0,1287271.0,33425.0,,,,,,,,,,,U,,,,,,,
MS,Mississippi,202206,N,737845.0,663644.0,74201.0,,,,,,,,,,,U,,,,,,,
MT,Montana,202206,Y,312515.0,284003.0,28512.0,,,,,,,,,,,U,,,,,,,
NC,North Carolina,202206,N,2313358.0,2019146.0,294212.0,,,,,,,,,,,U,,,,,,,
ND,North Dakota,202206,Y,124213.0,120890.0,3323.0,,,,,,,,,,,U,,,,,,,
NE,Nebraska,202206,Y,371047.0,330929.0,40118.0,,,,,,,,,,,U,,,,,,,
NH,New Hampshire,202206,Y,241793.0,219585.0,22208.0,,,,,,,,,,,U,,,,,,,
NJ,New Jersey,202206,Y,2139794.0,1884395.0,255399.0,,,,,,,,,,,U,,,,,,,
NM,New Mexico,202206,Y,874678.0,826070.0,48608.0,,,,,,,,,,,U,,,,,,,
NV,Nevada,202206,Y,865597.0,813818.0,51779.0,,,,,,,,,,,U,,,,,,,
NY,New York,202206,Y,7224391.0,6657081.0,567310.0,,,,,,,,,,,U,,,,,,,
OH,Ohio,202206,Y,3256033.0,3026305.0,229728.0,,,,,,,,,,,U,,Includes Individuals Enrolled At Any Time in Month (Not a Point-in-Time Count),Includes Individuals Enrolled At Any Time in Month (Not a Point-in-Time Count),Includes Individuals Enrolled At Any Time in Month (Not a Point-in-Time Count),,,
OK,Oklahoma,202206,Y,1217200.0,1086059.0,131141.0,,,,,,,,,,,U,,,,,,,
OR,Oregon,202206,Y,1310089.0,1134690.0,175399.0,,,,,,,,,,,U,,,,,,,
PA,Pennsylvania,202206,Y,3605718.0,3345711.0,260007.0,,,,,,,,,,,U,,,,,,,
RI,Rhode Island,202206,Y,352367.0,316996.0,35371.0,,,,,,,,,,,U,,,,,,,
SC,South Carolina,202206,N,1261689.0,1151903.0,109786.0,,,,,,,,,,,U,,Includes Retroactive Enrollments,Includes Retroactive Enrollments,Includes Retroactive Enrollments,,,
SD,South Dakota,202206,N,139712.0,121493.0,18219.0,,,,,,,,,,,U,,,,,,,
TN,Tennessee,202206,N,1710987.0,1565896.0,145091.0,,,,,,,,,,,U,,,,,,,
TX,Texas,202206,N,5473452.0,4984207.0,489245.0,,,,,,,,,,,U,,,,,,,
UT,Utah,202206,Y,462300.0,426330.0,35970.0,,,,,,,,,,,U,,Includes Enrollees in Other Financial Assistance Programs Not Enrolled in Medicaid or CHIP,Includes Enrollees in Other Financial Assistance Programs Not Enrolled in Medicaid or CHIP,,,,
VA,Virginia,202206,Y,1925696.0,1743428.0,182268.0,,,,,,,,,,,U,,Does Not Include All Individuals Conditionally Eligible,,,,,
VT,Vermont,202206,Y,188808.0,183972.0,4836.0,,,,,,,,,,,U,,,,,,,
WA,Washington,202206,Y,2111135.0,2033707.0,77428.0,,,,,,,,,,,U,,,,,,,
WI,Wisconsin,202206,N,1375619.0,1293025.0,82594.0,,,,,,,,,,,U,,,,,,,
WV,West Virginia,202206,Y,633513.0,598418.0,35095.0,,,,,,,,,,,U,,Includes Individuals Enrolled At Any Time in Month (Not a Point-in-Time Count),Includes Individuals Enrolled At Any Time in Month (Not a Point-in-Time Count),Includes Individuals Enrolled At Any Time in Month (Not a Point-in-Time Count),,,
WY,Wyoming,202206,N,78132.0,73103.0,5029.0,,,,,,,,,,,U,,,,,,,
AK,Alaska,202207,Y,261816.0,249966.0,11850.0,,,,,,,,,,,U,,,,,,,
AL,Alabama,202207,N,1131447.0,937078.0,194369.0,,,,,,,,,,,U,,,,,,,
AR,Arkansas,202207,Y,1050577.0,974491.0,76086.0,,,,,,,,,,,U,,,,,,,
AZ,Arizona,202207,Y,2227971.0,2087366.0,140605.0,,,,,,,,,,,U,,,,,,,
CA,California,202207,Y,13744043.0,12454462.0,1289581.0,,,,,,,,,,,U,,Includes Limited-Benefit Enrollees,Includes Limited-Benefit Enrollees,Includes Limited-Benefit Enrollees,,,
CO,Colorado,202207,Y,1625112.0,1506952.0,118160.0,,,,,,,,,,,U,,,,,,,
CT,Connecticut,202207,Y,979293.0,964632.0,14661.0,,,,,,,,,,,U,,,,,,,
DC,District of Columbia,202207,Y,286672.0,269716.0,16956.0,,,,,,,,,,,U,,,,,,,
DE,Delaware,202207,Y,290979.0,283805.0,7174.0,,,,,,,,,,,U,,,,,,,
FL,Florida,202207,N,4734996.0,4625787.0,109209.0,,,,,,,,,,,U,,,,,,,
GA,Georgia,202207,N,2405477.0,2107383.0,298094.0,,,,,,,,,,,U,,,,,,,
HI,Hawaii,202207,Y,452696.0,427937.0,24759.0,,,,,,,,,,,U,,,,,,,
IA,Iowa,202207,Y,828281.0,754984.0,73297.0,,,,,,,,,,,U,,,,,,,
ID,Idaho,202207,Y,430307.0,393687.0,36620.0,,,,,,,,,,,U,,,,,,,
IL,Illinois,202207,Y,3675203.0,3334260.0,340943.0,,,,,,,,,,,U,,,,,,,
IN,Indiana,202207,Y,1954908.0,1836172.0,118736.0,,,,,,,,,,,U,,,,,,,
KS,Kansas,202207,N,491952.0,424268.0,67684.0,,,,,,,,,,,U,,,,,,,
KY,Kentucky,202207,Y,1576193.0,1452562.0,123631.0,,,,,,,,,,,U,,,,,,,
LA,Louisiana,202207,Y,1858130.0,1682574.0,175556.0,,,,,,,,,,,U,,,,,,,
MA,Massachusetts,202207,Y,1923683.0,1732890.0,190793.0,,,,,,,,,,,U,,,,,,,
MD,Maryland,202207,Y,1645951.0,1484201.0,161750.0,,,,,,,,,,,U,,,,,,,
ME,Maine,202207,Y,355437.0,342003.0,13434.0,,,,,,,,,,,U,,,,,,,
MI,Michigan,202207,Y,2965223.0,2842155.0,123068.0,,,,,,,,,,,U,,,,,,,
MN,Minnesota,202207,Y,1332742.0,1330785.0,1957.0,,,,,,,,,,,U,,,,,,,
MO,Missouri,202207,Y,1379791.0,1346168.0,33623.0,,,,,,,,,,,U,,,,,,,
MS,Mississippi,202207,N,742600.0,668471.0,74129.0,,,,,,,,,,,U,,,,,,,
MT,Montana,202207,Y,313837.0,285325.0,28512.0,,,,,,,,,,,U,,,,,,,
NC,North Carolina,202207,N,2327362.0,2033359.0,294003.0,,,,,,,,,,,U,,,,,,,
ND,North Dakota,202207,Y,123776.0,120401.0,3375.0,,,,,,,,,,,U,,,,,,,
NE,Nebraska,202207,Y,374026.0,333566.0,40460.0,,,,,,,,,,,U,,,,,,,
NH,New Hampshire,202207,Y,242720.0,220034.0,22686.0,,,,,,,,,,,U,,,,,,,
NJ,New Jersey,202207,Y,2148004.0,1890772.0,257232.0,,,,,,,,,,,U,,,,,,,
NM,New Mexico,202207,Y,876177.0,826934.0,49243.0,,,,,,,,,,,U,,,,,,,
NV,Nevada,202207,Y,868971.0,816631.0,52340.0,,,,,,,,,,,U,,,,,,,
NY,New York,202207,Y,7249900.0,6685868.0,564032.0,,,,,,,,,,,U,,,,,,,
OH,Ohio,202207,Y,3270899.0,3040264.0,230635.0,,,,,,,,,,,U,,Includes Individuals Enrolled At Any Time in Month (Not a Point-in-Time Count),Includes Individuals Enrolled At Any Time in Month (Not a Point-in-Time Count),Includes Individuals Enrolled At Any Time in Month (Not a Point-in-Time Count),,,
OK,Oklahoma,202207,Y,1231239.0,1099656.0,131583.0,,,,,,,,,,,U,,,,,,,
OR,Oregon,202207,Y,1334459.0,1157527.0,176932.0,,,,,,,,,,,U,,,,,,,
PA,Pennsylvania,202207,Y,3621759.0,3362021.0,259738.0,,,,,,,,,,,U,,,,,,,
RI,Rhode Island,202207,Y,353502.0,318021.0,35481.0,,,,,,,,,,,U,,,,,,,
SC,South Carolina,202207,N,1269341.0,1159359.0,109982.0,,,,,,,,,,,U,,,,,,,
SD,South Dakota,202207,N,140676.0,122328.0,18348.0,,,,,,,,,,,U,,,,,,,
TN,Tennessee,202207,N,1719939.0,1574091.0,145848.0,,,,,,,,,,,U,,,,,,,
TX,Texas,202207,N,5643143.0,5339503.0,303640.0,,,,,,,,,,,U,,,,,,,
UT,Utah,202207,Y,465497.0,430092.0,35405.0,,,,,,,,,,,U,,Includes Enrollees in Other Financial Assistance Programs Not Enrolled in Medicaid or CHIP,Includes Enrollees in Other Financial Assistance Programs Not Enrolled in Medicaid or CHIP,,,,
VA,Virginia,202207,Y,1934368.0,1751762.0,182606.0,,,,,,,,,,,U,,,,,,,
VT,Vermont,202207,Y,189194.0,184361.0,4833.0,,,,,,,,,,,U,,,,,,,
WA,Washington,202207,Y,2120740.0,2043010.0,77730.0,,,,,,,,,,,U,,,,,,,
WI,Wisconsin,202207,N,1380418.0,1297229.0,83189.0,,,,,,,,,,,U,,,,,,,
WV,West Virginia,202207,Y,636796.0,601485.0,35311.0,,,,,,,,,,,U,,Includes Individuals Enrolled At Any Time in Month (Not a Point-in-Time Count),Includes Individuals Enrolled At Any Time in Month (Not a Point-in-Time Count),Includes Individuals Enrolled At Any Time in Month (Not a Point-in-Time Count),,,
WY,Wyoming,202207,N,79318.0,74221.0,5097.0,,,,,,,,,,,U,,,,,,,
AK,Alaska,202208,Y,262417.0,250637.0,11780.0,,,,,,,,,,,U,,,,,,,
AL,Alabama,202208,N,1138432.0,943003.0,195429.0,,,,,,,,,,,U,,,,,,,
AR,Arkansas,202208,Y,1056949.0,981154.0,75795.0,,,,,,,,,,,U,,,,,,,
AZ,Arizona,202208,Y,2245107.0,2103797.0,141310.0,,,,,,,,,,,U,,,,,,,
CA,California,202208,Y,13820824.0,12530662.0,1290162.0,,,,,,,,,,,U,,Includes Limited-Benefit Enrollees,Includes Limited-Benefit Enrollees,Includes Limited-Benefit Enrollees,,,
CO,Colorado,202208,Y,1636357.0,1517616.0,118741.0,,,,,,,,,,,U,,,,,,,
CT,Connecticut,202208,Y,985813.0,971092.0,14721.0,,,,,,,,,,,U,,,,,,,
DC,District of Columbia,202208,Y,287984.0,271064.0,16920.0,,,,,,,,,,,U,,,,,,,
DE,Delaware,202208,Y,293136.0,285962.0,7174.0,,,,,,,,,,,U,,,,,,,
FL,Florida,202208,N,4773338.0,4667364.0,105974.0,,,,,,,,,,,U,,,,,,,
GA,Georgia,202208,N,2423690.0,2122927.0,300763.0,,,,,,,,,,,U,,,,,,,
HI,Hawaii,202208,Y,454990.0,430360.0,24630.0,,,,,,,,,,,U,,,,,,,
IA,Iowa,202208,Y,833293.0,760828.0,72465.0,,,,,,,,,,,U,,,,,,,
ID,Idaho,202208,Y,432974.0,395652.0,37322.0,,,,,,,,,,,U,,,,,,,
IL,Illinois,202208,Y,3703488.0,3368621.0,334867.0,,,,,,,,,,,U,,,,,,,
IN,Indiana,202208,Y,1969831.0,1847718.0,122113.0,,,,,,,,,,,U,,,,,,,
KS,Kansas,202208,N,494766.0,427029.0,67737.0,,,,,,,,,,,U,,,,,,,
KY,Kentucky,202208,Y,1585244.0,1459549.0,125695.0,,,,,,,,,,,U,,,,,,,
LA,Louisiana,202208,Y,1866372.0,1688969.0,177403.0,,,,,,,,,,,U,,,,,,,
MA,Massachusetts,202208,Y,1933081.0,1740636.0,192445.0,,,,,,,,,,,U,,,,,,,
MD,Maryland,202208,Y,1654583.0,1492159.0,162424.0,,,,,,,,,,,U,,,,,,,
ME,Maine,202208,Y,357282.0,343822.0,13460.0,,,,,,,,,,,U,,,,,,,
MI,Michigan,202208,Y,2983721.0,2858127.0,125594.0,,,,,,,,,,,U,,,,,,,
MN,Minnesota,202208,Y,1342340.0,1340239.0,2101.0,,,,,,,,,,,U,,,,,,,
MO,Missouri,202208,Y,1396515.0,1362031.0,34484.0,,,,,,,,,,,U,,,,,,,
MS,Mississippi,202208,N,748431.0,674532.0,73899.0,,,,,,,,,,,U,,,,,,,
MT,Montana,202208,Y,315377.0,286852.0,28525.0,,,,,,,,,,,U,,,,,,,
NC,North Carolina,202208,N,2343905.0,2049065.0,294840.0,,,,,,,,,,,U,,,,,,,
ND,North Dakota,202208,Y,126517.0,123019.0,3498.0,,,,,,,,,,,U,,,,,,,
NE,Nebraska,202208,Y,377726.0,336777.0,40949.0,,,,,,,,,,,U,,,,,,,
NH,New Hampshire,202208,Y,243549.0,220606.0,22943.0,,,,,,,,,,,U,,,,,,,
NJ,New Jersey,202208,Y,2159579.0,1900414.0,259165.0,,,,,,,,,,,U,,,,,,,
NM,New Mexico,202208,Y,879766.0,830089.0,49677.0,,,,,,,,,,,U,,,,,,,
NV,Nevada,202208,Y,877180.0,824542.0,52638.0,,,,,,,,,,,U,,,,,,,
NY,New York,202208,Y,7269924.0,6711720.0,558204.0,,,,,,,,,,,U,,,,,,,
OH,Ohio,202208,Y,3289608.0,3057112.0,232496.0,,,,,,,,,,,U,,Includes Individuals Enrolled At Any Time in Month (Not a Point-in-Time Count),Includes Individuals Enrolled At Any Time in Month (Not a Point-in-Time Count),Includes Individuals Enrolled At Any Time in Month (Not a Point-in-Time Count),,,
OK,Oklahoma,202208,Y,1248544.0,1116979.0,131565.0,,,,,,,,,,,U,,,,,,,
OR,Oregon,202208,Y,1343029.0,1163965.0,179064.0,,,,,,,,,,,U,,,,,,,
PA,Pennsylvania,202208,Y,3638737.0,3379171.0,259566.0,,,,,,,,,,,U,,,,,,,
RI,Rhode Island,202208,Y,355465.0,320369.0,35096.0,,,,,,,,,,,U,,,,,,,
SC,South Carolina,202208,N,1278116.0,1167870.0,110246.0,,,,,,,,,,,U,,,,,,,
SD,South Dakota,202208,N,141685.0,123246.0,18439.0,,,,,,,,,,,U,,,,,,,
TN,Tennessee,202208,N,1729938.0,1582946.0,146992.0,,,,,,,,,,,U,,,,,,,
TX,Texas,202208,N,5687442.0,5384358.0,303084.0,,,,,,,,,,,U,,,,,,,
UT,Utah,202208,Y,469333.0,434085.0,35248.0,,,,,,,,,,,U,,Includes Enrollees in Other Financial Assistance Programs Not Enrolled in Medicaid or CHIP,Includes Enrollees in Other Financial Assistance Programs Not Enrolled in Medicaid or CHIP,,,,
VA,Virginia,202208,Y,1945680.0,1762338.0,183342.0,,,,,,,,,,,U,,,,,,,
VT,Vermont,202208,Y,190063.0,185220.0,4843.0,,,,,,,,,,,U,,,,,,,
WA,Washington,202208,Y,2133275.0,2055342.0,77933.0,,,,,,,,,,,U,,,,,,,
WI,Wisconsin,202208,N,1391275.0,1307269.0,84006.0,,,,,,,,,,,U,,,,,,,
WV,West Virginia,202208,Y,642636.0,607208.0,35428.0,,,,,,,,,,,U,,Includes Individuals Enrolled At Any Time in Month (Not a Point-in-Time Count),Includes Individuals Enrolled At Any Time in Month (Not a Point-in-Time Count),Includes Individuals Enrolled At Any Time in Month (Not a Point-in-Time Count),,,
WY,Wyoming,202208,N,80208.0,75060.0,5148.0,,,,,,,,,,,U,,,,,,,
AK,Alaska,202209,Y,262624.0,250824.0,11800.0,,,,,,,,,,,U,,,,,,,
AL,Alabama,202209,N,1145077.0,948813.0,196264.0,,,,,,,,,,,U,,,,,,,
AR,Arkansas,202209,Y,1061632.0,986207.0,75425.0,,,,,,,,,,,U,,,,,,,
AZ,Arizona,202209,Y,2257808.0,2115269.0,142539.0,,,,,,,,,,,U,,,,,,,
CA,California,202209,Y,13885444.0,12595135.0,1290309.0,,,,,,,,,,,U,,Includes Limited-Benefit Enrollees,Includes Limited-Benefit Enrollees,Includes Limited-Benefit Enrollees,,,
CO,Colorado,202209,Y,1645708.0,1526920.0,118788.0,,,,,,,,,,,U,,,,,,,
CT,Connecticut,202209,Y,993236.0,978640.0,14596.0,,,,,,,,,,,U,,,,,,,
DC,District of Columbia,202209,Y,289546.0,272743.0,16803.0,,,,,,,,,,,U,,,,,,,
DE,Delaware,202209,Y,294956.0,287891.0,7065.0,,,,,,,,,,,U,,,,,,,
FL,Florida,202209,N,4796092.0,4692209.0,103883.0,,,,,,,,,,,U,,,,,,,
GA,Georgia,202209,N,2438113.0,2133466.0,304647.0,,,,,,,,,,,U,,,,,,,
HI,Hawaii,202209,Y,456658.0,432878.0,23780.0,,,,,,,,,,,U,,,,,,,
IA,Iowa,202209,Y,837687.0,765715.0,71972.0,,,,,,,,,,,U,,,,,,,
ID,Idaho,202209,Y,436769.0,398911.0,37858.0,,,,,,,,,,,U,,,,,,,
IL,Illinois,202209,Y,3722306.0,3386032.0,336274.0,,,,,,,,,,,U,,,,,,,
IN,Indiana,202209,Y,1981054.0,1855285.0,125769.0,,,,,,,,,,,U,,,,,,,
KS,Kansas,202209,N,496902.0,429091.0,67811.0,,,,,,,,,,,U,,,,,,,
KY,Kentucky,202209,Y,1592951.0,1465381.0,127570.0,,,,,,,,,,,U,,,,,,,
LA,Louisiana,202209,Y,1872410.0,1693151.0,179259.0,,,,,,,,,,,U,,,,,,,
MA,Massachusetts,202209,Y,1946317.0,1750015.0,196302.0,,,,,,,,,,,U,,,,,,,
MD,Maryland,202209,Y,1661447.0,1498404.0,163043.0,,,,,,,,,,,U,,,,,,,
ME,Maine,202209,Y,359139.0,345668.0,13471.0,,,,,,,,,,,U,,,,,,,
MI,Michigan,202209,Y,2999634.0,2870736.0,128898.0,,,,,,,,,,,U,,,,,,,
MN,Minnesota,202209,Y,1347511.0,1345364.0,2147.0,,,,,,,,,,,U,,,,,,,
MO,Missouri,202209,Y,1411488.0,1376178.0,35310.0,,,,,,,,,,,U,,,,,,,
MS,Mississippi,202209,N,761912.0,686671.0,75241.0,,,,,,,,,,,U,,,,,,,
MT,Montana,202209,Y,319927.0,291360.0,28567.0,,,,,,,,,,,U,,,,,,,
NC,North Carolina,202209,N,2357481.0,2061990.0,295491.0,,,,,,,,,,,U,,,,,,,
ND,North Dakota,202209,Y,127511.0,123979.0,3532.0,,,,,,,,,,,U,,,,,,,
NE,Nebraska,202209,Y,380586.0,339486.0,41100.0,,,,,,,,,,,U,,,,,,,
NH,New Hampshire,202209,Y,244648.0,221472.0,23176.0,,,,,,,,,,,U,,,,,,,
NJ,New Jersey,202209,Y,2168752.0,1909587.0,259165.0,,,,,,,,,,,U,,,,,,,
NM,New Mexico,202209,Y,882745.0,832459.0,50286.0,,,,,,,,,,,U,,,,,,,
NV,Nevada,202209,Y,880088.0,827161.0,52927.0,,,,,,,,,,,U,,,,,,,
NY,New York,202209,Y,7318196.0,6751099.0,567097.0,,,,,,,,,,,U,,,,,,,
OH,Ohio,202209,Y,3304546.0,3069346.0,235200.0,,,,,,,,,,,U,,Includes Individuals Enrolled At Any Time in Month (Not a Point-in-Time Count),Includes Individuals Enrolled At Any Time in Month (Not a Point-in-Time Count),Includes Individuals Enrolled At Any Time in Month (Not a Point-in-Time Count),,,
OK,Oklahoma,202209,Y,1261346.0,1130866.0,130480.0,,,,,,,,,,,U,,,,,,,
OR,Oregon,202209,Y,1350686.0,1172046.0,178640.0,,,,,,,,,,,U,,,,,,,
PA,Pennsylvania,202209,Y,3626994.0,3367833.0,259161.0,,,,,,,,,,,U,,,,,,,
RI,Rhode Island,202209,Y,357068.0,321798.0,35270.0,,,,,,,,,,,U,,,,,,,
SC,South Carolina,202209,N,1284639.0,1174172.0,110467.0,,,,,,,,,,,U,,Includes Retroactive Enrollments,Includes Retroactive Enrollments,Includes Retroactive Enrollments,,,
SD,South Dakota,202209,N,142457.0,123974.0,18483.0,,,,,,,,,,,U,,,,,,,
TN,Tennessee,202209,N,1737919.0,1590414.0,147505.0,,,,,,,,,,,U,,,,,,,
TX,Texas,202209,N,5725618.0,5420586.0,305032.0,,,,,,,,,,,U,,,,,,,
UT,Utah,202209,Y,472474.0,437210.0,35264.0,,,,,,,,,,,U,,Includes Enrollees in Other Financial Assistance Programs Not Enrolled in Medicaid or CHIP,Includes Enrollees in Other Financial Assistance Programs Not Enrolled in Medicaid or CHIP,,,,
VA,Virginia,202209,Y,1955648.0,1771287.0,184361.0,,,,,,,,,,,U,,,,,,,
VT,Vermont,202209,Y,190782.0,186011.0,4771.0,,,,,,,,,,,U,,,,,,,
WA,Washington,202209,Y,2136869.0,2059500.0,77369.0,,,,,,,,,,,U,,,,,,,
WI,Wisconsin,202209,N,1397860.0,1313174.0,84686.0,,,,,,,,,,,U,,,,,,,
WV,West Virginia,202209,Y,643655.0,607416.0,36239.0,,,,,,,,,,,U,,Includes Individuals Enrolled At Any Time in Month (Not a Point-in-Time Count),Includes Individuals Enrolled At Any Time in Month (Not a Point-in-Time Count),Includes Individuals Enrolled At Any Time in Month (Not a Point-in-Time Count),,,
WY,Wyoming,202209,N,80708.0,75543.0,5165.0,,,,,,,,,,,U,,,,,,,
AK,Alaska,202210,Y,262586.0,250772.0,11814.0,,,,,,,,,,,U,,,,,,,
AL,Alabama,202210,N,1150791.0,954060.0,196731.0,,,,,,,,,,,U,,,,,,,
AR,Arkansas,202210,Y,1066912.0,991632.0,75280.0,,,,,,,,,,,U,,,,,,,
AZ,Arizona,202210,Y,2268007.0,2123518.0,144489.0,,,,,,,,,,,U,,,,,,,
CA,California,202210,Y,13939749.0,12649339.0,1290410.0,,,,,,,,,,,U,,Includes Limited-Benefit Enrollees,Includes Limited-Benefit Enrollees,Includes Limited-Benefit Enrollees,,,
CO,Colorado,202210,Y,1655341.0,1535855.0,119486.0,,,,,,,,,,,U,,,,,,,
CT,Connecticut,202210,Y,998216.0,983573.0,14643.0,,,,,,,,,,,U,,,,,,,
DC,District of Columbia,202210,Y,290430.0,273645.0,16785.0,,,,,,,,,,,U,,,,,,,
DE,Delaware,202210,Y,296811.0,289744.0,7067.0,,,,,,,,,,,U,,,,,,,
FL,Florida,202210,N,4828580.0,4728467.0,100113.0,,,,,,,,,,,U,,,,,,,
GA,Georgia,202210,N,2456252.0,2145421.0,310831.0,,,,,,,,,,,U,,,,,,,
HI,Hawaii,202210,Y,453133.0,429635.0,23498.0,,,,,,,,,,,U,,,,,,,
IA,Iowa,202210,Y,841506.0,770115.0,71391.0,,,,,,,,,,,U,,,,,,,
ID,Idaho,202210,Y,445060.0,406518.0,38542.0,,,,,,,,,,,U,,,,,,,
IL,Illinois,202210,Y,3735580.0,3398265.0,337315.0,,,,,,,,,,,U,,,,,,,
IN,Indiana,202210,Y,1990371.0,1862243.0,128128.0,,,,,,,,,,,U,,,,,,,
KS,Kansas,202210,N,500169.0,432362.0,67807.0,,,,,,,,,,,U,,,,,,,
KY,Kentucky,202210,Y,1602820.0,1473351.0,129469.0,,,,,,,,,,,U,,,,,,,
LA,Louisiana,202210,Y,1878473.0,1697529.0,180944.0,,,,,,,,,,,U,,,,,,,
MA,Massachusetts,202210,Y,1958878.0,1755899.0,202979.0,,,,,,,,,,,U,,,,,,,
MD,Maryland,202210,Y,1673179.0,1509033.0,164146.0,,,,,,,,,,,U,,,,,,,
ME,Maine,202210,Y,363186.0,349388.0,13798.0,,,,,,,,,,,U,,,,,,,
MI,Michigan,202210,Y,3010857.0,2879666.0,131191.0,,,,,,,,,,,U,,,,,,,
MN,Minnesota,202210,Y,1366216.0,1363673.0,2543.0,,,,,,,,,,,U,,,,,,,
MO,Missouri,202210,Y,1426608.0,1390805.0,35803.0,,,,,,,,,,,U,,,,,,,
MS,Mississippi,202210,N,764385.0,689027.0,75358.0,,,,,,,,,,,U,,,,,,,
MT,Montana,202210,Y,318138.0,289547.0,28591.0,,,,,,,,,,,U,,,,,,,
NC,North Carolina,202210,N,2370712.0,2074274.0,296438.0,,,,,,,,,,,U,,,,,,,
ND,North Dakota,202210,Y,128344.0,124733.0,3611.0,,,,,,,,,,,U,,,,,,,
NE,Nebraska,202210,Y,382869.0,341461.0,41408.0,,,,,,,,,,,U,,,,,,,
NH,New Hampshire,202210,Y,245788.0,222283.0,23505.0,,,,,,,,,,,U,,,,,,,
NJ,New Jersey,202210,Y,2181303.0,1918923.0,262380.0,,,,,,,,,,,U,,,,,,,
NM,New Mexico,202210,Y,881681.0,831367.0,50314.0,,,,,,,,,,,U,,,,,,,
NV,Nevada,202210,Y,880516.0,827250.0,53266.0,,,,,,,,,,,U,,,,,,,
NY,New York,202210,Y,7336883.0,6779836.0,557047.0,,,,,,,,,,,U,,,,,,,
OH,Ohio,202210,Y,3318481.0,3080067.0,238414.0,,,,,,,,,,,U,,Includes Individuals Enrolled At Any Time in Month (Not a Point-in-Time Count),Includes Individuals Enrolled At Any Time in Month (Not a Point-in-Time Count),Includes Individuals Enrolled At Any Time in Month (Not a Point-in-Time Count),,,
OK,Oklahoma,202210,Y,1273309.0,1141737.0,131572.0,,,,,,,,,,,U,,,,,,,
OR,Oregon,202210,Y,1358701.0,1178725.0,179976.0,,,,,,,,,,,U,,,,,,,
PA,Pennsylvania,202210,Y,3640482.0,3386362.0,254120.0,,,,,,,,,,,U,,,,,,,
RI,Rhode Island,202210,Y,360020.0,324136.0,35884.0,,,,,,,,,,,U,,,,,,,
SC,South Carolina,202210,N,1291536.0,1180703.0,110833.0,,,,,,,,,,,U,,,,,,,
SD,South Dakota,202210,N,143141.0,124513.0,18628.0,,,,,,,,,,,U,,,,,,,
TN,Tennessee,202210,N,1745725.0,1597641.0,148084.0,,,,,,,,,,,U,,,,,,,
TX,Texas,202210,N,5762011.0,5456725.0,305286.0,,,,,,,,,,,U,,,,,,,
UT,Utah,202210,Y,474765.0,440102.0,34663.0,,,,,,,,,,,U,,Includes Enrollees in Other Financial Assistance Programs Not Enrolled in Medicaid or CHIP,Includes Enrollees in Other Financial Assistance Programs Not Enrolled in Medicaid or CHIP,,,,
VA,Virginia,202210,Y,1967237.0,1781474.0,185763.0,,,,,,,,,,,U,,,,,,,
VT,Vermont,202210,Y,191137.0,186474.0,4663.0,,,,,,,,,,,U,,,,,,,
WA,Washington,202210,Y,2145126.0,2068018.0,77108.0,,,,,,,,,,,U,,,,,,,
WI,Wisconsin,202210,N,1406430.0,1321169.0,85261.0,,,,,,,,,,,U,,,,,,,
WV,West Virginia,202210,Y,646411.0,609980.0,36431.0,,,,,,,,,,,U,,Includes Individuals Enrolled At Any Time in Month (Not a Point-in-Time Count),Includes Individuals Enrolled At Any Time in Month (Not a Point-in-Time Count),Includes Individuals Enrolled At Any Time in Month (Not a Point-in-Time Count),,,
WY,Wyoming,202210,N,81178.0,75973.0,5205.0,,,,,,,,,,,U,,,,,,,
AK,Alaska,202211,Y,263529.0,251627.0,11902.0,,,,,,,,,,,U,,,,,,,
AL,Alabama,202211,N,1157386.0,959550.0,197836.0,,,,,,,,,,,U,,,,,,,
AR,Arkansas,202211,Y,1072504.0,997449.0,75055.0,,,,,,,,,,,U,,,,,,,
AZ,Arizona,202211,Y,2283133.0,2140101.0,143032.0,,,,,,,,,,,U,,,,,,,
CA,California,202211,Y,14009516.0,12717571.0,1291945.0,,,,,,,,,,,U,,Includes Limited-Benefit Enrollees,Includes Limited-Benefit Enrollees,Includes Limited-Benefit Enrollees,,,
CO,Colorado,202211,Y,1667588.0,1546988.0,120600.0,,,,,,,,,,,U,,,,,,,
CT,Connecticut,202211,Y,1002567.0,987984.0,14583.0,,,,,,,,,,,U,,,,,,,
DC,District of Columbia,202211,Y,291227.0,274554.0,16673.0,,,,,,,,,,,U,,,,,,,
DE,Delaware,202211,Y,298221.0,291405.0,6816.0,,,,,,,,,,,U,,,,,,,
FL,Florida,202211,N,4851799.0,4752201.0,99598.0,,,,,,,,,,,U,,,,,,,
GA,Georgia,202211,N,2474253.0,2156969.0,317284.0,,,,,,,,,,,U,,,,,,,
HI,Hawaii,202211,Y,455533.0,431843.0,23690.0,,,,,,,,,,,U,,,,,,,
IA,Iowa,202211,Y,845409.0,774518.0,70891.0,,,,,,,,,,,U,,,,,,,
ID,Idaho,202211,Y,449203.0,410466.0,38737.0,,,,,,,,,,,U,,,,,,,
IL,Illinois,202211,Y,3759229.0,3419471.0,339758.0,,,,,,,,,,,U,,,,,,,
IN,Indiana,202211,Y,1998801.0,1868109.0,130692.0,,,,,,,,,,,U,,,,,,,
KS,Kansas,202211,N,502956.0,434843.0,68113.0,,,,,,,,,,,U,,,,,,,
KY,Kentucky,202211,Y,1610079.0,1479337.0,130742.0,,,,,,,,,,,U,,,,,,,
LA,Louisiana,202211,Y,1887502.0,1705488.0,182014.0,,,,,,,,,,,U,,,,,,,
MA,Massachusetts,202211,Y,1967217.0,1762636.0,204581.0,,,,,,,,,,,U,,,,,,,
MD,Maryland,202211,Y,1681420.0,1516806.0,164614.0,,,,,,,,,,,U,,,,,,,
ME,Maine,202211,Y,365814.0,351888.0,13926.0,,,,,,,,,,,U,,,,,,,
MI,Michigan,202211,Y,3027925.0,2894002.0,133923.0,,,,,,,,,,,U,,,,,,,
MN,Minnesota,202211,Y,1370796.0,1368169.0,2627.0,,,,,,,,,,,U,,,,,,,
MO,Missouri,202211,Y,1447516.0,1410932.0,36584.0,,,,,,,,,,,U,,,,,,,
MS,Mississippi,202211,N,767417.0,691640.0,75777.0,,,,,,,,,,,U,,,,,,,
MT,Montana,202211,Y,324086.0,295445.0,28641.0,,,,,,,,,,,U,,,,,,,
NC,North Carolina,202211,N,2387289.0,2089376.0,297913.0,,,,,,,,,,,U,,,,,,,
ND,North Dakota,202211,Y,129422.0,125749.0,3673.0,,,,,,,,,,,U,,,,,,,
NE,Nebraska,202211,Y,387144.0,344997.0,42147.0,,,,,,,,,,,U,,,,,,,
NH,New Hampshire,202211,Y,247780.0,223899.0,23881.0,,,,,,,,,,,U,,,,,,,
NJ,New Jersey,202211,Y,2194560.0,1930588.0,263972.0,,,,,,,,,,,U,,,,,,,
NM,New Mexico,202211,Y,882729.0,832045.0,50684.0,,,,,,,,,,,U,,,,,,,
NV,Nevada,202211,Y,860988.0,807777.0,53211.0,,,,,,,,,,,U,,,,,,,
NY,New York,202211,Y,7363129.0,6805150.0,557979.0,,,,,,,,,,,U,,,,,,,
OH,Ohio,202211,Y,3337867.0,3095655.0,242212.0,,,,,,,,,,,U,,Includes Individuals Enrolled At Any Time in Month (Not a Point-in-Time Count),Includes Individuals Enrolled At Any Time in Month (Not a Point-in-Time Count),Includes Individuals Enrolled At Any Time in Month (Not a Point-in-Time Count),,,
OK,Oklahoma,202211,Y,1284364.0,1150917.0,133447.0,,,,,,,,,,,U,,,,,,,
OR,Oregon,202211,Y,1368797.0,1184752.0,184045.0,,,,,,,,,,,U,,,,,,,
PA,Pennsylvania,202211,Y,3659332.0,3405253.0,254079.0,,,,,,,,,,,U,,,,,,,
RI,Rhode Island,202211,Y,360705.0,324814.0,35891.0,,,,,,,,,,,U,,,,,,,
SC,South Carolina,202211,N,1301629.0,1189989.0,111640.0,,,,,,,,,,,U,,Includes Retroactive Enrollments,Includes Retroactive Enrollments,Includes Retroactive Enrollments,,,
SD,South Dakota,202211,N,143905.0,125005.0,18900.0,,,,,,,,,,,U,,,,,,,
TN,Tennessee,202211,N,1754979.0,1605635.0,149344.0,,,,,,,,,,,U,,,,,,,
TX,Texas,202211,N,5793125.0,5492094.0,301031.0,,,,,,,,,,,U,,,,,,,
UT,Utah,202211,Y,478470.0,443996.0,34474.0,,,,,,,,,,,U,,Includes Enrollees in Other Financial Assistance Programs Not Enrolled in Medicaid or CHIP,Includes Enrollees in Other Financial Assistance Programs Not Enrolled in Medicaid or CHIP,,,,
VA,Virginia,202211,Y,1984745.0,1797221.0,187524.0,,,,,,,,,,,U,,,,,,,
VT,Vermont,202211,Y,191834.0,187213.0,4621.0,,,,,,,,,,,U,,,,,,,
WA,Washington,202211,Y,2156656.0,2079075.0,77581.0,,,,,,,,,,,U,,,,,,,
WI,Wisconsin,202211,N,1414029.0,1327894.0,86135.0,,,,,,,,,,,U,,,,,,,
WV,West Virginia,202211,Y,649278.0,612712.0,36566.0,,,,,,,,,,,U,,Includes Individuals Enrolled At Any Time in Month (Not a Point-in-Time Count),Includes Individuals Enrolled At Any Time in Month (Not a Point-in-Time Count),Includes Individuals Enrolled At Any Time in Month (Not a Point-in-Time Count),,,
WY,Wyoming,202211,N,82120.0,76879.0,5241.0,,,,,,,,,,,U,,,,,,,
AK,Alaska,202212,Y,263656.0,251726.0,11930.0,,,,,,,,,,,U,,,,,,,
AL,Alabama,202212,N,1163783.0,965385.0,198398.0,,,,,,,,,,,U,,,,,,,
AR,Arkansas,202212,Y,1079411.0,1004558.0,74853.0,,,,,,,,,,,U,,,,,,,
AZ,Arizona,202212,Y,2291196.0,2143482.0,147714.0,,,,,,,,,,,U,,,,,,,
CA,California,202212,Y,14078007.0,12784839.0,1293168.0,,,,,,,,,,,U,,Includes Limited-Benefit Enrollees,Includes Limited-Benefit Enrollees,Includes Limited-Benefit Enrollees,,,
CO,Colorado,202212,Y,1680493.0,1559653.0,120840.0,,,,,,,,,,,U,,,,,,,
CT,Connecticut,202212,Y,1008718.0,994116.0,14602.0,,,,,,,,,,,U,,,,,,,
DC,District of Columbia,202212,Y,292727.0,276168.0,16559.0,,,,,,,,,,,U,,,,,,,
DE,Delaware,202212,Y,300480.0,293872.0,6608.0,,,,,,,,,,,U,,,,,,,
FL,Florida,202212,N,4883951.0,4786372.0,97579.0,,,,,,,,,,,U,,,,,,,
GA,Georgia,202212,N,2485394.0,2163448.0,321946.0,,,,,,,,,,,U,,,,,,,
HI,Hawaii,202212,Y,459261.0,435444.0,23817.0,,,,,,,,,,,U,,,,,,,
IA,Iowa,202212,Y,850906.0,780248.0,70658.0,,,,,,,,,,,U,,,,,,,
ID,Idaho,202212,Y,452903.0,413988.0,38915.0,,,,,,,,,,,U,,,,,,,
IL,Illinois,202212,Y,3788584.0,3446137.0,342447.0,,,,,,,,,,,U,,,,,,,
IN,Indiana,202212,Y,2005884.0,1872954.0,132930.0,,,,,,,,,,,U,,,,,,,
KS,Kansas,202212,N,506168.0,437627.0,68541.0,,,,,,,,,,,U,,,,,,,
KY,Kentucky,202212,Y,1618816.0,1484157.0,134659.0,,,,,,,,,,,U,,,,,,,
LA,Louisiana,202212,Y,1896206.0,1712925.0,183281.0,,,,,,,,,,,U,,,,,,,
MA,Massachusetts,202212,Y,1977039.0,1771886.0,205153.0,,,,,,,,,,,U,,,,,,,
MD,Maryland,202212,Y,1685151.0,1520188.0,164963.0,,,,,,,,,,,U,,,,,,,
ME,Maine,202212,Y,368568.0,354398.0,14170.0,,,,,,,,,,,U,,,,,,,
MI,Michigan,202212,Y,3048240.0,2911391.0,136849.0,,,,,,,,,,,U,,,,,,,
MN,Minnesota,202212,Y,1380680.0,1377837.0,2843.0,,,,,,,,,,,U,,,,,,,
MO,Missouri,202212,Y,1468978.0,1431541.0,37437.0,,,,,,,,,,,U,,,,,,,
MS,Mississippi,202212,N,770553.0,694207.0,76346.0,,,,,,,,,,,U,,,,,,,
MT,Montana,202212,Y,324866.0,296067.0,28799.0,,,,,,,,,,,U,,,,,,,
NC,North Carolina,202212,N,2401986.0,2102987.0,298999.0,,,,,,,,,,,U,,,,,,,
ND,North Dakota,202212,Y,130665.0,126934.0,3731.0,,,,,,,,,,,U,,,,,,,
NE,Nebraska,202212,Y,390562.0,348050.0,42512.0,,,,,,,,,,,U,,,,,,,
NH,New Hampshire,202212,Y,249906.0,225619.0,24287.0,,,,,,,,,,,U,,,,,,,
NJ,New Jersey,202212,Y,2202958.0,1937846.0,265112.0,,,,,,,,,,,U,,,,,,,
NM,New Mexico,202212,Y,884416.0,832967.0,51449.0,,,,,,,,,,,U,,,,,,,
NV,Nevada,202212,Y,870550.0,816457.0,54093.0,,,,,,,,,,,U,,,,,,,
NY,New York,202212,Y,7408878.0,6852090.0,556788.0,,,,,,,,,,,U,,,,,,,
OH,Ohio,202212,Y,3365244.0,3117798.0,247446.0,,,,,,,,,,,U,,Includes Individuals Enrolled At Any Time in Month (Not a Point-in-Time Count),Includes Individuals Enrolled At Any Time in Month (Not a Point-in-Time Count),Includes Individuals Enrolled At Any Time in Month (Not a Point-in-Time Count),,,
OK,Oklahoma,202212,Y,1294297.0,1160111.0,134186.0,,,,,,,,,,,U,,,,,,,
OR,Oregon,202212,Y,1380287.0,1192600.0,187687.0,,,,,,,,,,,U,,,,,,,
PA,Pennsylvania,202212,Y,3674072.0,3419180.0,254892.0,,,,,,,,,,,U,,,,,,,
RI,Rhode Island,202212,Y,362512.0,326168.0,36344.0,,,,,,,,,,,U,,,,,,,
SC,South Carolina,202212,N,1310679.0,1198604.0,112075.0,,,,,,,,,,,U,,,,,,,
SD,South Dakota,202212,N,144718.0,125480.0,19238.0,,,,,,,,,,,U,,,,,,,
TN,Tennessee,202212,N,1764906.0,1614485.0,150421.0,,,,,,,,,,,U,,,,,,,
TX,Texas,202212,N,5825481.0,5525705.0,299776.0,,,,,,,,,,,U,,,,,,,
UT,Utah,202212,Y,482074.0,447904.0,34170.0,,,,,,,,,,,U,,Includes Enrollees in Other Financial Assistance Programs Not Enrolled in Medicaid or CHIP,Includes Enrollees in Other Financial Assistance Programs Not Enrolled in Medicaid or CHIP,,,,
VA,Virginia,202212,Y,2003672.0,1814037.0,189635.0,,,,,,,,,,,U,,,,,,,
VT,Vermont,202212,Y,192634.0,187949.0,4685.0,,,,,,,,,,,U,,,,,,,
WA,Washington,202212,Y,2168482.0,2089806.0,78676.0,,,,,,,,,,,U,,,,,,,
WI,Wisconsin,202212,N,1421699.0,1334784.0,86915.0,,,,,,,,,,,U,,,,,,,
WV,West Virginia,202212,Y,652206.0,615360.0,36846.0,,,,,,,,,,,U,,Includes Individuals Enrolled At Any Time in Month (Not a Point-in-Time Count),Includes Individuals Enrolled At Any Time in Month (Not a Point-in-Time Count),Includes Individuals Enrolled At Any Time in Month (Not a Point-in-Time Count),,,
WY,Wyoming,202212,N,83301.0,78018.0,5283.0,,,,,,,,,,,U,,,,,,,
AK,Alaska,202301,Y,265528.0,253531.0,11997.0,,,,,,,,,,,U,,,,,,,
AL,Alabama,202301,N,1170867.0,971368.0,199499.0,,,,,,,,,,,U,,,,,,,
AR,Arkansas,202301,Y,1086615.0,1011607.0,75008.0,,,,,,,,,,,U,,,,,,,
AZ,Arizona,202301,Y,2309576.0,2162826.0,146750.0,,,,,,,,,,,U,,,,,,,
CA,California,202301,Y,14176618.0,12880690.0,1295928.0,,,,,,,,,,,U,,Includes Limited-Benefit Enrollees,Includes Limited-Benefit Enrollees,Includes Limited-Benefit Enrollees,,,
CO,Colorado,202301,Y,1693959.0,1574402.0,119557.0,,,,,,,,,,,U,,,,,,,
CT,Connecticut,202301,Y,1012131.0,998077.0,14054.0,,,,,,,,,,,U,,,,,,,
DC,District of Columbia,202301,Y,293970.0,277407.0,16563.0,,,,,,,,,,,U,,,,,,,
DE,Delaware,202301,Y,303192.0,296497.0,6695.0,,,,,,,,,,,U,,,,,,,
FL,Florida,202301,N,4924826.0,4832131.0,92695.0,,,,,,,,,,,U,,,,,,,
GA,Georgia,202301,N,2491677.0,2165047.0,326630.0,,,,,,,,,,,U,,,,,,,
HI,Hawaii,202301,Y,461990.0,437951.0,24039.0,,,,,,,,,,,U,,,,,,,
IA,Iowa,202301,Y,855602.0,784989.0,70613.0,,,,,,,,,,,U,,,,,,,
ID,Idaho,202301,Y,455548.0,416219.0,39329.0,,,,,,,,,,,U,,,,,,,
IL,Illinois,202301,Y,3808385.0,3463814.0,344571.0,,,,,,,,,,,U,,,,,,,
IN,Indiana,202301,Y,2025386.0,1889722.0,135664.0,,,,,,,,,,,U,,,,,,,
KS,Kansas,202301,N,503270.0,434716.0,68554.0,,,,,,,,,,,U,,,,,,,
KY,Kentucky,202301,Y,1628356.0,1487786.0,140570.0,,,,,,,,,,,U,,,,,,,
LA,Louisiana,202301,Y,1906517.0,1721098.0,185419.0,,,,,,,,,,,U,,,,,,,
MA,Massachusetts,202301,Y,1989301.0,1782290.0,207011.0,,,,,,,,,,,U,,,,,,,
MD,Maryland,202301,Y,1694894.0,1529076.0,165818.0,,,,,,,,,,,U,,,,,,,
ME,Maine,202301,Y,370911.0,356742.0,14169.0,,,,,,,,,,,U,,,,,,,
MI,Michigan,202301,Y,3064192.0,2924598.0,139594.0,,,,,,,,,,,U,,,,,,,
MN,Minnesota,202301,Y,1388972.0,1385954.0,3018.0,,,,,,,,,,,U,,,,,,,
MO,Missouri,202301,Y,1483594.0,1444966.0,38628.0,,,,,,,,,,,U,,,,,,,
MS,Mississippi,202301,N,775336.0,698366.0,76970.0,,,,,,,,,,,U,,,,,,,
MT,Montana,202301,Y,327239.0,298346.0,28893.0,,,,,,,,,,,U,,,,,,,
NC,North Carolina,202301,N,2417024.0,2116889.0,300135.0,,,,,,,,,,,U,,,,,,,
ND,North Dakota,202301,Y,131872.0,128079.0,3793.0,,,,,,,,,,,U,,,,,,,
NE,Nebraska,202301,Y,393384.0,350625.0,42759.0,,,,,,,,,,,U,,,,,,,
NH,New Hampshire,202301,Y,251061.0,226410.0,24651.0,,,,,,,,,,,U,,,,,,,
NJ,New Jersey,202301,Y,2222936.0,1955692.0,267244.0,,,,,,,,,,,U,,,,,,,
NM,New Mexico,202301,Y,887276.0,835044.0,52232.0,,,,,,,,,,,U,,,,,,,
NV,Nevada,202301,Y,878679.0,823792.0,54887.0,,,,,,,,,,,U,,,,,,,
NY,New York,202301,Y,7454133.0,6905552.0,548581.0,,,,,,,,,,,U,,,,,,,
OH,Ohio,202301,Y,3386997.0,3134287.0,252710.0,,,,,,,,,,,U,,Includes Individuals Enrolled At Any Time in Month (Not a Point-in-Time Count),Includes Individuals Enrolled At Any Time in Month (Not a Point-in-Time Count),Includes Individuals Enrolled At Any Time in Month (Not a Point-in-Time Count),,,
OK,Oklahoma,202301,Y,1304067.0,1168858.0,135209.0,,,,,,,,,,,U,,,,,,,
OR,Oregon,202301,Y,1391681.0,1201394.0,190287.0,,,,,,,,,,,U,,,,,,,
PA,Pennsylvania,202301,Y,3695842.0,3441065.0,254777.0,,,,,,,,,,,U,,,,,,,
RI,Rhode Island,202301,Y,365005.0,328374.0,36631.0,,,,,,,,,,,U,,,,,,,
SC,South Carolina,202301,N,1310180.0,1197790.0,112390.0,,,,,,,,,,,U,,,,,,,
SD,South Dakota,202301,N,145612.0,126352.0,19260.0,,,,,,,,,,,U,,,,,,,
TN,Tennessee,202301,N,1785811.0,1633583.0,152228.0,,,,,,,,,,,U,,,,,,,
TX,Texas,202301,N,5861225.0,5562674.0,298551.0,,,,,,,,,,,U,,,,,,,
UT,Utah,202301,Y,482339.0,448412.0,33927.0,,,,,,,,,,,U,,Includes Enrollees in Other Financial Assistance Programs Not Enrolled in Medicaid or CHIP,Includes Enrollees in Other Financial Assistance Programs Not Enrolled in Medicaid or CHIP,,,,
VA,Virginia,202301,Y,2019010.0,1827769.0,191241.0,,,,,,,,,,,U,,,,,,,
VT,Vermont,202301,Y,193355.0,188673.0,4682.0,,,,,,,,,,,U,,,,,,,
WA,Washington,202301,Y,2175302.0,2095795.0,79507.0,,,,,,,,,,,U,,,,,,,
WI,Wisconsin,202301,N,1430020.0,1341922.0,88098.0,,,,,,,,,,,U,,,,,,,
WV,West Virginia,202301,Y,655681.0,618629.0,37052.0,,,,,,,,,,,U,,Includes Individuals Enrolled At Any Time in Month (Not a Point-in-Time Count),Includes Individuals Enrolled At Any Time in Month (Not a Point-in-Time Count),Includes Individuals Enrolled At Any Time in Month (Not a Point-in-Time Count),,,
WY,Wyoming,202301,N,83979.0,78684.0,5295.0,,,,,,,,,,,U,,,,,,,
AK,Alaska,202302,Y,266213.0,254124.0,12089.0,,,,,,,,,,,U,,,,,,,
AL,Alabama,202302,N,1189507.0,985219.0,204288.0,,,,,,,,,,,U,,,,,,,
AR,Arkansas,202302,Y,1085727.0,1010932.0,74795.0,,,,,,,,,,,U,,,,,,,
AZ,Arizona,202302,Y,2319692.0,2172058.0,147634.0,,,,,,,,,,,U,,,,,,,
CA,California,202302,Y,14218802.0,12922748.0,1296054.0,,,,,,,,,,,U,,Includes Limited-Benefit Enrollees,Includes Limited-Benefit Enrollees,Includes Limited-Benefit Enrollees,,,
CO,Colorado,202302,Y,1701948.0,1581702.0,120246.0,,,,,,,,,,,U,,,,,,,
CT,Connecticut,202302,Y,1016060.0,1002177.0,13883.0,,,,,,,,,,,U,,,,,,,
DC,District of Columbia,202302,Y,295152.0,278637.0,16515.0,,,,,,,,,,,U,,,,,,,
DE,Delaware,202302,Y,305292.0,298567.0,6725.0,,,,,,,,,,,U,,,,,,,
FL,Florida,202302,N,4949019.0,4859249.0,89770.0,,,,,,,,,,,U,,,,,,,
GA,Georgia,202302,N,2502475.0,2172818.0,329657.0,,,,,,,,,,,U,,,,,,,
HI,Hawaii,202302,Y,463842.0,439682.0,24160.0,,,,,,,,,,,U,,,,,,,
IA,Iowa,202302,Y,859437.0,788954.0,70483.0,,,,,,,,,,,U,,,,,,,
ID,Idaho,202302,Y,457355.0,418002.0,39353.0,,,,,,,,,,,U,,,,,,,
IL,Illinois,202302,Y,3818769.0,3472883.0,345886.0,,,,,,,,,,,U,,,,,,,
IN,Indiana,202302,Y,2038189.0,1899807.0,138382.0,,,,,,,,,,,U,,,,,,,
KS,Kansas,202302,N,509665.0,441226.0,68439.0,,,,,,,,,,,U,,,,,,,
KY,Kentucky,202302,Y,1634859.0,1492948.0,141911.0,,,,,,,,,,,U,,,,,,,
LA,Louisiana,202302,Y,1910883.0,1723344.0,187539.0,,,,,,,,,,,U,,,,,,,
MA,Massachusetts,202302,Y,2012747.0,1801889.0,210858.0,,,,,,,,,,,U,,,,,,,
MD,Maryland,202302,Y,1700615.0,1534299.0,166316.0,,,,,,,,,,,U,,,,,,,
ME,Maine,202302,Y,372480.0,358379.0,14101.0,,,,,,,,,,,U,,,,,,,
MI,Michigan,202302,Y,3072422.0,2930802.0,141620.0,,,,,,,,,,,U,,,,,,,
MN,Minnesota,202302,Y,1395209.0,1391938.0,3271.0,,,,,,,,,,,U,,,,,,,
MO,Missouri,202302,Y,1492204.0,1453052.0,39152.0,,,,,,,,,,,U,,,,,,,
MS,Mississippi,202302,N,778882.0,701478.0,77404.0,,,,,,,,,,,U,,,,,,,
MT,Montana,202302,Y,328565.0,299630.0,28935.0,,,,,,,,,,,U,,,,,,,
NC,North Carolina,202302,N,2427234.0,2127133.0,300101.0,,,,,,,,,,,U,,,,,,,
ND,North Dakota,202302,Y,133441.0,129573.0,3868.0,,,,,,,,,,,U,,,,,,,
NE,Nebraska,202302,Y,395237.0,352272.0,42965.0,,,,,,,,,,,U,,,,,,,
NH,New Hampshire,202302,Y,251610.0,226574.0,25036.0,,,,,,,,,,,U,,,,,,,
NJ,New Jersey,202302,Y,2250298.0,1981801.0,268497.0,,,,,,,,,,,U,,,,,,,
NM,New Mexico,202302,Y,889005.0,836389.0,52616.0,,,,,,,,,,,U,,,,,,,
NV,Nevada,202302,Y,890080.0,834871.0,55209.0,,,,,,,,,,,U,,,,,,,
NY,New York,202302,Y,7470900.0,6935401.0,535499.0,,,,,,,,,,,U,,,,,,,
OH,Ohio,202302,Y,3403221.0,3147752.0,255469.0,,,,,,,,,,,U,,Includes Individuals Enrolled At Any Time in Month (Not a Point-in-Time Count),Includes Individuals Enrolled At Any Time in Month (Not a Point-in-Time Count),Includes Individuals Enrolled At Any Time in Month (Not a Point-in-Time Count),,,
OK,Oklahoma,202302,Y,1315882.0,1178605.0,137277.0,,,,,,,,,,,U,,,,,,,
OR,Oregon,202302,Y,1397824.0,1207313.0,190511.0,,,,,,,,,,,U,,,,,,,
PA,Pennsylvania,202302,Y,3711321.0,3458336.0,252985.0,,,,,,,,,,,U,,,,,,,
RI,Rhode Island,202302,Y,368307.0,331336.0,36971.0,,,,,,,,,,,U,,,,,,,
SC,South Carolina,202302,N,1316085.0,1203614.0,112471.0,,,,,,,,,,,U,,,,,,,
SD,South Dakota,202302,N,146234.0,126826.0,19408.0,,,,,,,,,,,U,,,,,,,
TN,Tennessee,202302,N,1793120.0,1640446.0,152674.0,,,,,,,,,,,U,,,,,,,
TX,Texas,202302,N,5888220.0,5589126.0,299094.0,,,,,,,,,,,U,,,,,,,
UT,Utah,202302,Y,486031.0,452451.0,33580.0,,,,,,,,,,,U,,Includes Enrollees in Other Financial Assistance Programs Not Enrolled in Medicaid or CHIP,Includes Enrollees in Other Financial Assistance Programs Not Enrolled in Medicaid or CHIP,,,,
VA,Virginia,202302,Y,2030367.0,1837662.0,192705.0,,,,,,,,,,,U,,,,,,,
VT,Vermont,202302,Y,193737.0,189066.0,4671.0,,,,,,,,,,,U,,,,,,,
WA,Washington,202302,Y,2181631.0,2102022.0,79609.0,,,,,,,,,,,U,,,,,,,
WI,Wisconsin,202302,N,1436684.0,1348501.0,88183.0,,,,,,,,,,,U,,,,,,,
WV,West Virginia,202302,Y,658142.0,620805.0,37337.0,,,,,,,,,,,U,,Includes Individuals Enrolled At Any Time in Month (Not a Point-in-Time Count),Includes Individuals Enrolled At Any Time in Month (Not a Point-in-Time Count),Includes Individuals Enrolled At Any Time in Month (Not a Point-in-Time Count),,,
WY,Wyoming,202302,N,84746.0,79438.0,5308.0,,,,,,,,,,,U,,,,,,,
AK,Alaska,202303,Y,267278.0,254947.0,12331.0,,20564.0,17.0,0.27,,,,,,,U,U,,,,,,
AL,Alabama,202303,N,1197004.0,991468.0,205536.0,,60568.0,1.0,0.058,,,,,,,U,U,,,,,,
AR,Arkansas,202303,Y,1087844.0,1012818.0,75026.0,,79139.0,1.0,0.152,,,,,,,U,U,,,,,,
AZ,Arizona,202303,Y,2332111.0,2184898.0,147213.0,,531247.0,11.0,0.139,,,,,,,U,U,,,,,,
CA,California,202303,Y,14285643.0,12987086.0,1298557.0,,266143.0,4.0,0.018,,,,,,,U,U,Includes Limited-Benefit Enrollees,Includes Limited-Benefit Enrollees,Includes Limited-Benefit Enrollees,,,
CO,Colorado,202303,Y,1711007.0,1591111.0,119896.0,,25216.0,1.0,0.011,,,,,,,U,U,,,,,,
CT,Connecticut,202303,Y,1020137.0,1006400.0,13737.0,,146164.0,4.0,0.061,,,,,,,U,U,,,,,,
DC,District of Columbia,202303,Y,296412.0,280143.0,16269.0,,50453.0,1.0,0.03,,,,,,,U,U,,,,,,
DE,Delaware,202303,Y,306822.0,300281.0,6541.0,,35516.0,2.0,0.134,,,,,,,U,U,,,,,,
FL,Florida,202303,N,5088076.0,5000278.0,87798.0,,1784439.0,29.0,0.388,,,,,,,U,U,,,,,,
GA,Georgia,202303,N,2511599.0,2183410.0,328189.0,,44616.0,14.0,0.007,,,,,,,U,U,,,,,,
HI,Hawaii,202303,Y,465474.0,441293.0,24181.0,,20639.0,2.0,0.09,,,,,,,U,U,,,,,,
IA,Iowa,202303,Y,862577.0,792716.0,69861.0,,24111.0,0.0,0.019,,,,,,,U,U,,,,,,
ID,Idaho,202303,Y,460085.0,420638.0,39447.0,,62284.0,56.0,0.063,25081.0,16900.0,5386.0,0.0,8181.0,0.0,U,U,,,,,,
IL,Illinois,202303,Y,3826461.0,3479696.0,346765.0,,172227.0,11.0,0.28,,,,,,,U,U,,,,,,
IN,Indiana,202303,Y,2048631.0,1911455.0,137176.0,,197266.0,2.0,0.045,,,,,,,U,U,,,,,,
KS,Kansas,202303,N,510806.0,442442.0,68364.0,,20542.0,0.0,0.003,,,,,,,U,U,,,,,,
KY,Kentucky,202303,Y,1640141.0,1496500.0,143641.0,,74202.0,0.0,0.002,,,,,,,U,U,,,,,,
LA,Louisiana,202303,Y,1916873.0,1727474.0,189399.0,,344740.0,0.0,0.02,,,,,,,U,U,,,,,,
MA,Massachusetts,202303,Y,2023603.0,1812393.0,211210.0,,304394.0,11.0,0.164,,,,,,,U,U,,,,,,
MD,Maryland,202303,Y,1708368.0,1541682.0,166686.0,,46658.0,1.0,0.062,,,,,,,U,U,,,,,,
ME,Maine,202303,Y,374520.0,358879.0,15641.0,,51339.0,23.0,0.31,,,,,,,U,U,,,,,,
MI,Michigan,202303,Y,3083695.0,2939330.0,144365.0,,148913.0,1.0,0.033,,,,,,,U,U,,,,,,
MN,Minnesota,202303,Y,1401973.0,1398501.0,3472.0,,20170.0,1.0,0.04,,,,,,,U,U,,,,,,
MO,Missouri,202303,Y,1504092.0,1464197.0,39895.0,,90388.0,15.0,0.261,,,,,,,U,U,,,,,,
MS,Mississippi,202303,N,786822.0,709170.0,77652.0,,10871.0,1.0,0.063,,,,,,,U,U,,,,,,
MT,Montana,202303,Y,329804.0,300888.0,28916.0,,27074.0,37.0,0.36,,,,,,,U,U,,,,,,
NC,North Carolina,202303,N,2437862.0,2137561.0,300301.0,,22473.0,0.0,0.01,,,,,,,U,U,,,,,,
ND,North Dakota,202303,Y,134458.0,130551.0,3907.0,,35424.0,10.0,0.551,,,,,,,U,U,,,,,,
NE,Nebraska,202303,Y,397291.0,354594.0,42697.0,,31697.0,3.0,0.0809,,,,,,,U,U,,,,,,
NH,New Hampshire,202303,Y,253166.0,229437.0,23729.0,,17579.0,10.0,0.12,16599.0,10677.0,7150.0,4952.0,970.0,0.0,U,U,,,,,,
NJ,New Jersey,202303,Y,2239745.0,1970497.0,269248.0,,78853.0,1.0,0.028,,,,,,,U,U,,,,,,
NM,New Mexico,202303,Y,890778.0,836594.0,54184.0,,230628.0,39.0,0.264,,,,,,,U,U,,,,,,
NV,Nevada,202303,Y,895847.0,840149.0,55698.0,,103455.0,23.0,0.219,,,,,,,U,U,,,,,,
NY,New York,202303,Y,7518061.0,6988923.0,529138.0,,430410.0,1.0,0.027,,,,,,,U,U,,,,,,
OH,Ohio,202303,Y,3421792.0,3167340.0,254452.0,,176630.0,4.0,0.05,,,,,,,U,U,Includes Individuals Enrolled At Any Time in Month (Not a Point-in-Time Count),Includes Individuals Enrolled At Any Time in Month (Not a Point-in-Time Count),Includes Individuals Enrolled At Any Time in Month (Not a Point-in-Time Count),,,
OK,Oklahoma,202303,Y,1326908.0,1183657.0,143251.0,,72732.0,0.0,0.018,17408.0,16309.0,6608.0,0.0,425.0,674.0,U,U,,,,"Updated Renewal Outcomes May Include Eligibility Actions That Occurred After the Renewal was Processed (e.g., Outcomes Based on a Change in Circumstance or for Individuals Who Returned the Renewal During the Reconsideration Period)","Updated Renewal Outcomes May Include Eligibility Actions That Occurred After the Renewal was Processed (e.g., Outcomes Based on a Change in Circumstance or for Individuals Who Returned the Renewal During the Reconsideration Period)","Updated Renewal Outcomes May Include Eligibility Actions That Occurred After the Renewal was Processed (e.g., Outcomes Based on a Change in Circumstance or for Individuals Who Returned the Renewal During the Reconsideration Period)"
OR,Oregon,202303,Y,1404587.0,1215714.0,188873.0,,97989.0,12.0,0.2,,,,,,,U,U,,,,,,
PA,Pennsylvania,202303,Y,3730393.0,3479427.0,250966.0,,319448.0,4.0,0.05,,,,,,,U,U,,,,,,
RI,Rhode Island,202303,Y,370167.0,333040.0,37127.0,,93322.0,47.0,0.178,,,,,,,U,U,,,,,,
SC,South Carolina,202303,N,1323486.0,1211431.0,112055.0,,100957.0,5.0,0.118,,,,,,,U,U,Includes Retroactive Enrollments,Includes Retroactive Enrollments,Includes Retroactive Enrollments,,,
SD,South Dakota,202303,N,146957.0,127505.0,19452.0,,,,,14649.0,6756.0,879.0,5131.0,2762.0,0.0,U,U,,,,,,
TN,Tennessee,202303,N,1801567.0,1653118.0,148449.0,,52039.0,0.0,0.003,,,,,,,U,U,,,,,,
TX,Texas,202303,N,5922450.0,5640998.0,281452.0,,686213.0,2.0,0.101,,,,,,,U,U,,,,,,
UT,Utah,202303,Y,486792.0,448327.0,38465.0,,120043.0,19.0,0.204,,,,,,,U,U,Includes Enrollees in Other Financial Assistance Programs Not Enrolled in Medicaid or CHIP,Includes Enrollees in Other Financial Assistance Programs Not Enrolled in Medicaid or CHIP,,,,
VA,Virginia,202303,Y,2037888.0,1844629.0,193259.0,,45318.0,1.0,0.013,,,,,,,U,U,,,,,,
VT,Vermont,202303,Y,193976.0,189355.0,4621.0,,16749.0,1.0,0.006,,,,,,,U,U,,,,,,
WA,Washington,202303,Y,2192395.0,2112292.0,80103.0,,55729.0,2.0,0.038,,,,,,,U,U,,,,,,
WI,Wisconsin,202303,N,1443310.0,1363102.0,80208.0,,249172.0,5.0,0.1,,,,,,,U,U,,,,,,
WV,West Virginia,202303,Y,660735.0,622863.0,37872.0,,24350.0,6.0,0.134,,,,,,,U,U,Includes Individuals Enrolled At Any Time in Month (Not a Point-in-Time Count),Includes Individuals Enrolled At Any Time in Month (Not a Point-in-Time Count),Includes Individuals Enrolled At Any Time in Month (Not a Point-in-Time Count),,,
WY,Wyoming,202303,N,85018.0,79699.0,5319.0,,9146.0,0.0,0.001,,,,,,,U,U,,,,,,
AK,Alaska,202304,Y,268069.0,255688.0,12381.0,,19377.0,17.0,0.27,,,,,,,U,U,,,,,,
AL,Alabama,202304,N,1201648.0,995789.0,205859.0,,47158.0,0.0,0.028,,,,,,,U,U,,,,,,
AR,Arkansas,202304,Y,1073908.0,1004180.0,69728.0,,86735.0,5.0,0.128,135399.0,64422.0,47118.0,59707.0,9193.0,2077.0,U,U,,,,"Updated Renewal Outcomes May Include Eligibility Actions That Occurred After the Renewal was Processed (e.g., Outcomes Based on a Change in Circumstance or for Individuals Who Returned the Renewal During the Reconsideration Period)","Updated Renewal Outcomes May Include Eligibility Actions That Occurred After the Renewal was Processed (e.g., Outcomes Based on a Change in Circumstance or for Individuals Who Returned the Renewal During the Reconsideration Period)","Updated Renewal Outcomes May Include Eligibility Actions That Occurred After the Renewal was Processed (e.g., Outcomes Based on a Change in Circumstance or for Individuals Who Returned the Renewal During the Reconsideration Period)"
AZ,Arizona,202304,Y,2303620.0,2158929.0,144691.0,,461059.0,12.0,0.142,230588.0,162693.0,149144.0,48007.0,19888.0,0.0,U,U,,,,,,
CA,California,202304,Y,14344876.0,13039978.0,1304898.0,,228985.0,4.0,0.01,,,,,,,U,U,Includes Limited-Benefit Enrollees,Includes Limited-Benefit Enrollees,Includes Limited-Benefit Enrollees,,,
CO,Colorado,202304,Y,1720463.0,1603884.0,116579.0,,21565.0,1.0,0.02,,,,,,,U,U,,,,,,
CT,Connecticut,202304,Y,1021298.0,1007740.0,13558.0,,121220.0,3.0,0.041,85332.0,58926.0,39904.0,20461.0,2749.0,3196.0,U,U,,,,,,
DC,District of Columbia,202304,Y,297053.0,281048.0,16005.0,,40481.0,1.0,0.04,,,,,,,U,U,,,,,,
DE,Delaware,202304,Y,308105.0,301739.0,6366.0,,30369.0,1.0,0.143,,,,,,,U,U,,,,,,
FL,Florida,202304,N,5118562.0,5030399.0,88163.0,,1640165.0,40.0,0.498,606702.0,296278.0,81366.0,218902.0,91522.0,0.0,U,U,,,,,,
GA,Georgia,202304,N,2542085.0,2228997.0,313088.0,,51237.0,24.0,0.007,,,,,,,U,U,,,,,,
HI,Hawaii,202304,Y,461504.0,437427.0,24077.0,,18519.0,5.0,0.17,,,,,,,U,U,,,,,,
IA,Iowa,202304,Y,866496.0,796978.0,69518.0,,25707.0,1.0,0.032,94290.0,47677.0,17615.0,30239.0,11178.0,5196.0,U,U,,,,,,
ID,Idaho,202304,Y,443371.0,407002.0,36369.0,,49972.0,51.0,0.074,51549.0,21704.0,4697.0,16314.0,13531.0,0.0,U,U,,,,,,
IL,Illinois,202304,Y,3839112.0,3492850.0,346262.0,,115971.0,10.0,0.284,,,,,,,U,U,,,,,,
IN,Indiana,202304,Y,2059657.0,1922745.0,136912.0,,179471.0,3.0,0.06,157688.0,90702.0,52488.0,52181.0,10657.0,4148.0,U,U,,,,,,
KS,Kansas,202304,N,512005.0,443940.0,68065.0,,38349.0,13.0,0.298,69699.0,18130.0,3033.0,46031.0,5454.0,84.0,U,U,,,,,,
KY,Kentucky,202304,Y,1644232.0,1517350.0,126882.0,,68053.0,0.0,0.003,,,,,,,U,U,,,,,,
LA,Louisiana,202304,Y,1921949.0,1731535.0,190414.0,,335125.0,1.0,0.038,,,,,,,U,U,,,,,,
MA,Massachusetts,202304,Y,2030271.0,1820269.0,210002.0,,199906.0,4.0,0.061,,,,,,,U,U,,,,,,
MD,Maryland,202304,Y,1714118.0,1547213.0,166905.0,,40210.0,1.0,0.039,,,,,,,U,U,,,,,,
ME,Maine,202304,Y,377902.0,362297.0,15605.0,,40767.0,22.0,0.3,,,,,,,U,U,,,,,,
MI,Michigan,202304,Y,3093983.0,2947667.0,146316.0,,123816.0,1.0,0.022,,,,,,,U,U,,,,,,
MN,Minnesota,202304,Y,1407583.0,1403919.0,3664.0,,17296.0,1.0,0.05,,,,,,,U,U,,,,,,
MO,Missouri,202304,Y,1513885.0,1473552.0,40333.0,,67038.0,26.0,0.414,,,,,,,U,U,,,,,,
MS,Mississippi,202304,N,791146.0,713300.0,77846.0,,9092.0,1.0,0.037,,,,,,,U,U,,,,,,
MT,Montana,202304,Y,330590.0,301785.0,28805.0,,23631.0,37.0,0.35,,,,,,,U,U,,,,,,
NC,North Carolina,202304,N,2447186.0,2142263.0,304923.0,,19018.0,0.0,0.01,,,,,,,U,U,,,,,,
ND,North Dakota,202304,Y,135554.0,131684.0,3870.0,,28393.0,12.0,0.544,,,,,,,U,U,,,,,,
NE,Nebraska,202304,Y,398818.0,356238.0,42580.0,,24411.0,3.0,0.0792,8849.0,7372.0,1882.0,592.0,779.0,106.0,U,U,,,,,,
NH,New Hampshire,202304,Y,226579.0,204645.0,21934.0,,15340.0,11.0,0.11,23352.0,11666.0,7370.0,8975.0,2711.0,0.0,U,U,,,,,,
NJ,New Jersey,202304,Y,2252687.0,1981656.0,271031.0,,65587.0,1.0,0.029,,,,,,,U,U,,,,,,
NM,New Mexico,202304,Y,888178.0,838937.0,49241.0,,170897.0,32.0,0.235,103107.0,59106.0,31922.0,29381.0,3963.0,10657.0,U,U,,,,,,
NV,Nevada,202304,Y,899946.0,845504.0,54442.0,,104921.0,23.0,0.221,,,,,,,U,U,,,,,,
NY,New York,202304,Y,7547966.0,7024976.0,522990.0,,413161.0,1.0,0.042,,,,,,,U,U,,,,,,
OH,Ohio,202304,Y,3446663.0,3192670.0,253993.0,,146135.0,2.0,0.03,284158.0,210776.0,104872.0,46938.0,22226.0,4218.0,U,U,Includes Individuals Enrolled At Any Time in Month (Not a Point-in-Time Count),Includes Individuals Enrolled At Any Time in Month (Not a Point-in-Time Count),Includes Individuals Enrolled At Any Time in Month (Not a Point-in-Time Count),Updated Renewal Outcomes Reported as of a Different Date Than Three Months After the End of the Original Reporting Period,Updated Renewal Outcomes Reported as of a Different Date Than Three Months After the End of the Original Reporting Period,Updated Renewal Outcomes Reported as of a Different Date Than Three Months After the End of the Original Reporting Period
OK,Oklahoma,202304,Y,1336866.0,1195564.0,141302.0,,66110.0,0.0,0.023,58790.0,27687.0,6788.0,26204.0,4412.0,487.0,U,U,,,,"Updated Renewal Outcomes May Include Eligibility Actions That Occurred After the Renewal was Processed (e.g., Outcomes Based on a Change in Circumstance or for Individuals Who Returned the Renewal During the Reconsideration Period)","Updated Renewal Outcomes May Include Eligibility Actions That Occurred After the Renewal was Processed (e.g., Outcomes Based on a Change in Circumstance or for Individuals Who Returned the Renewal During the Reconsideration Period)","Updated Renewal Outcomes May Include Eligibility Actions That Occurred After the Renewal was Processed (e.g., Outcomes Based on a Change in Circumstance or for Individuals Who Returned the Renewal During the Reconsideration Period)"
OR,Oregon,202304,Y,1411181.0,1224253.0,186928.0,,87242.0,13.0,0.22,,,,,,,U,U,,,,,,
PA,Pennsylvania,202304,Y,3741046.0,3490269.0,250777.0,,278042.0,5.0,0.072,262561.0,189107.0,11067.0,40457.0,32867.0,130.0,U,U,,,,"Updated Renewal Outcomes May Include Eligibility Actions That Occurred After the Renewal was Processed (e.g., Outcomes Based on a Change in Circumstance or for Individuals Who Returned the Renewal During the Reconsideration Period)","Updated Renewal Outcomes May Include Eligibility Actions That Occurred After the Renewal was Processed (e.g., Outcomes Based on a Change in Circumstance or for Individuals Who Returned the Renewal During the Reconsideration Period)","Updated Renewal Outcomes May Include Eligibility Actions That Occurred After the Renewal was Processed (e.g., Outcomes Based on a Change in Circumstance or for Individuals Who Returned the Renewal During the Reconsideration Period)"
RI,Rhode Island,202304,Y,372312.0,335828.0,36484.0,,61842.0,37.0,0.229,,,,,,,U,U,,,,,,
SC,South Carolina,202304,N,1328045.0,1216687.0,111358.0,,110386.0,7.0,0.192,,,,,,,U,U,Includes Retroactive Enrollments,Includes Retroactive Enrollments,Includes Retroactive Enrollments,,,
SD,South Dakota,202304,N,133859.0,115732.0,18127.0,,,,,17904.0,7764.0,1074.0,5830.0,4310.0,0.0,U,U,,,,,,
TN,Tennessee,202304,N,1812491.0,1659589.0,152902.0,,50806.0,0.0,0.007,,,,,,,U,U,,,,,,
TX,Texas,202304,N,5950574.0,5495807.0,454767.0,,834170.0,8.0,0.249,,,,,,,U,U,,,,,,
UT,Utah,202304,Y,488964.0,450946.0,38018.0,,124408.0,29.0,0.245,40411.0,17848.0,6254.0,20002.0,2561.0,0.0,U,U,Includes Enrollees in Other Financial Assistance Programs Not Enrolled in Medicaid or CHIP,Includes Enrollees in Other Financial Assistance Programs Not Enrolled in Medicaid or CHIP,,,,
VA,Virginia,202304,Y,2047457.0,1853314.0,194143.0,,48963.0,1.0,0.005,,,,,,,U,U,,,,,,
VT,Vermont,202304,Y,194564.0,189945.0,4619.0,,15636.0,1.0,0.005,,,,,,,U,U,,,,,,
WA,Washington,202304,Y,2197036.0,2131825.0,65211.0,,39302.0,1.0,0.04,,,,,,,U,U,,,,,,
WI,Wisconsin,202304,N,1449795.0,1368990.0,80805.0,,213111.0,8.0,0.13,,,,,,,U,U,,,,,,
WV,West Virginia,202304,Y,662638.0,628159.0,34479.0,,19747.0,5.0,0.088,48057.0,24920.0,4658.0,10736.0,6981.0,5420.0,U,U,Includes Individuals Enrolled At Any Time in Month (Not a Point-in-Time Count),Includes Individuals Enrolled At Any Time in Month (Not a Point-in-Time Count),Includes Individuals Enrolled At Any Time in Month (Not a Point-in-Time Count),,,
WY,Wyoming,202304,N,85281.0,79999.0,5282.0,,8926.0,0.0,0.001,4060.0,3548.0,1907.0,30.0,255.0,227.0,U,U,,,,,,
AK,Alaska,202305,Y,266917.0,254439.0,12478.0,,29402.0,16.0,0.24,6539.0,2413.0,1193.0,1936.0,1195.0,995.0,U,U,,,,,,
AL,Alabama,202305,N,1198884.0,999970.0,198914.0,,51441.0,1.0,0.039,,,,,,,U,U,,,,,,
AR,Arkansas,202305,Y,1024969.0,954683.0,70286.0,,79625.0,10.0,0.163,99266.0,46188.0,29432.0,37194.0,14234.0,1650.0,U,U,,,,,,
AZ,Arizona,202305,Y,2283588.0,2141319.0,142269.0,,627158.0,21.0,0.179,207542.0,130592.0,108167.0,57168.0,19782.0,0.0,U,U,,,,,,
CA,California,202305,Y,14401941.0,13099619.0,1302322.0,,240168.0,2.0,0.043,,,,,,,U,U,Includes Limited-Benefit Enrollees,Includes Limited-Benefit Enrollees,Includes Limited-Benefit Enrollees,,,
CO,Colorado,202305,Y,1728610.0,1612157.0,116453.0,,24408.0,4.0,0.084,119563.0,68131.0,28670.0,31609.0,19557.0,266.0,U,U,,,,,,
CT,Connecticut,202305,Y,1008465.0,994888.0,13577.0,,136233.0,1.0,0.025,104755.0,76995.0,59859.0,20404.0,6380.0,976.0,U,U,,,,,,
DC,District of Columbia,202305,Y,297395.0,281409.0,15986.0,,44088.0,1.0,0.05,14504.0,10761.0,9522.0,3285.0,77.0,381.0,U,U,,,,,,
DE,Delaware,202305,Y,309636.0,303471.0,6165.0,,30567.0,1.0,0.095,6420.0,4562.0,1404.0,633.0,790.0,435.0,U,U,,,,,,
FL,Florida,202305,N,4862823.0,4776245.0,86578.0,,1955824.0,31.0,0.376,408438.0,295774.0,109913.0,65910.0,46753.0,1.0,U,U,,,,,,
GA,Georgia,202305,N,2552798.0,2236476.0,316322.0,,40473.0,1.0,0.003,12526.0,8122.0,6212.0,1583.0,170.0,2651.0,U,U,,,,,,
HI,Hawaii,202305,Y,461349.0,437439.0,23910.0,,19342.0,7.0,0.3,39822.0,23762.0,16242.0,10950.0,1895.0,3215.0,U,U,,,,,,
IA,Iowa,202305,Y,860981.0,789167.0,71814.0,,23770.0,0.0,0.011,78271.0,40670.0,16896.0,26966.0,7285.0,3350.0,U,U,,,,,,
ID,Idaho,202305,Y,432712.0,398924.0,33788.0,,58892.0,34.0,0.068,51008.0,16754.0,3752.0,26073.0,8181.0,0.0,U,U,,,,,,
IL,Illinois,202305,Y,3851907.0,3505416.0,346491.0,,138331.0,12.0,0.341,,,,,,,U,U,,,,,,
IN,Indiana,202305,Y,2056226.0,1919881.0,136345.0,,204702.0,5.0,0.078,165431.0,87554.0,50815.0,49316.0,13583.0,14978.0,U,U,,,,,,
KS,Kansas,202305,N,484061.0,421124.0,62937.0,,42135.0,23.0,0.324,69200.0,25600.0,3496.0,27143.0,7828.0,8629.0,U,U,,,,,,
KY,Kentucky,202305,Y,1646014.0,1517225.0,128789.0,,87733.0,1.0,0.008,80673.0,38552.0,26835.0,25655.0,9758.0,6708.0,U,U,,,,,,
LA,Louisiana,202305,Y,1927554.0,1736994.0,190560.0,,344755.0,1.0,0.023,,,,,,,U,U,,,,,,
MA,Massachusetts,202305,Y,2034643.0,1824491.0,210152.0,,212424.0,2.0,0.023,44706.0,21920.0,5101.0,9122.0,13188.0,476.0,U,U,,,,Please Refer to the Original Data Published for This Reporting Period,Please Refer to the Original Data Published for This Reporting Period,Please Refer to the Original Data Published for This Reporting Period
MD,Maryland,202305,Y,1720320.0,1553328.0,166992.0,,50488.0,1.0,0.067,117098.0,80317.0,56164.0,24643.0,10727.0,1411.0,U,U,,,,,,
ME,Maine,202305,Y,380133.0,364010.0,16123.0,,50488.0,35.0,0.3,22545.0,19739.0,0.0,642.0,1895.0,269.0,U,U,,,,,,
MI,Michigan,202305,Y,3106751.0,2960370.0,146381.0,,131206.0,1.0,0.01,,,,,,,U,U,,,,,,
MN,Minnesota,202305,Y,1413651.0,1409823.0,3828.0,,22765.0,3.0,0.12,,,,,,,U,U,,,,,,
MO,Missouri,202305,Y,1519977.0,1477415.0,42562.0,,75562.0,28.0,0.436,,,,,,,U,U,,,,,,
MS,Mississippi,202305,N,794342.0,716376.0,77966.0,,8434.0,1.0,0.049,,,,,,,U,U,,,,,,
MT,Montana,202305,Y,330378.0,301776.0,28602.0,,26242.0,42.0,0.4,32698.0,12566.0,3952.0,12694.0,5548.0,1890.0,U,U,,,,,,
NC,North Carolina,202305,N,2459416.0,2152456.0,306960.0,,21308.0,0.0,0.01,,,,,,,U,U,,,,,,
ND,North Dakota,202305,Y,136252.0,132372.0,3880.0,,30199.0,2.0,0.114,12066.0,6554.0,2077.0,4166.0,1324.0,22.0,U,U,,,,,,
NE,Nebraska,202305,Y,400076.0,357537.0,42539.0,,27525.0,3.0,0.0962,26342.0,18806.0,9621.0,3327.0,2882.0,1327.0,U,U,,,,,,
NH,New Hampshire,202305,Y,212544.0,192790.0,19754.0,,15981.0,11.0,0.12,23236.0,8738.0,4136.0,10577.0,3921.0,0.0,U,U,,,,,,
NJ,New Jersey,202305,Y,2259458.0,1987920.0,271538.0,,77189.0,1.0,0.031,,,,,,,U,U,,,,,,
NM,New Mexico,202305,Y,878004.0,830099.0,47905.0,,163927.0,20.0,0.193,109800.0,53312.0,25460.0,33969.0,5649.0,16870.0,U,U,,,,,,
NV,Nevada,202305,Y,904469.0,850829.0,53640.0,,104960.0,13.0,0.184,83002.0,41464.0,25612.0,40766.0,772.0,0.0,U,U,,,,,,
NY,New York,202305,Y,7578417.0,7054259.0,524158.0,,550256.0,0.0,0.011,,,,,,,U,U,,,,,,
OH,Ohio,202305,Y,3405703.0,3155383.0,250320.0,,172949.0,4.0,0.03,316771.0,234323.0,121124.0,51835.0,25680.0,4933.0,U,U,Includes Individuals Enrolled At Any Time in Month (Not a Point-in-Time Count),Includes Individuals Enrolled At Any Time in Month (Not a Point-in-Time Count),Includes Individuals Enrolled At Any Time in Month (Not a Point-in-Time Count),Updated Renewal Outcomes Reported as of a Different Date Than Three Months After the End of the Original Reporting Period,Updated Renewal Outcomes Reported as of a Different Date Than Three Months After the End of the Original Reporting Period,Updated Renewal Outcomes Reported as of a Different Date Than Three Months After the End of the Original Reporting Period
OK,Oklahoma,202305,Y,1313103.0,1167701.0,145402.0,,82409.0,0.0,0.005,98489.0,47105.0,12016.0,44612.0,5605.0,1167.0,U,U,,,,"Updated Renewal Outcomes May Include Eligibility Actions That Occurred After the Renewal was Processed (e.g., Outcomes Based on a Change in Circumstance or for Individuals Who Returned the Renewal During the Reconsideration Period)","Updated Renewal Outcomes May Include Eligibility Actions That Occurred After the Renewal was Processed (e.g., Outcomes Based on a Change in Circumstance or for Individuals Who Returned the Renewal During the Reconsideration Period)","Updated Renewal Outcomes May Include Eligibility Actions That Occurred After the Renewal was Processed (e.g., Outcomes Based on a Change in Circumstance or for Individuals Who Returned the Renewal During the Reconsideration Period)"
OR,Oregon,202305,Y,1417860.0,1231725.0,186135.0,,101884.0,15.0,0.24,,,,,,,U,U,,,,,,
PA,Pennsylvania,202305,Y,3735737.0,3487594.0,248143.0,,310293.0,6.0,0.115,254287.0,180254.0,10584.0,41618.0,32325.0,90.0,U,U,,,,"Updated Renewal Outcomes May Include Eligibility Actions That Occurred After the Renewal was Processed (e.g., Outcomes Based on a Change in Circumstance or for Individuals Who Returned the Renewal During the Reconsideration Period)","Updated Renewal Outcomes May Include Eligibility Actions That Occurred After the Renewal was Processed (e.g., Outcomes Based on a Change in Circumstance or for Individuals Who Returned the Renewal During the Reconsideration Period)","Updated Renewal Outcomes May Include Eligibility Actions That Occurred After the Renewal was Processed (e.g., Outcomes Based on a Change in Circumstance or for Individuals Who Returned the Renewal During the Reconsideration Period)"
RI,Rhode Island,202305,Y,373989.0,337476.0,36513.0,,8530.0,31.0,0.446,10894.0,7210.0,6590.0,2648.0,657.0,379.0,U,U,,,,"Updated Renewal Outcomes Reported as of a Different Date Than Three Months After the End of the Original Reporting Period; Updated Renewal Outcomes May Include Eligibility Actions That Occurred After the Renewal was Processed (e.g., Outcomes Based on a Change in Circumstance or for Individuals Who Returned the Renewal During the Reconsideration Period)","Updated Renewal Outcomes Reported as of a Different Date Than Three Months After the End of the Original Reporting Period; Updated Renewal Outcomes May Include Eligibility Actions That Occurred After the Renewal was Processed (e.g., Outcomes Based on a Change in Circumstance or for Individuals Who Returned the Renewal During the Reconsideration Period)","Updated Renewal Outcomes Reported as of a Different Date Than Three Months After the End of the Original Reporting Period; Updated Renewal Outcomes May Include Eligibility Actions That Occurred After the Renewal was Processed (e.g., Outcomes Based on a Change in Circumstance or for Individuals Who Returned the Renewal During the Reconsideration Period)"
SC,South Carolina,202305,N,1334277.0,1222915.0,111362.0,,196839.0,14.0,0.311,229900.0,83331.0,22668.0,74657.0,35893.0,36019.0,U,U,Includes Retroactive Enrollments,Includes Retroactive Enrollments,Includes Retroactive Enrollments,"Updated Renewal Outcomes Reported as of a Different Date Than Three Months After the End of the Original Reporting Period; Updated Renewal Outcomes May Include Eligibility Actions That Occurred After the Renewal was Processed (e.g., Outcomes Based on a Change in Circumstance or for Individuals Who Returned the Renewal During the Reconsideration Period)","Updated Renewal Outcomes Reported as of a Different Date Than Three Months After the End of the Original Reporting Period; Updated Renewal Outcomes May Include Eligibility Actions That Occurred After the Renewal was Processed (e.g., Outcomes Based on a Change in Circumstance or for Individuals Who Returned the Renewal During the Reconsideration Period)","Updated Renewal Outcomes Reported as of a Different Date Than Three Months After the End of the Original Reporting Period; Updated Renewal Outcomes May Include Eligibility Actions That Occurred After the Renewal was Processed (e.g., Outcomes Based on a Change in Circumstance or for Individuals Who Returned the Renewal During the Reconsideration Period)"
SD,South Dakota,202305,N,125793.0,108620.0,17173.0,,,,,17536.0,7334.0,1053.0,5866.0,4336.0,0.0,U,U,,,,,,
TN,Tennessee,202305,N,1814686.0,1662895.0,151791.0,,60066.0,0.0,0.006,,,,,,,U,U,,,,,,
TX,Texas,202305,N,5976306.0,5535862.0,440444.0,,972772.0,8.0,0.184,785287.0,149674.0,4291.0,465863.0,119907.0,49843.0,U,U,,,,Updated Renewal Outcomes Reported as of a Different Date Than Three Months After the End of the Original Reporting Period,Updated Renewal Outcomes Reported as of a Different Date Than Three Months After the End of the Original Reporting Period,Updated Renewal Outcomes Reported as of a Different Date Than Three Months After the End of the Original Reporting Period
UT,Utah,202305,Y,470162.0,432303.0,37859.0,,150447.0,35.0,0.258,44238.0,19672.0,9993.0,21751.0,2815.0,0.0,U,U,Includes Enrollees in Other Financial Assistance Programs Not Enrolled in Medicaid or CHIP,Includes Enrollees in Other Financial Assistance Programs Not Enrolled in Medicaid or CHIP,,,,
VA,Virginia,202305,Y,2051719.0,1857261.0,194458.0,,66269.0,0.0,0.011,205701.0,171597.0,134011.0,12372.0,14126.0,7606.0,U,U,,,,,,
VT,Vermont,202305,Y,194794.0,190155.0,4639.0,,19537.0,1.0,0.007,13149.0,6758.0,3827.0,4132.0,2235.0,24.0,U,U,,,,,,
WA,Washington,202305,Y,2197395.0,2131955.0,65440.0,,45998.0,0.0,0.04,192611.0,100952.0,87731.0,82234.0,9411.0,14.0,U,U,,,,,,
WI,Wisconsin,202305,N,1456835.0,1375766.0,81069.0,,245149.0,6.0,0.08,,,,,,,U,U,,,,,,
WV,West Virginia,202305,Y,643762.0,607908.0,35854.0,,26470.0,9.0,0.191,47329.0,17817.0,4610.0,11636.0,13597.0,4279.0,U,U,Includes Individuals Enrolled At Any Time in Month (Not a Point-in-Time Count),Includes Individuals Enrolled At Any Time in Month (Not a Point-in-Time Count),Includes Individuals Enrolled At Any Time in Month (Not a Point-in-Time Count),,,
WY,Wyoming,202305,N,85193.0,79895.0,5298.0,,9114.0,0.0,0.003,6209.0,4204.0,1736.0,1494.0,211.0,300.0,U,U,,,,,,
AK,Alaska,202306,Y,265952.0,252977.0,12975.0,,30361.0,13.0,0.15,7530.0,3032.0,1867.0,2174.0,1424.0,900.0,U,U,,,,,,
AL,Alabama,202306,N,1204334.0,1004521.0,199813.0,,49226.0,1.0,0.052,127533.0,89847.0,46181.0,30569.0,6980.0,137.0,U,U,,,,,,
AR,Arkansas,202306,Y,982471.0,909972.0,72499.0,,78532.0,6.0,0.152,128604.0,59495.0,33845.0,47993.0,17561.0,3555.0,U,U,,,,,,
AZ,Arizona,202306,Y,2181664.0,2048651.0,133013.0,,674685.0,18.0,0.178,232626.0,159426.0,138226.0,52087.0,21113.0,0.0,U,U,,,,,,
CA,California,202306,Y,14462560.0,13160563.0,1301997.0,,221721.0,2.0,0.009,1022294.0,675935.0,358921.0,194912.0,48344.0,103103.0,U,U,Includes Limited-Benefit Enrollees,Includes Limited-Benefit Enrollees,Includes Limited-Benefit Enrollees,,,
CO,Colorado,202306,Y,1698165.0,1580948.0,117217.0,,27961.0,10.0,0.213,127475.0,63060.0,30294.0,44648.0,19475.0,292.0,U,U,,,,,,
CT,Connecticut,202306,Y,1000711.0,986740.0,13971.0,,130614.0,1.0,0.026,85764.0,67011.0,49759.0,12083.0,4617.0,2053.0,U,U,,,,,,
DC,District of Columbia,202306,Y,295185.0,279024.0,16161.0,,43568.0,1.0,0.05,21620.0,14712.0,11654.0,5613.0,390.0,905.0,U,U,,,,,,
DE,Delaware,202306,Y,309753.0,303184.0,6569.0,,36380.0,1.0,0.129,23428.0,12861.0,4060.0,5381.0,2651.0,2535.0,U,U,,,,,,
FL,Florida,202306,N,4717983.0,4629613.0,88370.0,,2230796.0,32.0,0.364,404036.0,306286.0,68835.0,40522.0,57228.0,0.0,U,U,,,,,,
GA,Georgia,202306,N,2548372.0,2227392.0,320980.0,,88954.0,29.0,0.015,219359.0,90441.0,52851.0,90093.0,13868.0,24957.0,U,U,,,,,,
HI,Hawaii,202306,Y,443621.0,420657.0,22964.0,,19210.0,13.0,0.43,38920.0,25079.0,16393.0,9275.0,1485.0,3081.0,U,U,,,,,,
IA,Iowa,202306,Y,830677.0,757677.0,73000.0,,30819.0,1.0,0.024,84961.0,44660.0,18891.0,27991.0,8493.0,3817.0,U,U,,,,,,
ID,Idaho,202306,Y,385133.0,357575.0,27558.0,,49947.0,39.0,0.067,37946.0,10085.0,4482.0,25330.0,2531.0,0.0,U,U,,,,,,
IL,Illinois,202306,Y,3866234.0,3518864.0,347370.0,,149505.0,13.0,0.419,199040.0,143993.0,92513.0,33613.0,13486.0,7948.0,U,U,,,,,,
IN,Indiana,202306,Y,2012845.0,1877444.0,135401.0,,225974.0,5.0,0.08,160155.0,103340.0,74005.0,35487.0,9005.0,12323.0,U,U,,,,,,
KS,Kansas,202306,N,485006.0,420467.0,64539.0,,38100.0,13.0,0.201,68374.0,16293.0,2976.0,627.0,5616.0,45838.0,U,U,,,,Updated Renewal Outcomes Reported as of a Different Date Than Three Months After the End of the Original Reporting Period,Updated Renewal Outcomes Reported as of a Different Date Than Three Months After the End of the Original Reporting Period,Updated Renewal Outcomes Reported as of a Different Date Than Three Months After the End of the Original Reporting Period
KY,Kentucky,202306,Y,1622491.0,1493057.0,129434.0,,102485.0,2.0,0.03,82606.0,38236.0,29721.0,29016.0,7951.0,7403.0,U,U,,,,,,
LA,Louisiana,202306,Y,1924717.0,1734758.0,189959.0,,383079.0,1.0,0.026,146892.0,93191.0,69527.0,38405.0,14940.0,356.0,U,U,,,,,,
MA,Massachusetts,202306,Y,2027283.0,1817447.0,209836.0,,220512.0,2.0,0.032,91769.0,35857.0,15829.0,38911.0,16531.0,470.0,U,U,,,,Please Refer to the Original Data Published for This Reporting Period,Please Refer to the Original Data Published for This Reporting Period,Please Refer to the Original Data Published for This Reporting Period
MD,Maryland,202306,Y,1710790.0,1545094.0,165696.0,,56377.0,2.0,0.069,137459.0,105117.0,71252.0,17075.0,12485.0,2782.0,U,U,,,,,,
ME,Maine,202306,Y,380730.0,363875.0,16855.0,,46096.0,33.0,0.24,21928.0,18284.0,2.0,1000.0,2270.0,374.0,U,U,,,,,,
MI,Michigan,202306,Y,3116760.0,2969566.0,147194.0,,133560.0,3.0,0.044,215712.0,131355.0,73084.0,65796.0,17975.0,586.0,U,U,,,,,,
MN,Minnesota,202306,Y,1419620.0,1415709.0,3911.0,,21844.0,6.0,0.18,97960.0,59295.0,12031.0,28841.0,9202.0,622.0,U,U,,,,Updated Renewal Outcomes Reported as of a Different Date Than Three Months After the End of the Original Reporting Period,Updated Renewal Outcomes Reported as of a Different Date Than Three Months After the End of the Original Reporting Period,Updated Renewal Outcomes Reported as of a Different Date Than Three Months After the End of the Original Reporting Period
MO,Missouri,202306,Y,1522455.0,1475538.0,46917.0,,114824.0,26.0,0.446,116617.0,60556.0,38613.0,23932.0,9547.0,22582.0,U,U,,,,,,
MS,Mississippi,202306,N,796813.0,718702.0,78111.0,,7656.0,1.0,0.06,67695.0,36173.0,11958.0,23843.0,6175.0,1504.0,U,U,,,,,,
MT,Montana,202306,Y,314959.0,287819.0,27140.0,,26749.0,27.0,0.39,42712.0,13726.0,4696.0,14108.0,10210.0,4668.0,U,U,,,,,,
NC,North Carolina,202306,N,2410507.0,2101920.0,308587.0,,20155.0,0.0,0.002,185093.0,140497.0,139383.0,31290.0,5302.0,8004.0,U,U,,,,Updated Renewal Outcomes Reported as of a Different Date Than Three Months After the End of the Original Reporting Period,Updated Renewal Outcomes Reported as of a Different Date Than Three Months After the End of the Original Reporting Period,Updated Renewal Outcomes Reported as of a Different Date Than Three Months After the End of the Original Reporting Period
ND,North Dakota,202306,Y,132222.0,128519.0,3703.0,,30639.0,1.0,0.04,12900.0,5616.0,3141.0,5147.0,2088.0,49.0,U,U,,,,,,
NE,Nebraska,202306,Y,399695.0,357071.0,42624.0,,28960.0,3.0,0.0986,29598.0,20286.0,10318.0,4244.0,3532.0,1536.0,U,U,,,,,,
NH,New Hampshire,202306,Y,201379.0,183007.0,18372.0,,17209.0,12.0,0.12,16154.0,7738.0,4880.0,7276.0,1140.0,0.0,U,U,,,,,,
NJ,New Jersey,202306,Y,2268064.0,1996107.0,271957.0,,76783.0,2.0,0.071,163899.0,77488.0,19631.0,46996.0,13524.0,25891.0,U,U,,,,,,
NM,New Mexico,202306,Y,878906.0,830865.0,48041.0,,179766.0,28.0,0.234,91920.0,54175.0,34984.0,23426.0,4428.0,9891.0,U,U,,,,,,
NV,Nevada,202306,Y,872011.0,821385.0,50626.0,,107657.0,18.0,0.181,91075.0,43552.0,27026.0,44603.0,2920.0,0.0,U,U,,,,,,
NY,New York,202306,Y,7634352.0,7098089.0,536263.0,,605410.0,0.0,0.009,488480.0,325206.0,117606.0,85242.0,76041.0,1991.0,U,U,,,,,,
OH,Ohio,202306,Y,3360787.0,3114808.0,245979.0,,181411.0,4.0,0.04,318853.0,223287.0,115986.0,62971.0,24699.0,7896.0,U,U,Includes Individuals Enrolled At Any Time in Month (Not a Point-in-Time Count),Includes Individuals Enrolled At Any Time in Month (Not a Point-in-Time Count),Includes Individuals Enrolled At Any Time in Month (Not a Point-in-Time Count),Updated Renewal Outcomes Reported as of a Different Date Than Three Months After the End of the Original Reporting Period,Updated Renewal Outcomes Reported as of a Different Date Than Three Months After the End of the Original Reporting Period,Updated Renewal Outcomes Reported as of a Different Date Than Three Months After the End of the Original Reporting Period
OK,Oklahoma,202306,Y,1288071.0,1143233.0,144838.0,,89925.0,0.0,0.009,93311.0,51495.0,11198.0,29039.0,12085.0,692.0,U,U,,,,"Updated Renewal Outcomes May Include Eligibility Actions That Occurred After the Renewal was Processed (e.g., Outcomes Based on a Change in Circumstance or for Individuals Who Returned the Renewal During the Reconsideration Period)","Updated Renewal Outcomes May Include Eligibility Actions That Occurred After the Renewal was Processed (e.g., Outcomes Based on a Change in Circumstance or for Individuals Who Returned the Renewal During the Reconsideration Period)","Updated Renewal Outcomes May Include Eligibility Actions That Occurred After the Renewal was Processed (e.g., Outcomes Based on a Change in Circumstance or for Individuals Who Returned the Renewal During the Reconsideration Period)"
OR,Oregon,202306,Y,1423935.0,1237366.0,186569.0,,111934.0,21.0,0.28,,,,,,,U,U,,,,,,
PA,Pennsylvania,202306,Y,3694128.0,3439685.0,254443.0,,320554.0,8.0,0.14,229182.0,167608.0,10430.0,33443.0,28107.0,24.0,U,U,,,,"Updated Renewal Outcomes May Include Eligibility Actions That Occurred After the Renewal was Processed (e.g., Outcomes Based on a Change in Circumstance or for Individuals Who Returned the Renewal During the Reconsideration Period)","Updated Renewal Outcomes May Include Eligibility Actions That Occurred After the Renewal was Processed (e.g., Outcomes Based on a Change in Circumstance or for Individuals Who Returned the Renewal During the Reconsideration Period)","Updated Renewal Outcomes May Include Eligibility Actions That Occurred After the Renewal was Processed (e.g., Outcomes Based on a Change in Circumstance or for Individuals Who Returned the Renewal During the Reconsideration Period)"
RI,Rhode Island,202306,Y,372991.0,336336.0,36655.0,,9081.0,37.0,0.46,11117.0,7275.0,6771.0,2407.0,1047.0,388.0,U,U,,,,"Updated Renewal Outcomes Reported as of a Different Date Than Three Months After the End of the Original Reporting Period; Updated Renewal Outcomes May Include Eligibility Actions That Occurred After the Renewal was Processed (e.g., Outcomes Based on a Change in Circumstance or for Individuals Who Returned the Renewal During the Reconsideration Period)","Updated Renewal Outcomes Reported as of a Different Date Than Three Months After the End of the Original Reporting Period; Updated Renewal Outcomes May Include Eligibility Actions That Occurred After the Renewal was Processed (e.g., Outcomes Based on a Change in Circumstance or for Individuals Who Returned the Renewal During the Reconsideration Period)","Updated Renewal Outcomes Reported as of a Different Date Than Three Months After the End of the Original Reporting Period; Updated Renewal Outcomes May Include Eligibility Actions That Occurred After the Renewal was Processed (e.g., Outcomes Based on a Change in Circumstance or for Individuals Who Returned the Renewal During the Reconsideration Period)"
SC,South Carolina,202306,N,1262925.0,1165030.0,97895.0,,187619.0,10.0,0.224,231472.0,110079.0,25456.0,58834.0,24937.0,37622.0,U,U,Includes Retroactive Enrollments,Includes Retroactive Enrollments,Includes Retroactive Enrollments,"Updated Renewal Outcomes Reported as of a Different Date Than Three Months After the End of the Original Reporting Period; Updated Renewal Outcomes May Include Eligibility Actions That Occurred After the Renewal was Processed (e.g., Outcomes Based on a Change in Circumstance or for Individuals Who Returned the Renewal During the Reconsideration Period)","Updated Renewal Outcomes Reported as of a Different Date Than Three Months After the End of the Original Reporting Period; Updated Renewal Outcomes May Include Eligibility Actions That Occurred After the Renewal was Processed (e.g., Outcomes Based on a Change in Circumstance or for Individuals Who Returned the Renewal During the Reconsideration Period)","Updated Renewal Outcomes Reported as of a Different Date Than Three Months After the End of the Original Reporting Period; Updated Renewal Outcomes May Include Eligibility Actions That Occurred After the Renewal was Processed (e.g., Outcomes Based on a Change in Circumstance or for Individuals Who Returned the Renewal During the Reconsideration Period)"
SD,South Dakota,202306,N,117908.0,101772.0,16136.0,,,,,14688.0,6676.0,1322.0,4286.0,3726.0,0.0,U,U,,,,,,
TN,Tennessee,202306,N,1797729.0,1646977.0,150752.0,,66840.0,0.0,0.001,80084.0,44621.0,24802.0,26396.0,7980.0,1087.0,U,U,,,,,,
TX,Texas,202306,N,5646527.0,5233229.0,413298.0,,1008009.0,9.0,0.185,0.0,0.0,0.0,0.0,0.0,0.0,U,U,,,,,,
UT,Utah,202306,Y,451184.0,413751.0,37433.0,,144164.0,33.0,0.243,29186.0,12138.0,6994.0,16252.0,796.0,0.0,U,U,,,,,,
VA,Virginia,202306,Y,2038126.0,1843589.0,194537.0,,69165.0,1.0,0.034,167232.0,102287.0,47423.0,23567.0,10060.0,31318.0,U,U,,,,,,
VT,Vermont,202306,Y,188393.0,184044.0,4349.0,,22054.0,1.0,0.087,13294.0,7002.0,3880.0,4116.0,2069.0,107.0,U,U,,,,,,
WA,Washington,202306,Y,2120379.0,2056457.0,63922.0,,48229.0,3.0,0.056,199496.0,104409.0,90085.0,85837.0,9219.0,31.0,U,U,,,,,,
WI,Wisconsin,202306,N,1457504.0,1376245.0,81259.0,,270265.0,15.0,0.183,86475.0,36730.0,5993.0,24456.0,25289.0,0.0,U,U,,,,,,
WV,West Virginia,202306,Y,621043.0,583765.0,37278.0,,28501.0,12.0,0.255,50551.0,27997.0,5724.0,14439.0,5010.0,3105.0,U,U,Includes Individuals Enrolled At Any Time in Month (Not a Point-in-Time Count),Includes Individuals Enrolled At Any Time in Month (Not a Point-in-Time Count),Includes Individuals Enrolled At Any Time in Month (Not a Point-in-Time Count),,,
WY,Wyoming,202306,N,84816.0,79517.0,5299.0,,9963.0,0.0,0.004,5536.0,3990.0,1897.0,1206.0,116.0,224.0,U,U,,,,,,
AK,Alaska,202307,Y,262806.0,249808.0,12998.0,,30310.0,13.0,0.15,14250.0,5632.0,4011.0,5740.0,1859.0,1019.0,U,U,,,,,,
AL,Alabama,202307,N,1184172.0,987621.0,196551.0,,54615.0,4.0,0.116,131852.0,85745.0,43267.0,40474.0,5624.0,9.0,U,U,,,,,,
AR,Arkansas,202307,Y,936514.0,861512.0,75002.0,,142817.0,4.0,0.086,127233.0,59403.0,36466.0,46298.0,20898.0,634.0,U,U,,,,,,
AZ,Arizona,202307,Y,2134921.0,2007607.0,127314.0,,766593.0,34.0,0.227,223281.0,168663.0,148166.0,37749.0,16869.0,0.0,U,U,,,,,,
CA,California,202307,Y,14399877.0,13104161.0,1295716.0,,214314.0,3.0,0.012,1035947.0,637036.0,346329.0,189293.0,46085.0,163533.0,U,U,Includes Limited-Benefit Enrollees,Includes Limited-Benefit Enrollees,Includes Limited-Benefit Enrollees,"Updated Renewal Outcomes May Include Eligibility Actions That Occurred After the Renewal was Processed (e.g., Outcomes Based on a Change in Circumstance or for Individuals Who Returned the Renewal During the Reconsideration Period)","Updated Renewal Outcomes May Include Eligibility Actions That Occurred After the Renewal was Processed (e.g., Outcomes Based on a Change in Circumstance or for Individuals Who Returned the Renewal During the Reconsideration Period)","Updated Renewal Outcomes May Include Eligibility Actions That Occurred After the Renewal was Processed (e.g., Outcomes Based on a Change in Circumstance or for Individuals Who Returned the Renewal During the Reconsideration Period)"
CO,Colorado,202307,Y,1660695.0,1542108.0,118587.0,,30150.0,14.0,0.277,136582.0,64755.0,30437.0,50641.0,20833.0,353.0,U,U,,,,,,
CT,Connecticut,202307,Y,996632.0,982286.0,14346.0,,135978.0,2.0,0.045,125381.0,87744.0,62620.0,25285.0,9189.0,3163.0,U,U,,,,,,
DC,District of Columbia,202307,Y,292976.0,276833.0,16143.0,,45531.0,1.0,0.04,31414.0,16149.0,11066.0,12395.0,1267.0,1603.0,U,U,,,,,,
DE,Delaware,202307,Y,310479.0,303470.0,7009.0,,35306.0,1.0,0.112,23607.0,14215.0,4806.0,4258.0,2931.0,2203.0,U,U,,,,,,
FL,Florida,202307,N,4632565.0,4538284.0,94281.0,,2531455.0,41.0,0.43,542315.0,359661.0,90716.0,90159.0,92495.0,0.0,U,U,,,,,,
GA,Georgia,202307,N,2539809.0,2210943.0,328866.0,,61577.0,28.0,0.013,200943.0,95994.0,47847.0,69258.0,22916.0,12775.0,U,U,,,,,,
HI,Hawaii,202307,Y,438194.0,415259.0,22935.0,,11695.0,21.0,0.33,35392.0,23290.0,16137.0,7511.0,1322.0,3269.0,U,U,,,,,,
IA,Iowa,202307,Y,802222.0,729077.0,73145.0,,40796.0,8.0,0.228,88273.0,49562.0,22789.0,25818.0,7539.0,5354.0,U,U,,,,,,
ID,Idaho,202307,Y,363567.0,337970.0,25597.0,,52050.0,52.0,0.071,35915.0,10929.0,4880.0,22019.0,2967.0,0.0,U,U,,,,,,
IL,Illinois,202307,Y,3872945.0,3521298.0,351647.0,,159272.0,16.0,0.434,350563.0,244276.0,155098.0,58834.0,28237.0,19216.0,U,U,,,,,,
IN,Indiana,202307,Y,1978780.0,1844121.0,134659.0,,234862.0,6.0,0.094,149331.0,94905.0,62685.0,33501.0,9505.0,11420.0,U,U,,,,,,
KS,Kansas,202307,N,474225.0,408697.0,65528.0,,37195.0,11.0,0.167,76442.0,19990.0,3376.0,744.0,6873.0,48835.0,U,U,,,,,,
KY,Kentucky,202307,Y,1583958.0,1453921.0,130037.0,,115481.0,15.0,0.106,54975.0,27775.0,22081.0,14104.0,6796.0,6300.0,U,U,,,,,,
LA,Louisiana,202307,Y,1895058.0,1709068.0,185990.0,,419877.0,2.0,0.037,151564.0,92635.0,75596.0,45404.0,13408.0,117.0,U,U,,,,,,
MA,Massachusetts,202307,Y,2017535.0,1807675.0,209860.0,,221811.0,1.0,0.018,96563.0,52211.0,38317.0,20542.0,23692.0,118.0,U,U,,,,Please Refer to the Original Data Published for This Reporting Period,Please Refer to the Original Data Published for This Reporting Period,Please Refer to the Original Data Published for This Reporting Period
MD,Maryland,202307,Y,1697247.0,1534219.0,163028.0,,59696.0,3.0,0.119,145496.0,102137.0,65199.0,23621.0,15657.0,4081.0,U,U,,,,,,
ME,Maine,202307,Y,379435.0,362067.0,17368.0,,49241.0,44.0,0.25,26408.0,22910.0,2.0,844.0,2336.0,318.0,U,U,,,,,,
MI,Michigan,202307,Y,3127754.0,2977514.0,150240.0,,136983.0,2.0,0.027,255861.0,155792.0,81339.0,83168.0,16504.0,397.0,U,U,,,,,,
MN,Minnesota,202307,Y,1408658.0,1404793.0,3865.0,,23537.0,7.0,0.19,107398.0,62690.0,23926.0,33971.0,10163.0,574.0,U,U,,,,Updated Renewal Outcomes Reported as of a Different Date Than Three Months After the End of the Original Reporting Period,Updated Renewal Outcomes Reported as of a Different Date Than Three Months After the End of the Original Reporting Period,Updated Renewal Outcomes Reported as of a Different Date Than Three Months After the End of the Original Reporting Period
MO,Missouri,202307,Y,1504652.0,1455492.0,49160.0,,110598.0,27.0,0.444,106103.0,72399.0,59267.0,18104.0,5421.0,10179.0,U,U,,,,,,
MS,Mississippi,202307,N,772413.0,694451.0,77962.0,,7836.0,1.0,0.07,75110.0,47136.0,13969.0,18205.0,4806.0,4963.0,U,U,,,,,,
MT,Montana,202307,Y,297145.0,271577.0,25568.0,,27946.0,31.0,0.44,39859.0,13043.0,5637.0,11018.0,9076.0,6722.0,U,U,,,,,,
NC,North Carolina,202307,N,2392688.0,2081414.0,311274.0,,20238.0,0.0,0.005,188400.0,133764.0,132848.0,32469.0,4268.0,17899.0,U,U,,,,Updated Renewal Outcomes Reported as of a Different Date Than Three Months After the End of the Original Reporting Period,Updated Renewal Outcomes Reported as of a Different Date Than Three Months After the End of the Original Reporting Period,Updated Renewal Outcomes Reported as of a Different Date Than Three Months After the End of the Original Reporting Period
ND,North Dakota,202307,Y,120309.0,117102.0,3207.0,,30737.0,1.0,0.082,13028.0,5876.0,2036.0,5008.0,2107.0,37.0,U,U,,,,,,
NE,Nebraska,202307,Y,397567.0,355320.0,42247.0,,30219.0,3.0,0.1145,39610.0,25301.0,12724.0,7565.0,4815.0,1929.0,U,U,,,,,,
NH,New Hampshire,202307,Y,194105.0,175844.0,18261.0,,35515.0,6.0,0.08,15535.0,8247.0,5082.0,6172.0,1116.0,0.0,U,U,,,,,,
NJ,New Jersey,202307,Y,2272885.0,2000724.0,272161.0,,109732.0,2.0,0.188,173301.0,89164.0,31086.0,48530.0,15862.0,19745.0,U,U,,,,,,
NM,New Mexico,202307,Y,823720.0,780434.0,43286.0,,172468.0,25.0,0.206,71358.0,39361.0,20324.0,24210.0,2109.0,5678.0,U,U,,,,,,
NV,Nevada,202307,Y,835888.0,788439.0,47449.0,,96785.0,19.0,0.216,78038.0,35263.0,26205.0,40025.0,2750.0,0.0,U,U,,,,,,
NY,New York,202307,Y,7583252.0,7039076.0,544176.0,,613206.0,0.0,0.014,540118.0,349833.0,123277.0,97916.0,86582.0,5787.0,U,U,,,,,,
OH,Ohio,202307,Y,3295451.0,3054616.0,240835.0,,195225.0,5.0,0.05,320868.0,224369.0,128489.0,67711.0,22849.0,5939.0,U,U,Includes Individuals Enrolled At Any Time in Month (Not a Point-in-Time Count),Includes Individuals Enrolled At Any Time in Month (Not a Point-in-Time Count),Includes Individuals Enrolled At Any Time in Month (Not a Point-in-Time Count),,,
OK,Oklahoma,202307,Y,1267103.0,1125364.0,141739.0,,95301.0,0.0,0.012,123212.0,50492.0,12393.0,57226.0,14586.0,908.0,U,U,,,,"Updated Renewal Outcomes May Include Eligibility Actions That Occurred After the Renewal was Processed (e.g., Outcomes Based on a Change in Circumstance or for Individuals Who Returned the Renewal During the Reconsideration Period)","Updated Renewal Outcomes May Include Eligibility Actions That Occurred After the Renewal was Processed (e.g., Outcomes Based on a Change in Circumstance or for Individuals Who Returned the Renewal During the Reconsideration Period)","Updated Renewal Outcomes May Include Eligibility Actions That Occurred After the Renewal was Processed (e.g., Outcomes Based on a Change in Circumstance or for Individuals Who Returned the Renewal During the Reconsideration Period)"
OR,Oregon,202307,Y,1462700.0,1275854.0,186846.0,,124131.0,28.0,0.33,118570.0,112901.0,112901.0,350.0,5307.0,12.0,U,U,,,,,,
PA,Pennsylvania,202307,Y,3644466.0,3388164.0,256302.0,,356931.0,15.0,0.252,247827.0,182282.0,11842.0,33308.0,31949.0,288.0,U,U,,,,"Updated Renewal Outcomes May Include Eligibility Actions That Occurred After the Renewal was Processed (e.g., Outcomes Based on a Change in Circumstance or for Individuals Who Returned the Renewal During the Reconsideration Period)","Updated Renewal Outcomes May Include Eligibility Actions That Occurred After the Renewal was Processed (e.g., Outcomes Based on a Change in Circumstance or for Individuals Who Returned the Renewal During the Reconsideration Period)","Updated Renewal Outcomes May Include Eligibility Actions That Occurred After the Renewal was Processed (e.g., Outcomes Based on a Change in Circumstance or for Individuals Who Returned the Renewal During the Reconsideration Period)"
RI,Rhode Island,202307,Y,373260.0,336281.0,36979.0,,9709.0,30.0,0.435,15065.0,9728.0,8847.0,3780.0,913.0,644.0,U,U,,,,"Updated Renewal Outcomes Reported as of a Different Date Than Three Months After the End of the Original Reporting Period; Updated Renewal Outcomes May Include Eligibility Actions That Occurred After the Renewal was Processed (e.g., Outcomes Based on a Change in Circumstance or for Individuals Who Returned the Renewal During the Reconsideration Period)","Updated Renewal Outcomes Reported as of a Different Date Than Three Months After the End of the Original Reporting Period; Updated Renewal Outcomes May Include Eligibility Actions That Occurred After the Renewal was Processed (e.g., Outcomes Based on a Change in Circumstance or for Individuals Who Returned the Renewal During the Reconsideration Period)","Updated Renewal Outcomes Reported as of a Different Date Than Three Months After the End of the Original Reporting Period; Updated Renewal Outcomes May Include Eligibility Actions That Occurred After the Renewal was Processed (e.g., Outcomes Based on a Change in Circumstance or for Individuals Who Returned the Renewal During the Reconsideration Period)"
SC,South Carolina,202307,N,1264991.0,1166656.0,98335.0,,121990.0,3.0,0.08,0.0,0.0,0.0,0.0,0.0,0.0,U,U,,,,,,
SD,South Dakota,202307,Y,116043.0,100641.0,15402.0,,,,,12304.0,5936.0,1600.0,3121.0,3247.0,0.0,U,U,,,,,,
TN,Tennessee,202307,N,1783668.0,1633331.0,150337.0,,78534.0,2.0,0.003,83308.0,46908.0,32984.0,20961.0,8179.0,7260.0,U,U,,,,,,
TX,Texas,202307,N,5627147.0,5207036.0,420111.0,,990030.0,13.0,0.24,176120.0,101921.0,19795.0,47601.0,13976.0,12622.0,U,U,,,,Updated Renewal Outcomes Reported as of a Different Date Than Three Months After the End of the Original Reporting Period,Updated Renewal Outcomes Reported as of a Different Date Than Three Months After the End of the Original Reporting Period,Updated Renewal Outcomes Reported as of a Different Date Than Three Months After the End of the Original Reporting Period
UT,Utah,202307,Y,435900.0,398769.0,37131.0,,121245.0,29.0,0.246,29571.0,12044.0,7145.0,16801.0,726.0,0.0,U,U,,,,,,
VA,Virginia,202307,Y,2008101.0,1816642.0,191459.0,,69988.0,1.0,0.089,199583.0,115672.0,55296.0,29870.0,14220.0,39821.0,U,U,,,,,,
VT,Vermont,202307,Y,182922.0,178797.0,4125.0,,20275.0,4.0,0.09,8946.0,7853.0,5608.0,123.0,720.0,250.0,U,U,,,,,,
WA,Washington,202307,Y,2048891.0,1985487.0,63404.0,,48096.0,0.0,0.06,195074.0,105968.0,92191.0,80893.0,8174.0,39.0,U,U,,,,,,
WI,Wisconsin,202307,N,1434591.0,1359157.0,75434.0,,256658.0,17.0,0.211,86455.0,45301.0,7020.0,27711.0,13443.0,0.0,U,U,,,,,,
WV,West Virginia,202307,Y,607968.0,569248.0,38720.0,,30919.0,12.0,0.256,43610.0,20874.0,5949.0,14738.0,4879.0,3119.0,U,U,Includes Individuals Enrolled At Any Time in Month (Not a Point-in-Time Count),Includes Individuals Enrolled At Any Time in Month (Not a Point-in-Time Count),Includes Individuals Enrolled At Any Time in Month (Not a Point-in-Time Count),,,
WY,Wyoming,202307,N,85818.0,79504.0,6314.0,,9896.0,1.0,0.005,6335.0,4340.0,1933.0,1230.0,556.0,209.0,U,U,,,,,,
AK,Alaska,202308,Y,256543.0,243445.0,13098.0,,39407.0,16.0,0.19,19995.0,7911.0,5634.0,8170.0,2382.0,1532.0,U,U,,,,,,
AL,Alabama,202308,N,1162135.0,968465.0,193670.0,,67120.0,3.0,0.132,117961.0,78989.0,38653.0,34286.0,4678.0,8.0,U,U,,,,,,
AR,Arkansas,202308,Y,892739.0,814530.0,78209.0,,193686.0,4.0,0.073,94593.0,57906.0,32357.0,27204.0,8083.0,1400.0,U,U,,,,,,
AZ,Arizona,202308,Y,2108891.0,1984537.0,124354.0,,1159356.0,31.0,0.212,223149.0,181807.0,161345.0,26116.0,15226.0,0.0,U,U,,,,,,
CA,California,202308,Y,14397473.0,13097920.0,1299553.0,,249027.0,4.0,0.009,995322.0,614842.0,352779.0,167002.0,58505.0,154973.0,U,U,Includes Limited-Benefit Enrollees,Includes Limited-Benefit Enrollees,Includes Limited-Benefit Enrollees,"Updated Renewal Outcomes May Include Eligibility Actions That Occurred After the Renewal was Processed (e.g., Outcomes Based on a Change in Circumstance or for Individuals Who Returned the Renewal During the Reconsideration Period)","Updated Renewal Outcomes May Include Eligibility Actions That Occurred After the Renewal was Processed (e.g., Outcomes Based on a Change in Circumstance or for Individuals Who Returned the Renewal During the Reconsideration Period)","Updated Renewal Outcomes May Include Eligibility Actions That Occurred After the Renewal was Processed (e.g., Outcomes Based on a Change in Circumstance or for Individuals Who Returned the Renewal During the Reconsideration Period)"
CO,Colorado,202308,Y,1618026.0,1496688.0,121338.0,,31818.0,12.0,0.23,129894.0,62167.0,29401.0,46725.0,20750.0,252.0,U,U,,,,,,
CT,Connecticut,202308,Y,976859.0,961999.0,14860.0,,151441.0,4.0,0.078,106875.0,81167.0,61625.0,17525.0,6094.0,2089.0,U,U,,,,,,
DC,District of Columbia,202308,Y,290845.0,274300.0,16545.0,,53711.0,1.0,0.04,28511.0,15463.0,8893.0,6362.0,1432.0,5254.0,U,U,,,,,,
DE,Delaware,202308,Y,303388.0,295629.0,7759.0,,44805.0,1.0,0.132,24566.0,16523.0,5323.0,370.0,2312.0,5361.0,U,U,,,,,,
FL,Florida,202308,N,4506017.0,4404211.0,101806.0,,2063653.0,29.0,0.313,344468.0,201743.0,75235.0,96870.0,45855.0,0.0,U,U,,,,,,
GA,Georgia,202308,N,2408413.0,2095223.0,313190.0,,72873.0,18.0,0.014,190016.0,89698.0,52392.0,58745.0,35703.0,5870.0,U,U,,,,,,
HI,Hawaii,202308,Y,437390.0,414555.0,22835.0,,41395.0,11.0,0.32,37226.0,28139.0,21989.0,5553.0,1058.0,2476.0,U,U,,,,,,
IA,Iowa,202308,Y,774745.0,701049.0,73696.0,,37390.0,12.0,0.334,88539.0,57807.0,23396.0,18827.0,7077.0,4828.0,U,U,,,,,,
ID,Idaho,202308,Y,344660.0,320498.0,24162.0,,62567.0,46.0,0.079,49553.0,11405.0,307.0,31183.0,6965.0,0.0,U,U,,,,,,
IL,Illinois,202308,Y,3846699.0,3490346.0,356353.0,,320835.0,17.0,0.274,336683.0,241282.0,156472.0,51796.0,24044.0,19561.0,U,U,,,,,,
IN,Indiana,202308,Y,1950151.0,1815252.0,134899.0,,269971.0,8.0,0.117,145579.0,92119.0,61917.0,31298.0,9435.0,12727.0,U,U,,,,,,
KS,Kansas,202308,N,468449.0,407230.0,61219.0,,37345.0,2.0,0.033,16800.0,16254.0,16250.0,2.0,146.0,398.0,U,U,,,,,,
KY,Kentucky,202308,Y,1569120.0,1438721.0,130399.0,,126079.0,8.0,0.072,54344.0,28853.0,23060.0,12466.0,6703.0,6322.0,U,U,,,,,,
LA,Louisiana,202308,Y,1864659.0,1681735.0,182924.0,,483158.0,2.0,0.044,151428.0,93361.0,73364.0,41610.0,16323.0,134.0,U,U,,,,,,
MA,Massachusetts,202308,Y,1954795.0,1745647.0,209148.0,,270446.0,2.0,0.02,154548.0,77825.0,46842.0,56277.0,19763.0,683.0,U,U,,,,,,
MD,Maryland,202308,Y,1680346.0,1517416.0,162930.0,,72748.0,15.0,0.377,115313.0,98163.0,68990.0,0.0,12569.0,4581.0,U,U,,,,,,
ME,Maine,202308,Y,378366.0,360229.0,18137.0,,51005.0,29.0,0.19,30915.0,27284.0,7695.0,710.0,2502.0,419.0,U,U,,,,,,
MI,Michigan,202308,Y,3069517.0,2917610.0,151907.0,,170578.0,1.0,0.023,260286.0,168198.0,83143.0,76571.0,15015.0,502.0,U,U,,,,,,
MN,Minnesota,202308,Y,1388325.0,1384284.0,4041.0,,16146.0,4.0,0.13,99192.0,55467.0,21942.0,34817.0,8314.0,594.0,U,U,,,,Updated Renewal Outcomes Reported as of a Different Date Than Three Months After the End of the Original Reporting Period,Updated Renewal Outcomes Reported as of a Different Date Than Three Months After the End of the Original Reporting Period,Updated Renewal Outcomes Reported as of a Different Date Than Three Months After the End of the Original Reporting Period
MO,Missouri,202308,Y,1492696.0,1439025.0,53671.0,,113903.0,17.0,0.402,113920.0,71583.0,52634.0,23569.0,4833.0,13935.0,U,U,,,,,,
MS,Mississippi,202308,N,755685.0,677325.0,78360.0,,8568.0,0.0,0.071,70069.0,47006.0,13012.0,13319.0,4055.0,5689.0,U,U,,,,,,
MT,Montana,202308,Y,281817.0,257612.0,24205.0,,34814.0,34.0,0.49,40901.0,11928.0,4877.0,13822.0,5860.0,9291.0,U,U,,,,,,
NC,North Carolina,202308,N,2380800.0,2066472.0,314328.0,,22894.0,0.0,0.006,182515.0,128123.0,127298.0,28930.0,4432.0,21030.0,U,U,,,,Updated Renewal Outcomes Reported as of a Different Date Than Three Months After the End of the Original Reporting Period,Updated Renewal Outcomes Reported as of a Different Date Than Three Months After the End of the Original Reporting Period,Updated Renewal Outcomes Reported as of a Different Date Than Three Months After the End of the Original Reporting Period
ND,North Dakota,202308,Y,122146.0,118875.0,3271.0,,32490.0,1.0,0.063,11539.0,7118.0,3252.0,2511.0,1880.0,30.0,U,U,,,,,,
NE,Nebraska,202308,Y,392327.0,350632.0,41695.0,,35770.0,4.0,0.1707,39114.0,24621.0,11728.0,7722.0,4281.0,2490.0,U,U,,,,,,
NH,New Hampshire,202308,Y,192049.0,173411.0,18638.0,,41862.0,6.0,0.06,18497.0,10971.0,7789.0,6632.0,894.0,0.0,U,U,,,,,,
NJ,New Jersey,202308,Y,2244831.0,1974352.0,270479.0,,137995.0,2.0,0.288,165927.0,81149.0,28950.0,45276.0,14892.0,24610.0,U,U,,,,,,
NM,New Mexico,202308,Y,802730.0,760044.0,42686.0,,267458.0,35.0,0.215,66585.0,38220.0,21702.0,20832.0,2701.0,4832.0,U,U,,,,,,
NV,Nevada,202308,Y,809939.0,764296.0,45643.0,,118091.0,21.0,0.237,68611.0,30865.0,22391.0,34568.0,3178.0,0.0,U,U,,,,,,
NY,New York,202308,Y,7497647.0,6941131.0,556516.0,,732752.0,0.0,0.03,497883.0,317410.0,128167.0,98056.0,77593.0,4824.0,U,U,,,,,,
OH,Ohio,202308,Y,3236545.0,2999080.0,237465.0,,236465.0,7.0,0.05,294104.0,200911.0,133566.0,64800.0,22007.0,6386.0,U,U,Includes Individuals Enrolled At Any Time in Month (Not a Point-in-Time Count),Includes Individuals Enrolled At Any Time in Month (Not a Point-in-Time Count),Includes Individuals Enrolled At Any Time in Month (Not a Point-in-Time Count),,,
OK,Oklahoma,202308,Y,1208647.0,1069861.0,138786.0,,138569.0,3.0,0.077,144181.0,49944.0,16392.0,81000.0,12099.0,1138.0,U,U,,,,"Updated Renewal Outcomes May Include Eligibility Actions That Occurred After the Renewal was Processed (e.g., Outcomes Based on a Change in Circumstance or for Individuals Who Returned the Renewal During the Reconsideration Period)","Updated Renewal Outcomes May Include Eligibility Actions That Occurred After the Renewal was Processed (e.g., Outcomes Based on a Change in Circumstance or for Individuals Who Returned the Renewal During the Reconsideration Period)","Updated Renewal Outcomes May Include Eligibility Actions That Occurred After the Renewal was Processed (e.g., Outcomes Based on a Change in Circumstance or for Individuals Who Returned the Renewal During the Reconsideration Period)"
OR,Oregon,202308,Y,1462907.0,1275279.0,187628.0,,123450.0,27.0,0.41,115559.0,109884.0,109884.0,380.0,5274.0,21.0,U,U,,,,,,
PA,Pennsylvania,202308,Y,3598200.0,3336669.0,261531.0,,391061.0,13.0,0.214,322810.0,215158.0,9580.0,63674.0,43308.0,670.0,U,U,,,,"Updated Renewal Outcomes May Include Eligibility Actions That Occurred After the Renewal was Processed (e.g., Outcomes Based on a Change in Circumstance or for Individuals Who Returned the Renewal During the Reconsideration Period)","Updated Renewal Outcomes May Include Eligibility Actions That Occurred After the Renewal was Processed (e.g., Outcomes Based on a Change in Circumstance or for Individuals Who Returned the Renewal During the Reconsideration Period)","Updated Renewal Outcomes May Include Eligibility Actions That Occurred After the Renewal was Processed (e.g., Outcomes Based on a Change in Circumstance or for Individuals Who Returned the Renewal During the Reconsideration Period)"
RI,Rhode Island,202308,Y,371940.0,334700.0,37240.0,,9326.0,27.0,0.357,16443.0,9818.0,8961.0,5276.0,801.0,548.0,U,U,,,,"Updated Renewal Outcomes Reported as of a Different Date Than Three Months After the End of the Original Reporting Period; Updated Renewal Outcomes May Include Eligibility Actions That Occurred After the Renewal was Processed (e.g., Outcomes Based on a Change in Circumstance or for Individuals Who Returned the Renewal During the Reconsideration Period)","Updated Renewal Outcomes Reported as of a Different Date Than Three Months After the End of the Original Reporting Period; Updated Renewal Outcomes May Include Eligibility Actions That Occurred After the Renewal was Processed (e.g., Outcomes Based on a Change in Circumstance or for Individuals Who Returned the Renewal During the Reconsideration Period)","Updated Renewal Outcomes Reported as of a Different Date Than Three Months After the End of the Original Reporting Period; Updated Renewal Outcomes May Include Eligibility Actions That Occurred After the Renewal was Processed (e.g., Outcomes Based on a Change in Circumstance or for Individuals Who Returned the Renewal During the Reconsideration Period)"
SC,South Carolina,202308,N,1263559.0,1164885.0,98674.0,,122943.0,1.0,0.039,5861.0,2594.0,813.0,1644.0,729.0,894.0,U,U,Includes Retroactive Enrollments,Includes Retroactive Enrollments,Includes Retroactive Enrollments,"Updated Renewal Outcomes Reported as of a Different Date Than Three Months After the End of the Original Reporting Period; Updated Renewal Outcomes May Include Eligibility Actions That Occurred After the Renewal was Processed (e.g., Outcomes Based on a Change in Circumstance or for Individuals Who Returned the Renewal During the Reconsideration Period)","Updated Renewal Outcomes Reported as of a Different Date Than Three Months After the End of the Original Reporting Period; Updated Renewal Outcomes May Include Eligibility Actions That Occurred After the Renewal was Processed (e.g., Outcomes Based on a Change in Circumstance or for Individuals Who Returned the Renewal During the Reconsideration Period)","Updated Renewal Outcomes Reported as of a Different Date Than Three Months After the End of the Original Reporting Period; Updated Renewal Outcomes May Include Eligibility Actions That Occurred After the Renewal was Processed (e.g., Outcomes Based on a Change in Circumstance or for Individuals Who Returned the Renewal During the Reconsideration Period)"
SD,South Dakota,202308,Y,116080.0,100765.0,15315.0,,,,,10094.0,5059.0,1515.0,2266.0,2769.0,0.0,U,U,,,,,,
TN,Tennessee,202308,N,1759852.0,1608357.0,151495.0,,103929.0,15.0,0.127,150448.0,79454.0,52925.0,49816.0,12498.0,8680.0,U,U,,,,,,
TX,Texas,202308,N,5539533.0,5116659.0,422874.0,,1150740.0,10.0,0.194,769726.0,214767.0,18706.0,308050.0,144066.0,102843.0,U,U,,,,,,
UT,Utah,202308,Y,421154.0,384590.0,36564.0,,142072.0,25.0,0.228,31863.0,13379.0,7293.0,17243.0,1241.0,0.0,U,U,,,,,,
VA,Virginia,202308,Y,2025909.0,1831102.0,194807.0,,78522.0,1.0,0.06,218452.0,103362.0,60334.0,19922.0,10980.0,84188.0,U,U,,,,,,
VT,Vermont,202308,Y,183076.0,178913.0,4163.0,,22959.0,5.0,0.107,13027.0,9028.0,6018.0,2701.0,966.0,332.0,U,U,,,,,,
WA,Washington,202308,Y,1981947.0,1920191.0,61756.0,,56994.0,1.0,0.06,119931.0,97047.0,85586.0,17465.0,5373.0,46.0,U,U,,,,,,
WI,Wisconsin,202308,N,1409755.0,1340202.0,69553.0,,283612.0,12.0,0.166,90490.0,47591.0,7316.0,28358.0,14541.0,0.0,U,U,,,,,,
WV,West Virginia,202308,Y,595625.0,555232.0,40393.0,,37539.0,11.0,0.187,50000.0,23367.0,7741.0,18975.0,3885.0,3773.0,U,U,Includes Individuals Enrolled At Any Time in Month (Not a Point-in-Time Count),Includes Individuals Enrolled At Any Time in Month (Not a Point-in-Time Count),Includes Individuals Enrolled At Any Time in Month (Not a Point-in-Time Count),,,
WY,Wyoming,202308,N,76785.0,72144.0,4641.0,,14214.0,7.0,0.005,6582.0,4430.0,2081.0,459.0,423.0,1270.0,U,U,,,,,,
AK,Alaska,202309,Y,246817.0,233372.0,13445.0,,34517.0,13.0,0.2,12884.0,5693.0,3055.0,782.0,1872.0,4537.0,U,U,Does Not Include All Full-Benefit Non-MAGI enrollees,Does Not Include All Full-Benefit Non-MAGI enrollees,Does Not Include All CHIP enrollees,,,
AL,Alabama,202309,N,1140768.0,949244.0,191524.0,,58903.0,2.0,0.112,107242.0,71311.0,38415.0,31350.0,4568.0,13.0,U,U,,,,,,
AR,Arkansas,202309,Y,874573.0,794159.0,80414.0,,208291.0,16.0,0.082,83078.0,49477.0,27349.0,24670.0,7103.0,1828.0,U,U,,,,,,
AZ,Arizona,202309,Y,2016756.0,1894814.0,121942.0,,365189.0,15.0,0.216,229553.0,184093.0,164350.0,32456.0,13004.0,0.0,U,U,,,,,,
CA,California,202309,Y,14219930.0,12929618.0,1290312.0,,227642.0,4.0,0.024,1026909.0,609338.0,360021.0,153911.0,60845.0,202815.0,U,U,Includes Limited-Benefit Enrollees,Includes Limited-Benefit Enrollees,Includes Limited-Benefit Enrollees,"Updated Renewal Outcomes May Include Eligibility Actions That Occurred After the Renewal was Processed (e.g., Outcomes Based on a Change in Circumstance or for Individuals Who Returned the Renewal During the Reconsideration Period)","Updated Renewal Outcomes May Include Eligibility Actions That Occurred After the Renewal was Processed (e.g., Outcomes Based on a Change in Circumstance or for Individuals Who Returned the Renewal During the Reconsideration Period)","Updated Renewal Outcomes May Include Eligibility Actions That Occurred After the Renewal was Processed (e.g., Outcomes Based on a Change in Circumstance or for Individuals Who Returned the Renewal During the Reconsideration Period)"
CO,Colorado,202309,Y,1573768.0,1449214.0,124554.0,,29251.0,12.0,0.233,140310.0,75028.0,29368.0,36689.0,27447.0,1146.0,U,U,,,,,,
CT,Connecticut,202309,Y,962196.0,947004.0,15192.0,,136446.0,11.0,0.172,91541.0,74308.0,60514.0,6308.0,5182.0,5743.0,U,U,,,,,,
DC,District of Columbia,202309,Y,286831.0,270174.0,16657.0,,52328.0,1.0,0.04,17621.0,13067.0,9814.0,2622.0,201.0,1731.0,U,U,,,,,,
DE,Delaware,202309,Y,297267.0,288772.0,8495.0,,46578.0,1.0,0.198,25112.0,16291.0,4934.0,4486.0,2718.0,1617.0,U,U,,,,,,
FL,Florida,202309,N,4385300.0,4273207.0,112093.0,,2136321.0,32.0,0.363,324324.0,213685.0,103527.0,72862.0,37773.0,4.0,U,U,,,,,,
GA,Georgia,202309,N,2345972.0,2035337.0,310635.0,,81112.0,24.0,0.011,171387.0,76172.0,51950.0,62410.0,23497.0,9308.0,U,U,,,,,,
HI,Hawaii,202309,Y,454974.0,430981.0,23993.0,,28222.0,15.0,0.32,28861.0,24788.0,17154.0,0.0,287.0,3786.0,U,U,,,,,,
IA,Iowa,202309,Y,751823.0,676932.0,74891.0,,27123.0,14.0,0.321,87049.0,57419.0,24653.0,17278.0,7130.0,5222.0,U,U,,,,,,
ID,Idaho,202309,Y,314488.0,293225.0,21263.0,,41604.0,34.0,0.085,17091.0,15979.0,13271.0,0.0,1112.0,0.0,U,U,,,,,,
IL,Illinois,202309,Y,3840472.0,3477798.0,362674.0,,274185.0,22.0,0.329,283579.0,200577.0,135840.0,46950.0,20782.0,15270.0,U,U,,,,,,
IN,Indiana,202309,Y,1923847.0,1788261.0,135586.0,,240269.0,9.0,0.13,144513.0,90809.0,63291.0,30927.0,8641.0,14136.0,U,U,,,,,,
KS,Kansas,202309,N,493565.0,425754.0,67811.0,,31299.0,1.0,0.012,36536.0,21106.0,12561.0,3128.0,5665.0,6637.0,U,U,,,,,,
KY,Kentucky,202309,Y,1556562.0,1425673.0,130889.0,,121197.0,11.0,0.009,150985.0,81156.0,68190.0,884.0,15735.0,53210.0,U,U,,,,,,
LA,Louisiana,202309,Y,1830471.0,1651013.0,179458.0,,429847.0,2.0,0.044,142894.0,88187.0,69401.0,39764.0,14819.0,124.0,U,U,,,,,,
MA,Massachusetts,202309,Y,1957278.0,1743931.0,213347.0,,251372.0,1.0,0.015,123681.0,49063.0,19283.0,57647.0,16778.0,193.0,U,U,,,,,,
MD,Maryland,202309,Y,1675210.0,1511384.0,163826.0,,54063.0,10.0,0.256,115491.0,95968.0,63321.0,0.0,13529.0,5994.0,U,U,,,,,,
ME,Maine,202309,Y,372963.0,354090.0,18873.0,,49430.0,34.0,0.22,41894.0,31330.0,9409.0,684.0,2554.0,7326.0,U,U,,,,,,
MI,Michigan,202309,Y,3002668.0,2847366.0,155302.0,,166002.0,1.0,0.017,252110.0,168035.0,92077.0,69275.0,14475.0,325.0,U,U,,,,,,
MN,Minnesota,202309,Y,1361860.0,1357871.0,3989.0,,16379.0,5.0,0.15,102141.0,52007.0,23600.0,42622.0,6802.0,710.0,U,U,,,,Updated Renewal Outcomes Reported as of a Different Date Than Three Months After the End of the Original Reporting Period,Updated Renewal Outcomes Reported as of a Different Date Than Three Months After the End of the Original Reporting Period,Updated Renewal Outcomes Reported as of a Different Date Than Three Months After the End of the Original Reporting Period
MO,Missouri,202309,Y,1470387.0,1411391.0,58996.0,,104845.0,21.0,0.451,102635.0,58858.0,44756.0,23492.0,4930.0,15355.0,U,U,,,,,,
MS,Mississippi,202309,N,737742.0,659166.0,78576.0,,7543.0,0.0,0.033,68592.0,47146.0,13924.0,9982.0,3623.0,7841.0,U,U,,,,,,
MT,Montana,202309,Y,266728.0,243804.0,22924.0,,34082.0,29.0,0.44,40162.0,12291.0,6229.0,11008.0,6042.0,10821.0,U,U,,,,,,
NC,North Carolina,202309,N,2365169.0,2047795.0,317374.0,,21412.0,0.0,0.016,182924.0,131785.0,130940.0,27497.0,4077.0,19565.0,U,U,,,,Updated Renewal Outcomes Reported as of a Different Date Than Three Months After the End of the Original Reporting Period,Updated Renewal Outcomes Reported as of a Different Date Than Three Months After the End of the Original Reporting Period,Updated Renewal Outcomes Reported as of a Different Date Than Three Months After the End of the Original Reporting Period
ND,North Dakota,202309,Y,122118.0,118790.0,3328.0,,38192.0,2.0,0.062,10549.0,6329.0,3248.0,2504.0,1681.0,35.0,U,U,,,,,,
NE,Nebraska,202309,Y,386233.0,345073.0,41160.0,,33004.0,4.0,0.166,43530.0,24763.0,12824.0,9100.0,5117.0,4550.0,U,U,,,,,,
NH,New Hampshire,202309,Y,187087.0,169224.0,17863.0,,39680.0,7.0,0.07,14323.0,11057.0,7907.0,2563.0,703.0,0.0,U,U,,,,,,
NJ,New Jersey,202309,Y,2193051.0,1927640.0,265411.0,,126141.0,2.0,0.102,164480.0,73700.0,26953.0,47628.0,15998.0,27154.0,U,U,,,,,,
NM,New Mexico,202309,Y,775590.0,734135.0,41455.0,,254600.0,34.0,0.239,43992.0,38632.0,24231.0,880.0,2512.0,1968.0,U,U,,,,,,
NV,Nevada,202309,Y,886413.0,832457.0,53956.0,,119503.0,31.0,0.255,101427.0,53023.0,27629.0,45839.0,2565.0,0.0,U,U,,,,,,
NY,New York,202309,Y,7422063.0,6857526.0,564537.0,,672624.0,1.0,0.039,520242.0,372444.0,182457.0,62905.0,75885.0,9008.0,U,U,,,,,,
OH,Ohio,202309,Y,3183112.0,2948123.0,234989.0,,227561.0,6.0,0.05,298020.0,202474.0,138895.0,64358.0,21201.0,9987.0,U,U,Includes Individuals Enrolled At Any Time in Month (Not a Point-in-Time Count),Includes Individuals Enrolled At Any Time in Month (Not a Point-in-Time Count),Includes Individuals Enrolled At Any Time in Month (Not a Point-in-Time Count),,,
OK,Oklahoma,202309,Y,1138968.0,1007984.0,130984.0,,130694.0,5.0,0.106,148091.0,66233.0,23726.0,65680.0,15007.0,1171.0,U,U,,,,"Updated Renewal Outcomes May Include Eligibility Actions That Occurred After the Renewal was Processed (e.g., Outcomes Based on a Change in Circumstance or for Individuals Who Returned the Renewal During the Reconsideration Period)","Updated Renewal Outcomes May Include Eligibility Actions That Occurred After the Renewal was Processed (e.g., Outcomes Based on a Change in Circumstance or for Individuals Who Returned the Renewal During the Reconsideration Period)","Updated Renewal Outcomes May Include Eligibility Actions That Occurred After the Renewal was Processed (e.g., Outcomes Based on a Change in Circumstance or for Individuals Who Returned the Renewal During the Reconsideration Period)"
OR,Oregon,202309,Y,1467556.0,1279595.0,187961.0,,119163.0,25.0,0.42,121958.0,101019.0,68333.0,8572.0,11956.0,411.0,U,U,,,,,,
PA,Pennsylvania,202309,Y,3527282.0,3264766.0,262516.0,,344836.0,14.0,0.22,273057.0,187486.0,13018.0,45225.0,38783.0,1563.0,U,U,,,,"Updated Renewal Outcomes May Include Eligibility Actions That Occurred After the Renewal was Processed (e.g., Outcomes Based on a Change in Circumstance or for Individuals Who Returned the Renewal During the Reconsideration Period)","Updated Renewal Outcomes May Include Eligibility Actions That Occurred After the Renewal was Processed (e.g., Outcomes Based on a Change in Circumstance or for Individuals Who Returned the Renewal During the Reconsideration Period)","Updated Renewal Outcomes May Include Eligibility Actions That Occurred After the Renewal was Processed (e.g., Outcomes Based on a Change in Circumstance or for Individuals Who Returned the Renewal During the Reconsideration Period)"
RI,Rhode Island,202309,Y,368687.0,331292.0,37395.0,,8467.0,19.0,0.275,18101.0,10690.0,9626.0,5564.0,875.0,972.0,U,U,,,,"Updated Renewal Outcomes Reported as of a Different Date Than Three Months After the End of the Original Reporting Period; Updated Renewal Outcomes May Include Eligibility Actions That Occurred After the Renewal was Processed (e.g., Outcomes Based on a Change in Circumstance or for Individuals Who Returned the Renewal During the Reconsideration Period)","Updated Renewal Outcomes Reported as of a Different Date Than Three Months After the End of the Original Reporting Period; Updated Renewal Outcomes May Include Eligibility Actions That Occurred After the Renewal was Processed (e.g., Outcomes Based on a Change in Circumstance or for Individuals Who Returned the Renewal During the Reconsideration Period)","Updated Renewal Outcomes Reported as of a Different Date Than Three Months After the End of the Original Reporting Period; Updated Renewal Outcomes May Include Eligibility Actions That Occurred After the Renewal was Processed (e.g., Outcomes Based on a Change in Circumstance or for Individuals Who Returned the Renewal During the Reconsideration Period)"
SC,South Carolina,202309,N,1265187.0,1164659.0,100528.0,,120087.0,1.0,0.051,10349.0,8189.0,7567.0,18.0,300.0,1842.0,U,U,,,,"Updated Renewal Outcomes Reported as of a Different Date Than Three Months After the End of the Original Reporting Period; Updated Renewal Outcomes May Include Eligibility Actions That Occurred After the Renewal was Processed (e.g., Outcomes Based on a Change in Circumstance or for Individuals Who Returned the Renewal During the Reconsideration Period)","Updated Renewal Outcomes Reported as of a Different Date Than Three Months After the End of the Original Reporting Period; Updated Renewal Outcomes May Include Eligibility Actions That Occurred After the Renewal was Processed (e.g., Outcomes Based on a Change in Circumstance or for Individuals Who Returned the Renewal During the Reconsideration Period)","Updated Renewal Outcomes Reported as of a Different Date Than Three Months After the End of the Original Reporting Period; Updated Renewal Outcomes May Include Eligibility Actions That Occurred After the Renewal was Processed (e.g., Outcomes Based on a Change in Circumstance or for Individuals Who Returned the Renewal During the Reconsideration Period)"
SD,South Dakota,202309,Y,116220.0,100930.0,15290.0,,,,,7962.0,4266.0,1433.0,1035.0,2661.0,0.0,U,U,,,,,,
TN,Tennessee,202309,N,1739261.0,1587635.0,151626.0,,92404.0,19.0,0.199,154622.0,105724.0,72342.0,31364.0,9319.0,8215.0,U,U,,,,,,
TX,Texas,202309,N,5222862.0,4797948.0,424914.0,,1157947.0,15.0,0.261,719891.0,290100.0,15953.0,171373.0,192632.0,65786.0,U,U,,,,,,
UT,Utah,202309,Y,408249.0,372437.0,35812.0,,117376.0,22.0,0.212,33414.0,14378.0,7251.0,17596.0,1440.0,0.0,U,U,,,,,,
VA,Virginia,202309,Y,2000709.0,1806736.0,193973.0,,71730.0,1.0,0.079,197886.0,126085.0,80957.0,10130.0,5518.0,56153.0,U,U,,,,,,
VT,Vermont,202309,Y,179754.0,175519.0,4235.0,,23299.0,6.0,0.128,14200.0,8890.0,5829.0,3981.0,894.0,435.0,U,U,,,,,,
WA,Washington,202309,Y,1965131.0,1906199.0,58932.0,,51112.0,1.0,0.055,115401.0,95458.0,84669.0,15323.0,4585.0,35.0,U,U,,,,,,
WI,Wisconsin,202309,N,1385315.0,1318231.0,67084.0,,261887.0,11.0,0.164,78094.0,44324.0,5882.0,19880.0,13890.0,0.0,U,U,,,,,,
WV,West Virginia,202309,Y,580924.0,539663.0,41261.0,,49128.0,11.0,0.261,48368.0,28273.0,6705.0,16535.0,3085.0,475.0,U,U,Includes Individuals Enrolled At Any Time in Month (Not a Point-in-Time Count),Includes Individuals Enrolled At Any Time in Month (Not a Point-in-Time Count),Includes Individuals Enrolled At Any Time in Month (Not a Point-in-Time Count),,,
WY,Wyoming,202309,N,75996.0,71134.0,4862.0,,11510.0,3.0,0.001,5712.0,3785.0,2499.0,653.0,143.0,1131.0,U,U,,,,,,
AK,Alaska,202310,Y,246026.0,232584.0,13442.0,,33374.0,16.0,0.21,11813.0,6051.0,3232.0,777.0,1554.0,3431.0,U,U,Does Not Include All Full-Benefit Non-MAGI enrollees,Does Not Include All Full-Benefit Non-MAGI enrollees,Does Not Include All CHIP enrollees,,,
AL,Alabama,202310,N,1123210.0,933428.0,189782.0,,63457.0,3.0,0.109,104021.0,69994.0,39256.0,29449.0,4562.0,16.0,U,U,,,,,,
AR,Arkansas,202310,Y,856988.0,773786.0,83202.0,,183639.0,4.0,0.08,38547.0,31305.0,24170.0,5425.0,1320.0,497.0,U,U,,,,,,
AZ,Arizona,202310,Y,2052705.0,1931065.0,121640.0,,,,,201840.0,169361.0,152595.0,20764.0,10719.0,996.0,U,U,,,,,,
CA,California,202310,Y,14085764.0,12800850.0,1284914.0,,254698.0,4.0,0.037,1012026.0,611674.0,377976.0,136876.0,60305.0,203171.0,U,U,Includes Limited-Benefit Enrollees,Includes Limited-Benefit Enrollees,Includes Limited-Benefit Enrollees,"Updated Renewal Outcomes May Include Eligibility Actions That Occurred After the Renewal was Processed (e.g., Outcomes Based on a Change in Circumstance or for Individuals Who Returned the Renewal During the Reconsideration Period)","Updated Renewal Outcomes May Include Eligibility Actions That Occurred After the Renewal was Processed (e.g., Outcomes Based on a Change in Circumstance or for Individuals Who Returned the Renewal During the Reconsideration Period)","Updated Renewal Outcomes May Include Eligibility Actions That Occurred After the Renewal was Processed (e.g., Outcomes Based on a Change in Circumstance or for Individuals Who Returned the Renewal During the Reconsideration Period)"
CO,Colorado,202310,Y,1562968.0,1434314.0,128654.0,,30842.0,10.0,0.2,147244.0,74861.0,34649.0,44576.0,26818.0,989.0,U,U,,,,,,
CT,Connecticut,202310,Y,963462.0,947900.0,15562.0,,154631.0,9.0,0.106,89758.0,74845.0,65357.0,5341.0,4758.0,4814.0,U,U,,,,,,
DC,District of Columbia,202310,Y,285518.0,268724.0,16794.0,,60608.0,3.0,0.11,42847.0,32642.0,27291.0,7100.0,936.0,2169.0,U,U,,,,,,
DE,Delaware,202310,Y,296149.0,286856.0,9293.0,,42130.0,1.0,0.15,21427.0,14622.0,6115.0,3586.0,1888.0,1331.0,U,U,,,,,,
FL,Florida,202310,N,4346232.0,4226807.0,119425.0,,1935119.0,33.0,0.372,399775.0,207325.0,66861.0,148010.0,44440.0,0.0,U,U,,,,,,
GA,Georgia,202310,N,2330313.0,2013664.0,316649.0,,94120.0,15.0,0.011,138160.0,58946.0,31787.0,57531.0,17111.0,4572.0,U,U,,,,,,
HI,Hawaii,202310,Y,463445.0,439468.0,23977.0,,20665.0,2.0,0.17,19667.0,19646.0,19646.0,0.0,21.0,0.0,U,U,,,,,,
IA,Iowa,202310,Y,735976.0,659448.0,76528.0,,27196.0,4.0,0.123,72233.0,52080.0,26553.0,11704.0,6801.0,1648.0,U,U,,,,,,
ID,Idaho,202310,Y,318932.0,297242.0,21690.0,,37689.0,31.0,0.08,17335.0,13765.0,11494.0,2789.0,781.0,0.0,U,U,,,,,,
IL,Illinois,202310,Y,3738745.0,3383694.0,355051.0,,302117.0,21.0,0.325,293985.0,211967.0,154361.0,46428.0,20333.0,15257.0,U,U,,,,,,
IN,Indiana,202310,Y,1905514.0,1768949.0,136565.0,,266615.0,13.0,0.173,136607.0,81037.0,56359.0,32336.0,8120.0,15114.0,U,U,,,,,,
KS,Kansas,202310,N,482699.0,403941.0,78758.0,,34686.0,1.0,0.019,35659.0,23355.0,14409.0,3407.0,4397.0,4500.0,U,U,,,,,,
KY,Kentucky,202310,Y,1546282.0,1417710.0,128572.0,,125417.0,4.0,0.044,155003.0,92528.0,74558.0,72.0,12711.0,49692.0,U,U,,,,,,
LA,Louisiana,202310,Y,1797892.0,1621441.0,176451.0,,475585.0,2.0,0.045,165628.0,117261.0,97859.0,32925.0,15171.0,271.0,U,U,,,,,,
MA,Massachusetts,202310,Y,1927634.0,1714843.0,212791.0,,290727.0,3.0,0.035,299095.0,177422.0,117261.0,77264.0,44161.0,248.0,U,U,,,,,,
MD,Maryland,202310,Y,1676985.0,1511687.0,165298.0,,60113.0,4.0,0.113,118505.0,105855.0,69561.0,0.0,8805.0,3845.0,U,U,,,,,,
ME,Maine,202310,Y,374913.0,355173.0,19740.0,,45319.0,16.0,0.15,43356.0,31744.0,12629.0,651.0,2119.0,8842.0,U,U,,,,,,
MI,Michigan,202310,Y,2923691.0,2765108.0,158583.0,,190029.0,2.0,0.037,270307.0,182382.0,97378.0,67792.0,19861.0,272.0,U,U,,,,,,
MN,Minnesota,202310,Y,1351052.0,1346874.0,4178.0,,27769.0,8.0,0.2,122937.0,74049.0,24044.0,37008.0,11034.0,846.0,U,U,,,,Updated Renewal Outcomes Reported as of a Different Date Than Three Months After the End of the Original Reporting Period,Updated Renewal Outcomes Reported as of a Different Date Than Three Months After the End of the Original Reporting Period,Updated Renewal Outcomes Reported as of a Different Date Than Three Months After the End of the Original Reporting Period
MO,Missouri,202310,Y,1453455.0,1388845.0,64610.0,,108198.0,24.0,0.467,107020.0,58782.0,43602.0,20072.0,4669.0,23497.0,U,U,,,,,,
MS,Mississippi,202310,N,722940.0,643895.0,79045.0,,8296.0,0.0,0.045,57118.0,39587.0,12587.0,6371.0,2775.0,8385.0,U,U,,,,,,
MT,Montana,202310,Y,253078.0,231523.0,21555.0,,37764.0,27.0,0.37,25435.0,9758.0,4785.0,7755.0,2012.0,5910.0,U,U,,,,,,
NC,North Carolina,202310,N,2352785.0,2032410.0,320375.0,,23054.0,0.0,0.008,201976.0,166281.0,165254.0,29185.0,4182.0,2328.0,U,U,,,,Updated Renewal Outcomes Reported as of a Different Date Than Three Months After the End of the Original Reporting Period,Updated Renewal Outcomes Reported as of a Different Date Than Three Months After the End of the Original Reporting Period,Updated Renewal Outcomes Reported as of a Different Date Than Three Months After the End of the Original Reporting Period
ND,North Dakota,202310,Y,119893.0,116571.0,3322.0,,46409.0,3.0,0.155,12686.0,7298.0,3898.0,3714.0,1626.0,48.0,U,U,,,,,,
NE,Nebraska,202310,Y,379881.0,339231.0,40650.0,,37644.0,3.0,0.0915,41756.0,23002.0,11827.0,8833.0,5740.0,4181.0,U,U,,,,,,
NH,New Hampshire,202310,Y,184327.0,166639.0,17688.0,,39943.0,7.0,0.06,14920.0,11514.0,8943.0,2648.0,755.0,3.0,U,U,,,,,,
NJ,New Jersey,202310,Y,2150392.0,1889839.0,260553.0,,168417.0,3.0,0.336,168173.0,71352.0,28688.0,47988.0,18250.0,30583.0,U,U,,,,,,
NM,New Mexico,202310,Y,804856.0,762500.0,42356.0,,281826.0,38.0,0.248,79767.0,65406.0,45688.0,9850.0,2737.0,1774.0,U,U,,,,,,
NV,Nevada,202310,Y,887504.0,831848.0,55656.0,,100442.0,34.0,0.558,111577.0,67328.0,30811.0,39493.0,4756.0,0.0,U,U,,,,,,
NY,New York,202310,Y,7361242.0,6782491.0,578751.0,,748085.0,1.0,0.037,541754.0,394130.0,208472.0,50809.0,87998.0,8817.0,U,U,,,,,,
OH,Ohio,202310,Y,3152322.0,2916227.0,236095.0,,248833.0,4.0,0.05,298852.0,204103.0,139747.0,58546.0,23804.0,12399.0,U,U,Includes Individuals Enrolled At Any Time in Month (Not a Point-in-Time Count),Includes Individuals Enrolled At Any Time in Month (Not a Point-in-Time Count),Includes Individuals Enrolled At Any Time in Month (Not a Point-in-Time Count),,,
OK,Oklahoma,202310,Y,1087062.0,958472.0,128590.0,,150997.0,11.0,0.162,143138.0,65108.0,25008.0,60856.0,15904.0,1270.0,U,U,,,,"Updated Renewal Outcomes May Include Eligibility Actions That Occurred After the Renewal was Processed (e.g., Outcomes Based on a Change in Circumstance or for Individuals Who Returned the Renewal During the Reconsideration Period)","Updated Renewal Outcomes May Include Eligibility Actions That Occurred After the Renewal was Processed (e.g., Outcomes Based on a Change in Circumstance or for Individuals Who Returned the Renewal During the Reconsideration Period)","Updated Renewal Outcomes May Include Eligibility Actions That Occurred After the Renewal was Processed (e.g., Outcomes Based on a Change in Circumstance or for Individuals Who Returned the Renewal During the Reconsideration Period)"
OR,Oregon,202310,Y,1459217.0,1271357.0,187860.0,,128895.0,27.0,0.42,108693.0,94860.0,55877.0,2586.0,10761.0,486.0,U,U,,,,,,
PA,Pennsylvania,202310,Y,3480589.0,3207239.0,273350.0,,370443.0,15.0,0.227,273369.0,188410.0,14577.0,41972.0,37945.0,5042.0,U,U,,,,"Updated Renewal Outcomes May Include Eligibility Actions That Occurred After the Renewal was Processed (e.g., Outcomes Based on a Change in Circumstance or for Individuals Who Returned the Renewal During the Reconsideration Period)","Updated Renewal Outcomes May Include Eligibility Actions That Occurred After the Renewal was Processed (e.g., Outcomes Based on a Change in Circumstance or for Individuals Who Returned the Renewal During the Reconsideration Period)","Updated Renewal Outcomes May Include Eligibility Actions That Occurred After the Renewal was Processed (e.g., Outcomes Based on a Change in Circumstance or for Individuals Who Returned the Renewal During the Reconsideration Period)"
RI,Rhode Island,202310,Y,362738.0,326004.0,36734.0,,9960.0,25.0,0.351,17670.0,9617.0,8686.0,6057.0,1078.0,918.0,U,U,,,,Updated Renewal Outcomes Reported as of a Different Date Than Three Months After the End of the Original Reporting Period,Updated Renewal Outcomes Reported as of a Different Date Than Three Months After the End of the Original Reporting Period,Updated Renewal Outcomes Reported as of a Different Date Than Three Months After the End of the Original Reporting Period
SC,South Carolina,202310,N,1244479.0,1145095.0,99384.0,,141553.0,2.0,0.057,34924.0,23327.0,20640.0,15.0,893.0,10689.0,U,U,Includes Retroactive Enrollments,Includes Retroactive Enrollments,Includes Retroactive Enrollments,"Updated Renewal Outcomes Reported as of a Different Date Than Three Months After the End of the Original Reporting Period; Updated Renewal Outcomes May Include Eligibility Actions That Occurred After the Renewal was Processed (e.g., Outcomes Based on a Change in Circumstance or for Individuals Who Returned the Renewal During the Reconsideration Period)","Updated Renewal Outcomes Reported as of a Different Date Than Three Months After the End of the Original Reporting Period; Updated Renewal Outcomes May Include Eligibility Actions That Occurred After the Renewal was Processed (e.g., Outcomes Based on a Change in Circumstance or for Individuals Who Returned the Renewal During the Reconsideration Period)","Updated Renewal Outcomes Reported as of a Different Date Than Three Months After the End of the Original Reporting Period; Updated Renewal Outcomes May Include Eligibility Actions That Occurred After the Renewal was Processed (e.g., Outcomes Based on a Change in Circumstance or for Individuals Who Returned the Renewal During the Reconsideration Period)"
SD,South Dakota,202310,Y,117430.0,102057.0,15373.0,,,,,7110.0,4042.0,1493.0,889.0,2179.0,0.0,U,U,,,,,,
TN,Tennessee,202310,N,1695432.0,1543827.0,151605.0,,109833.0,16.0,0.166,159666.0,93385.0,69719.0,46266.0,13808.0,6207.0,U,U,,,,,,
TX,Texas,202310,N,4932433.0,4512799.0,419634.0,,1204135.0,14.0,0.249,363558.0,192191.0,32734.0,123380.0,38963.0,9024.0,U,U,,,,,,
UT,Utah,202310,Y,393085.0,358164.0,34921.0,,117445.0,19.0,0.186,35456.0,14250.0,7264.0,19795.0,1411.0,0.0,U,U,,,,,,
VA,Virginia,202310,Y,2005449.0,1808711.0,196738.0,,74805.0,1.0,0.016,179166.0,151264.0,113721.0,5100.0,4053.0,18749.0,U,U,,,,,,
VT,Vermont,202310,Y,174791.0,170544.0,4247.0,,28769.0,9.0,0.183,10166.0,6768.0,4691.0,2010.0,629.0,759.0,U,U,,,,,,
WA,Washington,202310,Y,1950163.0,1897577.0,52586.0,,54527.0,1.0,0.058,124481.0,101883.0,90690.0,16762.0,5792.0,44.0,U,U,,,,,,
WI,Wisconsin,202310,N,1369528.0,1302456.0,67072.0,,262617.0,6.0,0.091,77631.0,46452.0,7703.0,17497.0,13682.0,0.0,U,U,,,,,,
WV,West Virginia,202310,Y,569171.0,528303.0,40868.0,,32443.0,13.0,0.229,44419.0,25972.0,11206.0,15110.0,2698.0,639.0,U,U,Includes Individuals Enrolled At Any Time in Month (Not a Point-in-Time Count),Includes Individuals Enrolled At Any Time in Month (Not a Point-in-Time Count),Includes Individuals Enrolled At Any Time in Month (Not a Point-in-Time Count),,,
WY,Wyoming,202310,N,76195.0,71244.0,4951.0,,10791.0,2.0,0.001,6336.0,4271.0,2103.0,716.0,247.0,1102.0,U,U,,,,,,
AK,Alaska,202311,Y,244193.0,230760.0,13433.0,,35938.0,17.0,0.29,10778.0,5596.0,2956.0,755.0,1326.0,3101.0,U,U,Does Not Include All Full-Benefit Non-MAGI enrollees,Does Not Include All Full-Benefit Non-MAGI enrollees,Does Not Include All CHIP enrollees,,,
AL,Alabama,202311,N,1105197.0,917225.0,187972.0,,62158.0,2.0,0.137,94633.0,63556.0,33338.0,26868.0,3989.0,220.0,U,U,,,,,,
AR,Arkansas,202311,Y,856456.0,770984.0,85472.0,,185120.0,9.0,0.073,33185.0,28710.0,23252.0,3220.0,944.0,311.0,U,U,,,,,,
AZ,Arizona,202311,Y,2040084.0,1917798.0,122286.0,,105667.0,5.0,0.082,159233.0,138635.0,127429.0,13597.0,7001.0,0.0,U,U,,,,,,
CA,California,202311,Y,13976686.0,12695246.0,1281440.0,,287475.0,5.0,0.016,1013058.0,538201.0,300776.0,168495.0,65446.0,240916.0,U,U,Includes Limited-Benefit Enrollees,Includes Limited-Benefit Enrollees,Includes Limited-Benefit Enrollees,"Updated Renewal Outcomes May Include Eligibility Actions That Occurred After the Renewal was Processed (e.g., Outcomes Based on a Change in Circumstance or for Individuals Who Returned the Renewal During the Reconsideration Period)","Updated Renewal Outcomes May Include Eligibility Actions That Occurred After the Renewal was Processed (e.g., Outcomes Based on a Change in Circumstance or for Individuals Who Returned the Renewal During the Reconsideration Period)","Updated Renewal Outcomes May Include Eligibility Actions That Occurred After the Renewal was Processed (e.g., Outcomes Based on a Change in Circumstance or for Individuals Who Returned the Renewal During the Reconsideration Period)"
CO,Colorado,202311,Y,1481062.0,1349534.0,131528.0,,34266.0,15.0,0.269,149355.0,76184.0,36733.0,48662.0,23395.0,1114.0,U,U,,,,,,
CT,Connecticut,202311,Y,984604.0,968606.0,15998.0,,156606.0,8.0,0.075,105291.0,86649.0,75479.0,9218.0,6059.0,3365.0,U,U,,,,,,
DC,District of Columbia,202311,Y,281192.0,264317.0,16875.0,,60590.0,3.0,0.08,29785.0,18874.0,12031.0,7874.0,752.0,2285.0,U,U,,,,,,
DE,Delaware,202311,Y,292466.0,282276.0,10190.0,,42043.0,1.0,0.194,22142.0,14394.0,6443.0,4970.0,2369.0,409.0,U,U,,,,,,
FL,Florida,202311,N,4227277.0,4100290.0,126987.0,,1892899.0,42.0,0.444,346495.0,216837.0,107321.0,89561.0,40060.0,37.0,U,U,,,,,,
GA,Georgia,202311,N,2223045.0,1920824.0,302221.0,,62817.0,14.0,0.015,159004.0,95608.0,64812.0,48392.0,12303.0,2701.0,U,U,,,,,,
HI,Hawaii,202311,Y,466007.0,442037.0,23970.0,,17778.0,3.0,0.15,17513.0,17501.0,17501.0,0.0,12.0,0.0,U,U,,,,,,
IA,Iowa,202311,Y,720790.0,642555.0,78235.0,,25196.0,2.0,0.054,53222.0,42188.0,26584.0,7332.0,3183.0,519.0,U,U,,,,,,
ID,Idaho,202311,Y,336928.0,314172.0,22756.0,,38414.0,28.0,0.081,15159.0,11429.0,8973.0,2939.0,791.0,0.0,U,U,,,,,,
IL,Illinois,202311,Y,3698378.0,3344512.0,353866.0,,296120.0,25.0,0.362,272042.0,191547.0,160303.0,49227.0,17224.0,14044.0,U,U,,,,,,
IN,Indiana,202311,Y,1881314.0,1743799.0,137515.0,,262635.0,12.0,0.157,140607.0,92860.0,69451.0,26678.0,8248.0,12821.0,U,U,,,,,,
KS,Kansas,202311,N,458140.0,392054.0,66086.0,,35006.0,5.0,0.093,40102.0,26917.0,18188.0,3174.0,5820.0,4191.0,U,U,,,,,,
KY,Kentucky,202311,Y,1518703.0,1392099.0,126604.0,,121138.0,2.0,0.027,31863.0,22900.0,20088.0,16.0,1513.0,7434.0,U,U,,,,,,
LA,Louisiana,202311,Y,1776219.0,1603001.0,173218.0,,438564.0,2.0,0.05,119971.0,69427.0,51333.0,33717.0,16590.0,237.0,U,U,,,,,,
MA,Massachusetts,202311,Y,1874208.0,1663268.0,210940.0,,280081.0,1.0,0.017,125118.0,60695.0,32819.0,53277.0,11123.0,23.0,U,U,,,,,,
MD,Maryland,202311,Y,1680374.0,1520083.0,160291.0,,54980.0,1.0,0.041,147945.0,104715.0,78540.0,34342.0,5645.0,3243.0,U,U,,,,,,
ME,Maine,202311,Y,375007.0,357086.0,17921.0,,38138.0,11.0,0.16,37557.0,28046.0,11649.0,505.0,1631.0,7375.0,U,U,,,,,,
MI,Michigan,202311,Y,2843915.0,2680893.0,163022.0,,194854.0,3.0,0.059,231036.0,148804.0,86275.0,65890.0,16195.0,147.0,U,U,,,,,,
MN,Minnesota,202311,Y,1354173.0,1349961.0,4212.0,,19465.0,17.0,0.3,140304.0,81026.0,32412.0,47879.0,10778.0,621.0,U,U,,,,Updated Renewal Outcomes Reported as of a Different Date Than Three Months After the End of the Original Reporting Period,Updated Renewal Outcomes Reported as of a Different Date Than Three Months After the End of the Original Reporting Period,Updated Renewal Outcomes Reported as of a Different Date Than Three Months After the End of the Original Reporting Period
MO,Missouri,202311,Y,1435760.0,1364586.0,71174.0,,104529.0,32.0,0.517,98816.0,55581.0,48991.0,16354.0,5184.0,21697.0,U,U,,,,,,
MS,Mississippi,202311,N,713800.0,633606.0,80194.0,,6830.0,0.0,0.058,54046.0,41611.0,12872.0,5547.0,2848.0,4040.0,U,U,,,,,,
MT,Montana,202311,Y,247540.0,226633.0,20907.0,,36640.0,30.0,0.38,19766.0,7134.0,3846.0,6375.0,1480.0,4777.0,U,U,,,,,,
NC,North Carolina,202311,N,2338599.0,2014562.0,324037.0,,23461.0,1.0,0.028,188607.0,138773.0,137624.0,19595.0,3568.0,26671.0,U,U,,,,Updated Renewal Outcomes Reported as of a Different Date Than Three Months After the End of the Original Reporting Period,Updated Renewal Outcomes Reported as of a Different Date Than Three Months After the End of the Original Reporting Period,Updated Renewal Outcomes Reported as of a Different Date Than Three Months After the End of the Original Reporting Period
ND,North Dakota,202311,Y,116560.0,113312.0,3248.0,,47177.0,7.0,0.261,10092.0,6059.0,3206.0,2836.0,1158.0,39.0,U,U,,,,,,
NE,Nebraska,202311,Y,374778.0,334330.0,40448.0,,38885.0,3.0,0.0848,36029.0,18088.0,10078.0,4467.0,4749.0,8725.0,U,U,,,,,,
NH,New Hampshire,202311,Y,184153.0,166274.0,17879.0,,39822.0,6.0,0.08,12279.0,10619.0,9034.0,1236.0,405.0,19.0,U,U,,,,,,
NJ,New Jersey,202311,Y,2103079.0,1847295.0,255784.0,,151287.0,4.0,0.222,154208.0,67276.0,26986.0,42325.0,13837.0,30770.0,U,U,,,,,,
NM,New Mexico,202311,Y,790912.0,749085.0,41827.0,,290692.0,43.0,0.276,66014.0,51268.0,13358.0,9961.0,3059.0,1726.0,U,U,,,,,,
NV,Nevada,202311,Y,869232.0,812305.0,56927.0,,,38.0,,41866.0,41308.0,29780.0,0.0,558.0,0.0,U,U,,,,,,
NY,New York,202311,Y,7280064.0,6693191.0,586873.0,,766193.0,1.0,0.031,546384.0,372733.0,197230.0,64418.0,97942.0,11291.0,U,U,,,,Updated Renewal Outcomes Reported as of a Different Date Than Three Months After the End of the Original Reporting Period,Updated Renewal Outcomes Reported as of a Different Date Than Three Months After the End of the Original Reporting Period,Updated Renewal Outcomes Reported as of a Different Date Than Three Months After the End of the Original Reporting Period
OH,Ohio,202311,Y,3109108.0,2874057.0,235051.0,,246985.0,3.0,0.04,289725.0,221012.0,138561.0,38485.0,19984.0,10244.0,U,U,Includes Individuals Enrolled At Any Time in Month (Not a Point-in-Time Count),Includes Individuals Enrolled At Any Time in Month (Not a Point-in-Time Count),Includes Individuals Enrolled At Any Time in Month (Not a Point-in-Time Count),,,
OK,Oklahoma,202311,Y,1035122.0,911914.0,123208.0,,144614.0,22.0,0.25,123400.0,58411.0,21739.0,52708.0,11876.0,405.0,U,U,,,,,,
OR,Oregon,202311,Y,1463655.0,1274545.0,189110.0,,111844.0,22.0,0.36,105734.0,89414.0,74375.0,5037.0,10783.0,500.0,U,U,,,,,,
PA,Pennsylvania,202311,Y,3443182.0,3157738.0,285444.0,,348520.0,19.0,0.277,260173.0,180463.0,15508.0,38901.0,35883.0,4926.0,U,U,,,,"Updated Renewal Outcomes May Include Eligibility Actions That Occurred After the Renewal was Processed (e.g., Outcomes Based on a Change in Circumstance or for Individuals Who Returned the Renewal During the Reconsideration Period)","Updated Renewal Outcomes May Include Eligibility Actions That Occurred After the Renewal was Processed (e.g., Outcomes Based on a Change in Circumstance or for Individuals Who Returned the Renewal During the Reconsideration Period)","Updated Renewal Outcomes May Include Eligibility Actions That Occurred After the Renewal was Processed (e.g., Outcomes Based on a Change in Circumstance or for Individuals Who Returned the Renewal During the Reconsideration Period)"
RI,Rhode Island,202311,Y,356334.0,319399.0,36935.0,,12615.0,24.0,0.326,17597.0,10430.0,9238.0,5245.0,1319.0,603.0,U,U,,,,Updated Renewal Outcomes Reported as of a Different Date Than Three Months After the End of the Original Reporting Period,Updated Renewal Outcomes Reported as of a Different Date Than Three Months After the End of the Original Reporting Period,Updated Renewal Outcomes Reported as of a Different Date Than Three Months After the End of the Original Reporting Period
SC,South Carolina,202311,N,1213125.0,1113680.0,99445.0,,141460.0,4.0,0.082,61949.0,54890.0,49568.0,2567.0,4262.0,230.0,U,U,Includes Retroactive Enrollments,Includes Retroactive Enrollments,Includes Retroactive Enrollments,"Updated Renewal Outcomes Reported as of a Different Date Than Three Months After the End of the Original Reporting Period; Updated Renewal Outcomes May Include Eligibility Actions That Occurred After the Renewal was Processed (e.g., Outcomes Based on a Change in Circumstance or for Individuals Who Returned the Renewal During the Reconsideration Period)","Updated Renewal Outcomes Reported as of a Different Date Than Three Months After the End of the Original Reporting Period; Updated Renewal Outcomes May Include Eligibility Actions That Occurred After the Renewal was Processed (e.g., Outcomes Based on a Change in Circumstance or for Individuals Who Returned the Renewal During the Reconsideration Period)","Updated Renewal Outcomes Reported as of a Different Date Than Three Months After the End of the Original Reporting Period; Updated Renewal Outcomes May Include Eligibility Actions That Occurred After the Renewal was Processed (e.g., Outcomes Based on a Change in Circumstance or for Individuals Who Returned the Renewal During the Reconsideration Period)"
SD,South Dakota,202311,Y,119111.0,103478.0,15633.0,,,,,5911.0,3335.0,1655.0,618.0,1958.0,0.0,U,U,,,,,,
TN,Tennessee,202311,N,1670564.0,1518206.0,152358.0,,122763.0,36.0,0.264,106872.0,67605.0,52941.0,25615.0,9127.0,4525.0,U,U,,,,,,
TX,Texas,202311,N,4684154.0,4269976.0,414178.0,,1141632.0,16.0,0.261,1080037.0,440709.0,45370.0,366285.0,135778.0,137265.0,U,U,,,,,,
UT,Utah,202311,Y,381222.0,346850.0,34372.0,,120497.0,23.0,0.218,34456.0,14671.0,7939.0,18271.0,1514.0,0.0,U,U,,,,,,
VA,Virginia,202311,Y,1974249.0,1778475.0,195774.0,,80344.0,1.0,0.027,153643.0,131748.0,110209.0,4891.0,9408.0,7596.0,U,U,,,,,,
VT,Vermont,202311,Y,172986.0,168698.0,4288.0,,29408.0,14.0,0.231,12122.0,8493.0,6250.0,2062.0,592.0,975.0,U,U,,,,,,
WA,Washington,202311,Y,1943274.0,1889917.0,53357.0,,55019.0,1.0,0.11,142381.0,117839.0,104612.0,19076.0,5446.0,20.0,U,U,,,,,,
WI,Wisconsin,202311,N,1355061.0,1287988.0,67073.0,,245350.0,7.0,0.108,84934.0,46935.0,9227.0,25527.0,12472.0,0.0,U,U,,,,,,
WV,West Virginia,202311,Y,557594.0,515901.0,41693.0,,33438.0,16.0,0.211,38716.0,22289.0,7303.0,13435.0,2217.0,775.0,U,U,Includes Individuals Enrolled At Any Time in Month (Not a Point-in-Time Count),Includes Individuals Enrolled At Any Time in Month (Not a Point-in-Time Count),Includes Individuals Enrolled At Any Time in Month (Not a Point-in-Time Count),,,
WY,Wyoming,202311,N,75800.0,70671.0,5129.0,,11873.0,1.0,0.004,5318.0,4027.0,2305.0,128.0,225.0,938.0,U,U,,,,,,
AK,Alaska,202312,Y,242860.0,229034.0,13826.0,,36070.0,20.0,0.31,12717.0,6966.0,3288.0,796.0,1761.0,3194.0,U,U,Does Not Include All Full-Benefit Non-MAGI enrollees,Does Not Include All Full-Benefit Non-MAGI enrollees,Does Not Include All CHIP enrollees,,,
AL,Alabama,202312,N,1087049.0,900709.0,186340.0,,51361.0,2.0,0.063,103109.0,68551.0,40593.0,29881.0,4502.0,175.0,U,U,,,,,,
AR,Arkansas,202312,Y,831483.0,744638.0,86845.0,,134948.0,6.0,0.1,43579.0,38394.0,33613.0,3942.0,1110.0,133.0,U,U,,,,,,
AZ,Arizona,202312,Y,2037255.0,1913793.0,123462.0,,95704.0,5.0,0.079,200682.0,178630.0,164339.0,13980.0,8072.0,0.0,U,U,,,,,,
CA,California,202312,Y,13805628.0,12529315.0,1276313.0,,374234.0,5.0,0.011,1208535.0,913640.0,781853.0,72143.0,59188.0,163564.0,U,U,Includes Limited-Benefit Enrollees,Includes Limited-Benefit Enrollees,Includes Limited-Benefit Enrollees,"Updated Renewal Outcomes May Include Eligibility Actions That Occurred After the Renewal was Processed (e.g., Outcomes Based on a Change in Circumstance or for Individuals Who Returned the Renewal During the Reconsideration Period)","Updated Renewal Outcomes May Include Eligibility Actions That Occurred After the Renewal was Processed (e.g., Outcomes Based on a Change in Circumstance or for Individuals Who Returned the Renewal During the Reconsideration Period)","Updated Renewal Outcomes May Include Eligibility Actions That Occurred After the Renewal was Processed (e.g., Outcomes Based on a Change in Circumstance or for Individuals Who Returned the Renewal During the Reconsideration Period)"
CO,Colorado,202312,Y,1432209.0,1297621.0,134588.0,,31179.0,15.0,0.228,155818.0,81569.0,40696.0,47483.0,25146.0,1620.0,U,U,,,,,,
CT,Connecticut,202312,Y,980628.0,964256.0,16372.0,,156309.0,4.0,0.051,104702.0,85051.0,71268.0,12446.0,4959.0,2246.0,U,U,,,,,,
DC,District of Columbia,202312,Y,277511.0,260487.0,17024.0,,64214.0,3.0,0.24,33661.0,29625.0,27225.0,2992.0,128.0,916.0,U,U,,,,,,
DE,Delaware,202312,Y,289484.0,278802.0,10682.0,,40233.0,1.0,0.193,20913.0,14620.0,7233.0,4637.0,1655.0,1.0,U,U,,,,,,
FL,Florida,202312,N,4155117.0,4022988.0,132129.0,,1788035.0,31.0,0.389,331486.0,201860.0,89673.0,93056.0,36483.0,87.0,U,U,,,,,,
GA,Georgia,202312,N,2151282.0,1846767.0,304515.0,,45084.0,10.0,0.012,139906.0,74664.0,47299.0,50605.0,10258.0,4379.0,U,U,,,,,,
HI,Hawaii,202312,Y,469301.0,445297.0,24004.0,,18437.0,11.0,0.23,13047.0,13040.0,13040.0,0.0,7.0,0.0,U,U,,,,,,
IA,Iowa,202312,Y,710281.0,629270.0,81011.0,,26742.0,0.0,0.008,39377.0,30876.0,19152.0,4837.0,2805.0,859.0,U,U,,,,,,
ID,Idaho,202312,Y,338380.0,315498.0,22882.0,,36648.0,25.0,0.076,11323.0,6980.0,3299.0,3385.0,958.0,0.0,U,U,,,,,,
IL,Illinois,202312,Y,3664724.0,3313240.0,351484.0,,274137.0,24.0,0.336,279393.0,198986.0,166797.0,49577.0,16417.0,14413.0,U,U,,,,,,
IN,Indiana,202312,Y,1861409.0,1722587.0,138822.0,,264376.0,11.0,0.139,142698.0,93326.0,71379.0,26776.0,8377.0,14219.0,U,U,,,,,,
KS,Kansas,202312,N,443019.0,378188.0,64831.0,,32436.0,1.0,0.019,24123.0,16932.0,10820.0,2406.0,2999.0,1786.0,U,U,,,,,,
KY,Kentucky,202312,Y,1500588.0,1372098.0,128490.0,,111193.0,1.0,0.019,30705.0,28891.0,27031.0,9.0,1235.0,570.0,U,U,,,,,,
LA,Louisiana,202312,Y,1751214.0,1579955.0,171259.0,,379722.0,2.0,0.045,172237.0,112956.0,88615.0,42378.0,16721.0,182.0,U,U,,,,,,
MA,Massachusetts,202312,Y,1840594.0,1631110.0,209484.0,,281507.0,2.0,0.026,94780.0,61143.0,42395.0,20174.0,13434.0,29.0,U,U,,,,,,
MD,Maryland,202312,Y,1655673.0,1492813.0,162860.0,,67101.0,2.0,0.072,157954.0,99098.0,82457.0,51249.0,5145.0,2462.0,U,U,,,,,,
ME,Maine,202312,Y,374920.0,358976.0,15944.0,,43310.0,13.0,0.16,36379.0,28961.0,8980.0,174.0,1555.0,5689.0,U,U,,,,,,
MI,Michigan,202312,Y,2788242.0,2623327.0,164915.0,,171476.0,2.0,0.037,248425.0,162805.0,93137.0,67990.0,16940.0,690.0,U,U,,,,,,
MN,Minnesota,202312,Y,1358116.0,1353834.0,4282.0,,20218.0,20.0,0.31,135786.0,102317.0,59526.0,26755.0,6692.0,22.0,U,U,,,,Updated Renewal Outcomes Reported as of a Different Date Than Three Months After the End of the Original Reporting Period,Updated Renewal Outcomes Reported as of a Different Date Than Three Months After the End of the Original Reporting Period,Updated Renewal Outcomes Reported as of a Different Date Than Three Months After the End of the Original Reporting Period
MO,Missouri,202312,Y,1420459.0,1341442.0,79017.0,,100021.0,39.0,0.537,120361.0,66073.0,56746.0,22167.0,6389.0,25732.0,U,U,,,,,,
MS,Mississippi,202312,N,700646.0,619981.0,80665.0,,5750.0,0.0,0.041,57616.0,27454.0,7442.0,1633.0,2016.0,26513.0,U,U,,,,,,
MT,Montana,202312,Y,242142.0,221077.0,21065.0,,33372.0,29.0,0.36,19545.0,7286.0,4252.0,6345.0,1480.0,4434.0,U,U,,,,,,
NC,North Carolina,202312,Y,2655404.0,2327223.0,328181.0,,25099.0,0.0,0.015,275582.0,206708.0,205476.0,14964.0,4165.0,49745.0,U,U,,,,Updated Renewal Outcomes Reported as of a Different Date Than Three Months After the End of the Original Reporting Period,Updated Renewal Outcomes Reported as of a Different Date Than Three Months After the End of the Original Reporting Period,Updated Renewal Outcomes Reported as of a Different Date Than Three Months After the End of the Original Reporting Period
ND,North Dakota,202312,Y,114896.0,111643.0,3253.0,,40888.0,8.0,0.302,11823.0,6753.0,3452.0,3882.0,1161.0,27.0,U,U,,,,,,
NE,Nebraska,202312,Y,371047.0,330857.0,40190.0,,38007.0,3.0,0.0963,31579.0,17313.0,9853.0,3451.0,4132.0,6683.0,U,U,,,,,,
NH,New Hampshire,202312,Y,185127.0,166949.0,18178.0,,36078.0,7.0,0.06,12274.0,10698.0,9269.0,1223.0,352.0,1.0,U,U,,,,,,
NJ,New Jersey,202312,Y,2060041.0,1807082.0,252959.0,,161945.0,4.0,0.222,155269.0,67782.0,30118.0,42975.0,15127.0,29385.0,U,U,,,,,,
NM,New Mexico,202312,Y,783627.0,741291.0,42336.0,,300600.0,46.0,0.275,64681.0,47818.0,36486.0,14921.0,1734.0,208.0,U,U,,,,,,
NV,Nevada,202312,Y,862954.0,804992.0,57962.0,,89029.0,36.0,0.56,53992.0,48821.0,39190.0,4802.0,369.0,0.0,U,U,,,,,,
NY,New York,202312,Y,7176273.0,6585728.0,590545.0,,765593.0,2.0,0.05,643689.0,466101.0,286366.0,64523.0,101408.0,11657.0,U,U,,,,,,
OH,Ohio,202312,Y,3062594.0,2827506.0,235088.0,,209476.0,2.0,0.04,284202.0,211040.0,163566.0,38869.0,19130.0,15163.0,U,U,Includes Individuals Enrolled At Any Time in Month (Not a Point-in-Time Count),Includes Individuals Enrolled At Any Time in Month (Not a Point-in-Time Count),Includes Individuals Enrolled At Any Time in Month (Not a Point-in-Time Count),,,
OK,Oklahoma,202312,Y,1039621.0,919466.0,120155.0,,121298.0,14.0,0.19,157487.0,64865.0,18567.0,78316.0,13305.0,1001.0,U,U,,,,,,
OR,Oregon,202312,Y,1461809.0,1272486.0,189323.0,,101533.0,16.0,0.29,127315.0,110900.0,92489.0,4385.0,11489.0,541.0,U,U,,,,,,
PA,Pennsylvania,202312,Y,3392187.0,3102062.0,290125.0,,318027.0,20.0,0.276,290059.0,201990.0,15371.0,45940.0,40875.0,1254.0,U,U,,,,"Updated Renewal Outcomes May Include Eligibility Actions That Occurred After the Renewal was Processed (e.g., Outcomes Based on a Change in Circumstance or for Individuals Who Returned the Renewal During the Reconsideration Period)","Updated Renewal Outcomes May Include Eligibility Actions That Occurred After the Renewal was Processed (e.g., Outcomes Based on a Change in Circumstance or for Individuals Who Returned the Renewal During the Reconsideration Period)","Updated Renewal Outcomes May Include Eligibility Actions That Occurred After the Renewal was Processed (e.g., Outcomes Based on a Change in Circumstance or for Individuals Who Returned the Renewal During the Reconsideration Period)"
RI,Rhode Island,202312,Y,351551.0,314477.0,37074.0,,15315.0,19.0,0.29,17908.0,10894.0,9722.0,5137.0,1315.0,562.0,U,U,,,,,,
SC,South Carolina,202312,N,1209326.0,1107511.0,101815.0,,115277.0,2.0,0.037,104179.0,65897.0,47219.0,21047.0,9118.0,8117.0,U,U,,,,,,
SD,South Dakota,202312,Y,121314.0,105607.0,15707.0,,,,,6522.0,4179.0,1762.0,469.0,1874.0,0.0,U,U,,,,,,
TN,Tennessee,202312,N,1640064.0,1486640.0,153424.0,,108984.0,31.0,0.252,140159.0,74920.0,60402.0,45398.0,12088.0,7753.0,U,U,,,,,,
TX,Texas,202312,N,4465981.0,4073468.0,392513.0,,984675.0,7.0,0.121,235207.0,124415.0,17207.0,68036.0,37290.0,5466.0,U,U,,,,,,
UT,Utah,202312,Y,369439.0,335484.0,33955.0,,115835.0,23.0,0.212,37201.0,16855.0,7550.0,18522.0,1824.0,0.0,U,U,,,,,,
VA,Virginia,202312,Y,1968664.0,1770156.0,198508.0,,78996.0,1.0,0.016,146891.0,118315.0,78525.0,6066.0,4788.0,17722.0,U,U,,,,,,
VT,Vermont,202312,Y,171666.0,167192.0,4474.0,,28304.0,9.0,0.151,11830.0,8983.0,7244.0,1511.0,521.0,815.0,U,U,,,,,,
WA,Washington,202312,Y,1928423.0,1874866.0,53557.0,,53452.0,1.0,0.11,150978.0,124804.0,111728.0,20263.0,5890.0,21.0,U,U,,,,,,
WI,Wisconsin,202312,N,1337200.0,1270188.0,67012.0,,235666.0,9.0,0.144,81381.0,51986.0,22655.0,18795.0,10600.0,0.0,U,U,,,,,,
WV,West Virginia,202312,Y,545010.0,503120.0,41890.0,,41138.0,21.0,0.246,43923.0,27584.0,10297.0,12964.0,3228.0,147.0,U,U,Includes Individuals Enrolled At Any Time in Month (Not a Point-in-Time Count),Includes Individuals Enrolled At Any Time in Month (Not a Point-in-Time Count),Includes Individuals Enrolled At Any Time in Month (Not a Point-in-Time Count),,,
WY,Wyoming,202312,N,75000.0,69693.0,5307.0,,10564.0,1.0,0.004,6286.0,4787.0,2638.0,757.0,212.0,530.0,U,U,,,,,,
AK,Alaska,202401,Y,246669.0,232162.0,14507.0,,42202.0,46.0,0.36,15580.0,7942.0,4376.0,934.0,1955.0,4749.0,U,U,Does Not Include All Full-Benefit Non-MAGI enrollees,Does Not Include All Full-Benefit Non-MAGI enrollees,Does Not Include All CHIP enrollees,,,
AL,Alabama,202401,N,1070043.0,884754.0,185289.0,,65593.0,2.0,0.103,86352.0,58602.0,34533.0,23763.0,3840.0,147.0,U,U,,,,,,
AR,Arkansas,202401,Y,834095.0,747605.0,86490.0,,194660.0,10.0,0.052,40089.0,36440.0,33075.0,2834.0,638.0,177.0,U,U,,,,,,
AZ,Arizona,202401,Y,2031553.0,1908284.0,123269.0,,110829.0,5.0,0.077,149603.0,135613.0,123574.0,7971.0,6019.0,0.0,U,U,,,,,,
CA,California,202401,Y,13836944.0,12570996.0,1265948.0,,486771.0,6.0,0.034,1018735.0,770327.0,668825.0,64676.0,15636.0,168096.0,U,U,Includes Limited-Benefit Enrollees,Includes Limited-Benefit Enrollees,Includes Limited-Benefit Enrollees,,,
CO,Colorado,202401,Y,1385822.0,1248544.0,137278.0,,34576.0,14.0,0.352,153265.0,80646.0,36804.0,46397.0,24334.0,1888.0,U,U,,,,,,
CT,Connecticut,202401,Y,974364.0,957663.0,16701.0,,176577.0,5.0,0.039,88702.0,72025.0,61612.0,9877.0,4292.0,2508.0,U,U,,,,,,
DC,District of Columbia,202401,Y,276959.0,259774.0,17185.0,,63363.0,8.0,0.24,18379.0,15862.0,14638.0,1837.0,59.0,621.0,U,U,,,,,,
DE,Delaware,202401,Y,280711.0,269299.0,11412.0,,37058.0,1.0,0.254,19053.0,13545.0,6886.0,4084.0,1424.0,0.0,U,U,,,,,,
FL,Florida,202401,N,4081001.0,3946249.0,134752.0,,2615575.0,36.0,0.393,298762.0,214478.0,77463.0,45918.0,38001.0,365.0,U,U,,,,,,
GA,Georgia,202401,N,2120803.0,1821831.0,298972.0,,45793.0,8.0,0.009,119437.0,63612.0,41717.0,39743.0,11914.0,4168.0,U,U,,,,,,
HI,Hawaii,202401,Y,466569.0,442603.0,23966.0,,22981.0,7.0,0.15,14401.0,6410.0,1403.0,6357.0,705.0,929.0,U,U,,,,,,
IA,Iowa,202401,Y,709029.0,626986.0,82043.0,,31783.0,0.0,0.008,63835.0,55762.0,43267.0,4328.0,2854.0,891.0,U,U,,,,,,
ID,Idaho,202401,Y,338912.0,316175.0,22737.0,,50493.0,26.0,0.074,19139.0,10443.0,4573.0,7068.0,1628.0,0.0,U,U,,,,,,
IL,Illinois,202401,Y,3630553.0,3284014.0,346539.0,,336707.0,26.0,0.352,203501.0,145023.0,117574.0,36162.0,13678.0,8638.0,U,U,,,,,,
IN,Indiana,202401,Y,1850202.0,1710356.0,139846.0,,330875.0,14.0,0.174,132671.0,91850.0,67352.0,21370.0,8270.0,11181.0,U,U,,,,,,
KS,Kansas,202401,N,441193.0,374875.0,66318.0,,37283.0,2.0,0.032,30876.0,21521.0,11668.0,2735.0,4946.0,1674.0,U,U,,,,,,
KY,Kentucky,202401,Y,1500236.0,1369341.0,130895.0,,124013.0,0.0,0.011,79053.0,67758.0,65095.0,44.0,10867.0,384.0,U,U,,,,,,
LA,Louisiana,202401,Y,1722482.0,1556121.0,166361.0,,461801.0,2.0,0.078,129035.0,77890.0,59506.0,36419.0,14278.0,448.0,U,U,,,,,,
MA,Massachusetts,202401,Y,1792839.0,1600604.0,192235.0,,348054.0,3.0,0.043,138528.0,84063.0,45833.0,38785.0,15680.0,0.0,U,U,,,,,,
MD,Maryland,202401,Y,1624977.0,1463108.0,161869.0,,85079.0,6.0,0.164,123775.0,89345.0,74476.0,28336.0,3775.0,2319.0,U,U,,,,,,
ME,Maine,202401,Y,375229.0,353710.0,21519.0,,48182.0,14.0,0.16,35861.0,26457.0,9143.0,182.0,1883.0,7339.0,U,U,,,,,,
MI,Michigan,202401,Y,2735216.0,2568790.0,166426.0,,214164.0,2.0,0.048,221357.0,139379.0,83989.0,65417.0,15905.0,656.0,U,U,,,,,,
MN,Minnesota,202401,Y,1329002.0,1324796.0,4206.0,,35139.0,13.0,0.24,111809.0,84359.0,51827.0,21798.0,5652.0,0.0,U,U,,,,Updated Renewal Outcomes Reported as of a Different Date Than Three Months After the End of the Original Reporting Period,Updated Renewal Outcomes Reported as of a Different Date Than Three Months After the End of the Original Reporting Period,Updated Renewal Outcomes Reported as of a Different Date Than Three Months After the End of the Original Reporting Period
MO,Missouri,202401,Y,1397038.0,1310346.0,86692.0,,123109.0,48.0,0.588,121658.0,68015.0,57927.0,23757.0,7448.0,22438.0,U,U,,,,,,
MS,Mississippi,202401,N,697486.0,616319.0,81167.0,,6939.0,0.0,0.031,48627.0,38606.0,12163.0,4198.0,2544.0,3279.0,U,U,,,,,,
MT,Montana,202401,Y,239503.0,218316.0,21187.0,,38836.0,31.0,0.42,16559.0,6408.0,4350.0,4896.0,1073.0,4182.0,U,U,,,,,,
NC,North Carolina,202401,Y,2681619.0,2345550.0,336069.0,,35413.0,1.0,0.067,259636.0,199973.0,199158.0,12416.0,3068.0,44179.0,U,U,,,,Updated Renewal Outcomes Reported as of a Different Date Than Three Months After the End of the Original Reporting Period,Updated Renewal Outcomes Reported as of a Different Date Than Three Months After the End of the Original Reporting Period,Updated Renewal Outcomes Reported as of a Different Date Than Three Months After the End of the Original Reporting Period
ND,North Dakota,202401,Y,113148.0,109564.0,3584.0,,45656.0,7.0,0.272,10811.0,6050.0,2936.0,3467.0,1265.0,29.0,U,U,,,,,,
NE,Nebraska,202401,Y,366331.0,326832.0,39499.0,,45103.0,3.0,0.0929,23733.0,14096.0,7839.0,2433.0,3117.0,4087.0,U,U,,,,,,
NH,New Hampshire,202401,Y,185699.0,167427.0,18272.0,,40989.0,7.0,0.06,8924.0,8301.0,7250.0,472.0,151.0,0.0,U,U,,,,,,
NJ,New Jersey,202401,Y,2030400.0,1778415.0,251985.0,,224996.0,3.0,0.152,155293.0,66573.0,29308.0,37919.0,18832.0,31969.0,U,U,,,,,,
NM,New Mexico,202401,Y,782235.0,740937.0,41298.0,,302621.0,44.0,0.235,41596.0,36811.0,28825.0,3530.0,1208.0,47.0,U,U,,,,,,
NV,Nevada,202401,Y,862198.0,803677.0,58521.0,,111002.0,28.0,0.24,49895.0,43852.0,36367.0,5938.0,105.0,0.0,U,U,,,,,,
NY,New York,202401,Y,7115535.0,6515957.0,599578.0,,861412.0,2.0,0.1,498441.0,360274.0,213865.0,61206.0,67563.0,9398.0,U,U,,,,,,
OH,Ohio,202401,Y,3036482.0,2798776.0,237706.0,,238741.0,2.0,0.04,266913.0,202984.0,153146.0,39095.0,18141.0,6693.0,U,U,Includes Individuals Enrolled At Any Time in Month (Not a Point-in-Time Count),Includes Individuals Enrolled At Any Time in Month (Not a Point-in-Time Count),Includes Individuals Enrolled At Any Time in Month (Not a Point-in-Time Count),,,
OK,Oklahoma,202401,Y,1019342.0,926325.0,93017.0,,176217.0,27.0,0.359,118942.0,60539.0,17589.0,47715.0,9834.0,854.0,U,U,,,,,,
OR,Oregon,202401,Y,1380877.0,1190055.0,190822.0,,134192.0,20.0,0.36,119672.0,103166.0,85693.0,5969.0,9829.0,708.0,U,U,,,,,,
PA,Pennsylvania,202401,Y,3361187.0,3065228.0,295959.0,,396567.0,23.0,0.307,252309.0,180218.0,13020.0,37001.0,35035.0,55.0,U,U,,,,"Updated Renewal Outcomes May Include Eligibility Actions That Occurred After the Renewal was Processed (e.g., Outcomes Based on a Change in Circumstance or for Individuals Who Returned the Renewal During the Reconsideration Period)","Updated Renewal Outcomes May Include Eligibility Actions That Occurred After the Renewal was Processed (e.g., Outcomes Based on a Change in Circumstance or for Individuals Who Returned the Renewal During the Reconsideration Period)","Updated Renewal Outcomes May Include Eligibility Actions That Occurred After the Renewal was Processed (e.g., Outcomes Based on a Change in Circumstance or for Individuals Who Returned the Renewal During the Reconsideration Period)"
RI,Rhode Island,202401,Y,348662.0,311650.0,37012.0,,26480.0,29.0,0.456,42892.0,31028.0,27432.0,8352.0,2954.0,558.0,U,U,,,,,,
SC,South Carolina,202401,N,1204898.0,1102671.0,102227.0,,165518.0,4.0,0.027,84363.0,58436.0,47939.0,15339.0,6163.0,4425.0,U,U,,,,,,
SD,South Dakota,202401,Y,124064.0,107906.0,16158.0,,,,,4929.0,3413.0,1282.0,333.0,1183.0,0.0,U,U,,,,,,
TN,Tennessee,202401,N,1603808.0,1454651.0,149157.0,,137705.0,34.0,0.262,150099.0,72945.0,53367.0,52977.0,12818.0,11359.0,U,U,,,,,,
TX,Texas,202401,N,4295157.0,3915667.0,379490.0,,1187117.0,11.0,0.186,148530.0,99411.0,15900.0,26168.0,19857.0,3094.0,U,U,,,,,,
UT,Utah,202401,Y,361056.0,327097.0,33959.0,,138250.0,24.0,0.232,33943.0,18224.0,7090.0,13459.0,2260.0,0.0,U,U,,,,,,
VA,Virginia,202401,Y,1969633.0,1768194.0,201439.0,,91070.0,1.0,0.043,145150.0,116997.0,73843.0,6562.0,5824.0,15767.0,U,U,,,,,,
VT,Vermont,202401,Y,170950.0,166418.0,4532.0,,30693.0,5.0,0.092,12870.0,9834.0,7887.0,1745.0,638.0,653.0,U,U,,,,,,
WA,Washington,202401,Y,1912013.0,1857870.0,54143.0,,68546.0,1.0,0.142,119817.0,99276.0,89073.0,15301.0,5217.0,23.0,U,U,,,,,,
WI,Wisconsin,202401,N,1324491.0,1256611.0,67880.0,,311395.0,13.0,0.189,97156.0,59460.0,25518.0,23863.0,13833.0,0.0,U,U,,,,,,
WV,West Virginia,202401,Y,538218.0,495518.0,42700.0,,35613.0,21.0,0.282,31039.0,16492.0,7785.0,12425.0,1720.0,402.0,U,U,Includes Individuals Enrolled At Any Time in Month (Not a Point-in-Time Count),Includes Individuals Enrolled At Any Time in Month (Not a Point-in-Time Count),Includes Individuals Enrolled At Any Time in Month (Not a Point-in-Time Count),,,
WY,Wyoming,202401,N,74715.0,69343.0,5372.0,,13332.0,2.0,0.006,5982.0,4045.0,2407.0,1255.0,190.0,492.0,U,U,,,,,,
AK,Alaska,202402,Y,247580.0,232876.0,14704.0,,30415.0,40.0,0.26,15357.0,7948.0,4572.0,777.0,1892.0,4740.0,U,U,Does Not Include All Full-Benefit Non-MAGI enrollees,Does Not Include All Full-Benefit Non-MAGI enrollees,Does Not Include All CHIP enrollees,,,
AL,Alabama,202402,N,1056159.0,871580.0,184579.0,,57741.0,2.0,0.089,85889.0,58647.0,35228.0,23331.0,3788.0,123.0,U,U,,,,,,
AR,Arkansas,202402,Y,832512.0,746405.0,86107.0,,162629.0,7.0,0.026,40726.0,36335.0,31864.0,3334.0,962.0,95.0,U,U,,,,,,
AZ,Arizona,202402,Y,2040639.0,1915533.0,125106.0,,95477.0,6.0,0.1,171875.0,157412.0,146035.0,7786.0,6677.0,0.0,U,U,,,,,,
CA,California,202402,Y,13839566.0,12575627.0,1263939.0,,348874.0,5.0,0.008,1170166.0,862568.0,730877.0,87590.0,20599.0,199409.0,U,U,Includes Limited-Benefit Enrollees,Includes Limited-Benefit Enrollees,Includes Limited-Benefit Enrollees,,,
CO,Colorado,202402,Y,1337965.0,1198022.0,139943.0,,36516.0,15.0,0.28,136981.0,73223.0,35092.0,37571.0,24991.0,1196.0,U,U,,,,,,
CT,Connecticut,202402,Y,969682.0,952889.0,16793.0,,166888.0,1.0,0.016,104272.0,85420.0,71424.0,12213.0,5065.0,1574.0,U,U,,,,,,
DC,District of Columbia,202402,Y,269060.0,252976.0,16084.0,,50866.0,2.0,0.06,18687.0,15545.0,13425.0,2311.0,132.0,699.0,U,U,,,,,,
DE,Delaware,202402,Y,277898.0,266251.0,11647.0,,43513.0,1.0,0.187,25272.0,19136.0,11591.0,3702.0,2321.0,113.0,U,U,,,,,,
FL,Florida,202402,N,4100852.0,3960191.0,140661.0,,2576456.0,32.0,0.411,332369.0,221775.0,44325.0,60842.0,49069.0,683.0,U,U,,,,,,
GA,Georgia,202402,N,2079149.0,1794351.0,284798.0,,98086.0,8.0,0.01,112379.0,57461.0,32228.0,36803.0,14772.0,3343.0,U,U,,,,,,
HI,Hawaii,202402,Y,461670.0,437806.0,23864.0,,22123.0,4.0,0.24,18285.0,11419.0,3369.0,4678.0,1600.0,588.0,U,U,,,,,,
IA,Iowa,202402,Y,708931.0,625741.0,83190.0,,30124.0,0.0,0.007,87466.0,60940.0,26156.0,11851.0,7883.0,6792.0,U,U,,,,,,
ID,Idaho,202402,Y,335633.0,313131.0,22502.0,,46885.0,27.0,0.073,15194.0,10300.0,6564.0,3887.0,1007.0,0.0,U,U,,,,,,
IL,Illinois,202402,Y,3596117.0,3254491.0,341626.0,,291015.0,23.0,0.331,365933.0,242425.0,181896.0,76992.0,29471.0,17045.0,U,U,,,,,,
IN,Indiana,202402,Y,1836542.0,1695952.0,140590.0,,275978.0,11.0,0.134,154510.0,101649.0,74066.0,27902.0,8814.0,16145.0,U,U,,,,,,
KS,Kansas,202402,N,441636.0,373382.0,68254.0,,33265.0,0.0,0.01,31276.0,21624.0,10014.0,2416.0,4759.0,2477.0,U,U,,,,,,
KY,Kentucky,202402,Y,1494563.0,1364464.0,130099.0,,108378.0,1.0,0.003,93004.0,64790.0,57801.0,23.0,10105.0,18086.0,U,U,,,,,,
LA,Louisiana,202402,Y,1695673.0,1531636.0,164037.0,,416910.0,2.0,0.084,155594.0,103663.0,82257.0,35799.0,15892.0,240.0,U,U,,,,,,
MA,Massachusetts,202402,Y,1741139.0,1551590.0,189549.0,,317105.0,3.0,0.05,84408.0,54060.0,36171.0,20608.0,9740.0,0.0,U,U,,,,,,
MD,Maryland,202402,Y,1619895.0,1449595.0,170300.0,,59701.0,2.0,0.061,121762.0,86638.0,73635.0,29788.0,3403.0,1933.0,U,U,,,,,,
ME,Maine,202402,Y,374325.0,352405.0,21920.0,,37315.0,9.0,0.14,41483.0,31995.0,9099.0,392.0,3068.0,6028.0,U,U,,,,,,
MI,Michigan,202402,Y,2680833.0,2511218.0,169615.0,,194243.0,1.0,0.035,241730.0,145224.0,92075.0,76543.0,19488.0,475.0,U,U,,,,,,
MN,Minnesota,202402,Y,1259673.0,1255277.0,4396.0,,30578.0,11.0,0.22,121053.0,92303.0,56119.0,22305.0,6445.0,0.0,U,U,,,,Updated Renewal Outcomes Reported as of a Different Date Than Three Months After the End of the Original Reporting Period,Updated Renewal Outcomes Reported as of a Different Date Than Three Months After the End of the Original Reporting Period,Updated Renewal Outcomes Reported as of a Different Date Than Three Months After the End of the Original Reporting Period
MO,Missouri,202402,Y,1385968.0,1290208.0,95760.0,,114028.0,56.0,0.637,111865.0,64744.0,52281.0,21675.0,5828.0,19618.0,U,U,,,,,,
MS,Mississippi,202402,N,698026.0,615467.0,82559.0,,7170.0,0.0,0.022,51102.0,41726.0,11171.0,4873.0,2442.0,2061.0,U,U,,,,,,
MT,Montana,202402,Y,238365.0,217001.0,21364.0,,29826.0,29.0,0.4,15494.0,6564.0,4424.0,4268.0,1081.0,3581.0,U,U,,,,,,
NC,North Carolina,202402,Y,2698210.0,2357133.0,341077.0,,31029.0,0.0,0.012,289110.0,225956.0,225268.0,13783.0,3212.0,46159.0,U,U,,,,Updated Renewal Outcomes Reported as of a Different Date Than Three Months After the End of the Original Reporting Period,Updated Renewal Outcomes Reported as of a Different Date Than Three Months After the End of the Original Reporting Period,Updated Renewal Outcomes Reported as of a Different Date Than Three Months After the End of the Original Reporting Period
ND,North Dakota,202402,Y,111190.0,107465.0,3725.0,,33475.0,5.0,0.16,10833.0,6133.0,2909.0,3153.0,1528.0,19.0,U,U,,,,,,
NE,Nebraska,202402,Y,363055.0,323556.0,39499.0,,38136.0,4.0,0.0905,27121.0,16850.0,9664.0,2785.0,3805.0,3681.0,U,U,,,,,,
NH,New Hampshire,202402,Y,186005.0,167509.0,18496.0,,33449.0,4.0,0.05,8862.0,8101.0,7032.0,632.0,129.0,0.0,U,U,,,,,,
NJ,New Jersey,202402,Y,1997790.0,1748215.0,249575.0,,212256.0,3.0,0.106,166342.0,70110.0,30719.0,40583.0,16624.0,39025.0,U,U,,,,,,
NM,New Mexico,202402,Y,786269.0,744231.0,42038.0,,247986.0,46.0,0.228,36320.0,29840.0,21142.0,5020.0,1445.0,15.0,U,U,,,,,,
NV,Nevada,202402,Y,862559.0,803466.0,59093.0,,94890.0,19.0,0.179,68762.0,58470.0,47105.0,10032.0,260.0,0.0,U,U,,,,,,
NY,New York,202402,Y,7053497.0,6442445.0,611052.0,,805261.0,3.0,0.12,527727.0,383023.0,247045.0,51537.0,85425.0,7742.0,U,U,,,,,,
OH,Ohio,202402,Y,3014826.0,2775199.0,239627.0,,227543.0,2.0,0.03,280189.0,219097.0,166255.0,38498.0,19827.0,2767.0,U,U,Includes Individuals Enrolled At Any Time in Month (Not a Point-in-Time Count),Includes Individuals Enrolled At Any Time in Month (Not a Point-in-Time Count),Includes Individuals Enrolled At Any Time in Month (Not a Point-in-Time Count),,,
OK,Oklahoma,202402,Y,995111.0,914975.0,80136.0,,166036.0,46.0,0.419,119703.0,58450.0,15603.0,44486.0,15091.0,1676.0,U,U,,,,,,
OR,Oregon,202402,Y,1376453.0,1187577.0,188876.0,,102438.0,12.0,0.234,135827.0,113417.0,97984.0,12037.0,9851.0,522.0,U,U,,,,,,
PA,Pennsylvania,202402,Y,3336943.0,3038372.0,298571.0,,340216.0,19.0,0.272,267259.0,188157.0,15446.0,41866.0,37055.0,181.0,U,U,,,,"Updated Renewal Outcomes May Include Eligibility Actions That Occurred After the Renewal was Processed (e.g., Outcomes Based on a Change in Circumstance or for Individuals Who Returned the Renewal During the Reconsideration Period)","Updated Renewal Outcomes May Include Eligibility Actions That Occurred After the Renewal was Processed (e.g., Outcomes Based on a Change in Circumstance or for Individuals Who Returned the Renewal During the Reconsideration Period)","Updated Renewal Outcomes May Include Eligibility Actions That Occurred After the Renewal was Processed (e.g., Outcomes Based on a Change in Circumstance or for Individuals Who Returned the Renewal During the Reconsideration Period)"
RI,Rhode Island,202402,Y,340876.0,304272.0,36604.0,,20060.0,26.0,0.403,42683.0,33242.0,30209.0,6872.0,2143.0,426.0,U,U,,,,,,
SC,South Carolina,202402,N,1190289.0,1088865.0,101424.0,,155906.0,4.0,0.071,69871.0,42853.0,33153.0,16073.0,6357.0,4588.0,U,U,Includes Retroactive Enrollments,Includes Retroactive Enrollments,Includes Retroactive Enrollments,,,
SD,South Dakota,202402,Y,126820.0,110468.0,16352.0,,,,,5497.0,4068.0,1319.0,342.0,1087.0,0.0,U,U,,,,,,
TN,Tennessee,202402,N,1560078.0,1410820.0,149258.0,,127719.0,29.0,0.194,153758.0,79383.0,47631.0,52604.0,16995.0,4776.0,U,U,,,,,,
TX,Texas,202402,N,4280418.0,3916813.0,363605.0,,958722.0,1.0,0.031,189514.0,136854.0,16439.0,32506.0,19430.0,724.0,U,U,,,,,,
UT,Utah,202402,Y,354900.0,320533.0,34367.0,,117638.0,17.0,0.194,28688.0,11462.0,5289.0,15944.0,1282.0,0.0,U,U,,,,,,
VA,Virginia,202402,Y,1962748.0,1759075.0,203673.0,,78778.0,1.0,0.005,161727.0,127553.0,77711.0,8904.0,7870.0,17400.0,U,U,,,,,,
VT,Vermont,202402,Y,169414.0,164909.0,4505.0,,22396.0,1.0,0.011,15170.0,11470.0,9440.0,2065.0,972.0,663.0,U,U,,,,,,
WA,Washington,202402,Y,1892693.0,1838369.0,54324.0,,62800.0,1.0,0.13,127852.0,107208.0,93659.0,15498.0,5099.0,47.0,U,U,,,,,,
WI,Wisconsin,202402,N,1302876.0,1233892.0,68984.0,,269567.0,8.0,0.124,147936.0,99061.0,45614.0,23155.0,25720.0,0.0,U,U,,,,,,
WV,West Virginia,202402,Y,530984.0,487736.0,43248.0,,46226.0,20.0,0.231,36211.0,23764.0,10865.0,9855.0,1699.0,893.0,U,U,Includes Individuals Enrolled At Any Time in Month (Not a Point-in-Time Count),Includes Individuals Enrolled At Any Time in Month (Not a Point-in-Time Count),Includes Individuals Enrolled At Any Time in Month (Not a Point-in-Time Count),,,
WY,Wyoming,202402,N,74289.0,68904.0,5385.0,,11917.0,2.0,0.008,4470.0,2712.0,1085.0,1299.0,162.0,297.0,U,U,,,,"Updated Renewal Outcomes May Include Eligibility Actions That Occurred After the Renewal was Processed (e.g., Outcomes Based on a Change in Circumstance or for Individuals Who Returned the Renewal During the Reconsideration Period)","Updated Renewal Outcomes May Include Eligibility Actions That Occurred After the Renewal was Processed (e.g., Outcomes Based on a Change in Circumstance or for Individuals Who Returned the Renewal During the Reconsideration Period)","Updated Renewal Outcomes May Include Eligibility Actions That Occurred After the Renewal was Processed (e.g., Outcomes Based on a Change in Circumstance or for Individuals Who Returned the Renewal During the Reconsideration Period)"
AK,Alaska,202403,Y,248719.0,234082.0,14637.0,,25370.0,18.0,0.16,16163.0,8455.0,5598.0,732.0,2029.0,4947.0,U,U,,,,,,
AL,Alabama,202403,N,1040632.0,856809.0,183823.0,,54690.0,1.0,0.048,86545.0,51903.0,30154.0,30118.0,4461.0,63.0,U,U,,,,,,
AR,Arkansas,202403,Y,834534.0,748978.0,85556.0,,155522.0,7.0,0.021,39590.0,31945.0,25544.0,5210.0,2285.0,150.0,U,U,,,,,,
AZ,Arizona,202403,Y,2049752.0,1923176.0,126576.0,,96917.0,5.0,0.094,181058.0,146070.0,127857.0,23400.0,11588.0,0.0,U,U,,,,,,
CA,California,202403,Y,13790911.0,12531082.0,1259829.0,,316182.0,5.0,0.009,1234466.0,919402.0,787300.0,97110.0,24639.0,193315.0,U,U,Includes Limited-Benefit Enrollees,Includes Limited-Benefit Enrollees,Includes Limited-Benefit Enrollees,,,
CO,Colorado,202403,Y,1247174.0,1104301.0,142873.0,,29267.0,10.0,0.203,137882.0,73281.0,35439.0,40679.0,22562.0,1360.0,U,U,,,,,,
CT,Connecticut,202403,Y,961117.0,944282.0,16835.0,,129138.0,1.0,0.013,106462.0,88920.0,75268.0,10558.0,4768.0,2216.0,U,U,,,,,,
DC,District of Columbia,202403,Y,268229.0,251780.0,16449.0,,47896.0,1.0,0.03,20386.0,15016.0,12056.0,3898.0,534.0,938.0,U,U,,,,,,
DE,Delaware,202403,Y,274751.0,263207.0,11544.0,,42989.0,1.0,0.213,24517.0,17859.0,9539.0,3890.0,2755.0,13.0,U,U,,,,,,
FL,Florida,202403,N,4029584.0,3882679.0,146905.0,,2249520.0,23.0,0.373,632996.0,347746.0,72737.0,191567.0,93544.0,139.0,U,U,,,,,,
GA,Georgia,202403,N,2050815.0,1767490.0,283325.0,,129583.0,10.0,0.008,104793.0,55196.0,29621.0,36490.0,11959.0,1148.0,U,U,,,,,,
HI,Hawaii,202403,Y,455538.0,431894.0,23644.0,,23238.0,11.0,0.19,22982.0,14455.0,5245.0,5532.0,2226.0,769.0,U,U,,,,,,
IA,Iowa,202403,Y,708615.0,623486.0,85129.0,,27656.0,0.0,0.014,48404.0,35180.0,18394.0,8336.0,3614.0,1274.0,U,U,,,,,,
ID,Idaho,202403,Y,334419.0,312265.0,22154.0,,46035.0,31.0,0.066,24012.0,17539.0,10666.0,4859.0,1614.0,0.0,U,U,,,,,,
IL,Illinois,202403,Y,3542797.0,3208917.0,333880.0,,289602.0,19.0,0.299,334519.0,238810.0,191296.0,59981.0,22744.0,12984.0,U,U,,,,,,
IN,Indiana,202403,Y,1833547.0,1693064.0,140483.0,,245997.0,6.0,0.086,155314.0,121509.0,86792.0,17884.0,10995.0,4926.0,U,U,,,,,,
KS,Kansas,202403,N,439021.0,369715.0,69306.0,,31128.0,0.0,0.004,27883.0,20587.0,10132.0,2886.0,3807.0,603.0,U,U,,,,,,
KY,Kentucky,202403,Y,1515783.0,1381453.0,134330.0,,100137.0,0.0,0.007,97962.0,70404.0,62029.0,1793.0,6165.0,19600.0,U,U,,,,,,
LA,Louisiana,202403,Y,1667821.0,1508454.0,159367.0,,399381.0,2.0,0.084,161060.0,107113.0,84430.0,38466.0,15268.0,213.0,U,U,,,,,,
MA,Massachusetts,202403,Y,1714671.0,1525104.0,189567.0,,332452.0,4.0,0.056,183928.0,114209.0,73783.0,44454.0,25262.0,3.0,U,U,,,,,,
MD,Maryland,202403,Y,1621050.0,1446533.0,174517.0,,54052.0,1.0,0.048,101025.0,74426.0,62683.0,21484.0,2918.0,2197.0,U,U,,,,,,
ME,Maine,202403,Y,371899.0,349388.0,22511.0,,34619.0,5.0,0.1,39719.0,32645.0,9712.0,50.0,1438.0,5586.0,U,U,,,,,,
MI,Michigan,202403,Y,2628793.0,2460791.0,168002.0,,176001.0,1.0,0.022,267236.0,156979.0,96999.0,85353.0,24420.0,484.0,U,U,,,,,,
MN,Minnesota,202403,Y,1214497.0,1209905.0,4592.0,,31996.0,8.0,0.2,116710.0,92647.0,66732.0,18037.0,6026.0,0.0,U,U,,,,,,
MO,Missouri,202403,Y,1365933.0,1259649.0,106284.0,,111332.0,58.0,0.633,149898.0,104933.0,74081.0,17084.0,5871.0,22010.0,U,U,,,,,,
MS,Mississippi,202403,N,685536.0,602414.0,83122.0,,5796.0,0.0,0.024,53690.0,41790.0,13298.0,8507.0,3358.0,35.0,U,U,,,,,,
MT,Montana,202403,Y,236226.0,214580.0,21646.0,,23651.0,23.0,0.36,2887.0,1401.0,576.0,521.0,713.0,252.0,U,U,,,,,,
NC,North Carolina,202403,Y,2713561.0,2367915.0,345646.0,,28005.0,0.0,0.008,273915.0,208904.0,207967.0,16627.0,3710.0,44674.0,U,U,,,,Updated Renewal Outcomes Reported as of a Different Date Than Three Months After the End of the Original Reporting Period,Updated Renewal Outcomes Reported as of a Different Date Than Three Months After the End of the Original Reporting Period,Updated Renewal Outcomes Reported as of a Different Date Than Three Months After the End of the Original Reporting Period
ND,North Dakota,202403,Y,109328.0,105433.0,3895.0,,30102.0,3.0,0.096,13600.0,7160.0,3043.0,4420.0,2000.0,20.0,U,U,,,,,,
NE,Nebraska,202403,Y,361331.0,322856.0,38475.0,,35970.0,4.0,0.0915,24782.0,14987.0,8624.0,2411.0,3284.0,4100.0,U,U,,,,,,
NH,New Hampshire,202403,Y,186492.0,167997.0,18495.0,,31530.0,3.0,0.04,10738.0,9816.0,8427.0,745.0,176.0,1.0,U,U,,,,,,
NJ,New Jersey,202403,Y,1966921.0,1717076.0,249845.0,,198620.0,3.0,0.054,167247.0,68173.0,26646.0,40048.0,16450.0,42576.0,U,U,,,,,,
NM,New Mexico,202403,Y,786426.0,743112.0,43314.0,,212573.0,43.0,0.212,40163.0,32230.0,25650.0,6466.0,1454.0,13.0,U,U,,,,,,
NV,Nevada,202403,Y,857586.0,798325.0,59261.0,,100664.0,20.0,0.191,116474.0,78980.0,74196.0,34554.0,2940.0,0.0,U,U,,,,,,
NY,New York,202403,Y,6995455.0,6373667.0,621788.0,,840868.0,5.0,0.159,549599.0,362032.0,180656.0,81586.0,94720.0,11261.0,U,U,,,,,,
OH,Ohio,202403,Y,2985495.0,2747657.0,237838.0,,192254.0,1.0,0.02,332241.0,252175.0,187109.0,49648.0,26389.0,4029.0,U,U,Includes Individuals Enrolled At Any Time in Month (Not a Point-in-Time Count),Includes Individuals Enrolled At Any Time in Month (Not a Point-in-Time Count),Includes Individuals Enrolled At Any Time in Month (Not a Point-in-Time Count),,,
OK,Oklahoma,202403,Y,976509.0,900463.0,76046.0,,150970.0,30.0,0.362,27001.0,19553.0,9204.0,4599.0,2759.0,90.0,U,U,,,,,,
OR,Oregon,202403,Y,1364666.0,1177987.0,186679.0,,90286.0,6.0,0.134,137515.0,117180.0,100350.0,11505.0,8167.0,663.0,U,U,,,,,,
PA,Pennsylvania,202403,Y,3284345.0,2987158.0,297187.0,,303443.0,10.0,0.171,288751.0,201886.0,15858.0,45985.0,40818.0,62.0,U,U,,,,"Updated Renewal Outcomes May Include Eligibility Actions That Occurred After the Renewal was Processed (e.g., Outcomes Based on a Change in Circumstance or for Individuals Who Returned the Renewal During the Reconsideration Period)","Updated Renewal Outcomes May Include Eligibility Actions That Occurred After the Renewal was Processed (e.g., Outcomes Based on a Change in Circumstance or for Individuals Who Returned the Renewal During the Reconsideration Period)","Updated Renewal Outcomes May Include Eligibility Actions That Occurred After the Renewal was Processed (e.g., Outcomes Based on a Change in Circumstance or for Individuals Who Returned the Renewal During the Reconsideration Period)"
RI,Rhode Island,202403,Y,336537.0,300695.0,35842.0,,21665.0,20.0,0.298,46151.0,37575.0,35103.0,5905.0,2285.0,386.0,U,U,,,,,,
SC,South Carolina,202403,N,1178276.0,1077481.0,100795.0,,161525.0,2.0,0.043,71387.0,44803.0,37453.0,15217.0,5621.0,5746.0,U,U,Includes Retroactive Enrollments,Includes Retroactive Enrollments,Includes Retroactive Enrollments,,,
SD,South Dakota,202403,Y,125947.0,109758.0,16189.0,,,,,0.0,0.0,0.0,0.0,0.0,0.0,U,U,,,,,,
TN,Tennessee,202403,N,1532758.0,1386876.0,145882.0,,104965.0,8.0,0.097,104998.0,54041.0,37420.0,31216.0,11512.0,8229.0,U,U,,,,,,
TX,Texas,202403,N,4360449.0,4002417.0,358032.0,,896054.0,1.0,0.026,172696.0,126824.0,19230.0,27718.0,17660.0,494.0,U,U,,,,Updated Renewal Outcomes Reported as of a Different Date Than Three Months After the End of the Original Reporting Period,Updated Renewal Outcomes Reported as of a Different Date Than Three Months After the End of the Original Reporting Period,Updated Renewal Outcomes Reported as of a Different Date Than Three Months After the End of the Original Reporting Period
UT,Utah,202403,Y,344565.0,309509.0,35056.0,,114517.0,18.0,0.234,20525.0,10790.0,5420.0,8544.0,1191.0,0.0,U,U,,,,,,
VA,Virginia,202403,Y,1942304.0,1737658.0,204646.0,,81312.0,1.0,0.012,150250.0,124089.0,72349.0,7807.0,9779.0,8575.0,U,U,,,,,,
VT,Vermont,202403,Y,166597.0,162058.0,4539.0,,21213.0,1.0,0.009,14969.0,10769.0,8708.0,2543.0,1027.0,630.0,U,U,,,,,,
WA,Washington,202403,Y,1874182.0,1819294.0,54888.0,,61926.0,1.0,0.124,123453.0,102339.0,91151.0,16168.0,4907.0,39.0,U,U,,,,,,
WI,Wisconsin,202403,N,1272287.0,1203722.0,68565.0,,247021.0,7.0,0.1,148138.0,104711.0,46366.0,17348.0,26079.0,0.0,U,U,,,,,,
WV,West Virginia,202403,Y,525893.0,482338.0,43555.0,,28606.0,10.0,0.141,33748.0,23777.0,9075.0,6548.0,2175.0,1248.0,U,U,Includes Individuals Enrolled At Any Time in Month (Not a Point-in-Time Count),Includes Individuals Enrolled At Any Time in Month (Not a Point-in-Time Count),Includes Individuals Enrolled At Any Time in Month (Not a Point-in-Time Count),,,
WY,Wyoming,202403,N,73834.0,68356.0,5478.0,,11989.0,2.0,0.006,5350.0,3632.0,2003.0,1006.0,334.0,378.0,U,U,,,,"Updated Renewal Outcomes May Include Eligibility Actions That Occurred After the Renewal was Processed (e.g., Outcomes Based on a Change in Circumstance or for Individuals Who Returned the Renewal During the Reconsideration Period)","Updated Renewal Outcomes May Include Eligibility Actions That Occurred After the Renewal was Processed (e.g., Outcomes Based on a Change in Circumstance or for Individuals Who Returned the Renewal During the Reconsideration Period)","Updated Renewal Outcomes May Include Eligibility Actions That Occurred After the Renewal was Processed (e.g., Outcomes Based on a Change in Circumstance or for Individuals Who Returned the Renewal During the Reconsideration Period)"
AK,Alaska,202404,Y,249616.0,234883.0,14733.0,,24009.0,12.0,0.15,13539.0,7067.0,4879.0,303.0,1864.0,4305.0,U,U,,,,,,
AL,Alabama,202404,N,1015099.0,832740.0,182359.0,,58114.0,1.0,0.049,81573.0,54666.0,27490.0,23671.0,3208.0,28.0,U,U,,,,,,
AR,Arkansas,202404,Y,833752.0,753700.0,80052.0,,189903.0,7.0,0.053,45736.0,38251.0,32352.0,5613.0,1788.0,84.0,U,U,,,,,,
AZ,Arizona,202404,Y,2032704.0,1906198.0,126506.0,,91722.0,5.0,0.1,102937.0,82272.0,70581.0,11819.0,8846.0,0.0,U,U,,,,,,
CA,California,202404,Y,13718156.0,12466599.0,1251557.0,,316173.0,3.0,0.146,1118057.0,837782.0,709269.0,85380.0,21414.0,173481.0,U,U,Includes Limited-Benefit Enrollees,Includes Limited-Benefit Enrollees,Includes Limited-Benefit Enrollees,,,
CO,Colorado,202404,Y,1206604.0,1064013.0,142591.0,,26278.0,8.0,0.145,116528.0,64217.0,31513.0,33641.0,17625.0,1045.0,U,U,,,,,,
CT,Connecticut,202404,Y,952326.0,935513.0,16813.0,,134478.0,1.0,0.02,69829.0,61313.0,51565.0,4555.0,2702.0,1259.0,U,U,,,,,,
DC,District of Columbia,202404,Y,268215.0,251593.0,16622.0,,48606.0,1.0,0.02,20134.0,14079.0,10855.0,4366.0,695.0,994.0,U,U,,,,,,
DE,Delaware,202404,Y,270248.0,258864.0,11384.0,,43380.0,1.0,0.185,41803.0,25102.0,13506.0,9750.0,6885.0,66.0,U,U,,,,,,
FL,Florida,202404,N,3901821.0,3748509.0,153312.0,,2088079.0,19.0,0.294,151176.0,99923.0,51784.0,29540.0,21661.0,52.0,U,U,,,,,,
GA,Georgia,202404,N,2034673.0,1765345.0,269328.0,,131883.0,14.0,0.006,333769.0,244071.0,206429.0,43507.0,45241.0,950.0,U,U,,,,,,
HI,Hawaii,202404,Y,443952.0,420603.0,23349.0,,36094.0,15.0,0.24,39975.0,28286.0,18109.0,8036.0,3192.0,461.0,U,U,,,,,,
IA,Iowa,202404,Y,689404.0,602555.0,86849.0,,29727.0,0.0,0.013,51050.0,40527.0,21733.0,5823.0,2878.0,1822.0,U,U,,,,,,
ID,Idaho,202404,Y,333770.0,311829.0,21941.0,,40370.0,29.0,0.071,22097.0,15836.0,9869.0,4577.0,1684.0,0.0,U,U,,,,,,
IL,Illinois,202404,Y,3461070.0,3151868.0,309202.0,,316396.0,22.0,0.332,281742.0,195759.0,155561.0,55835.0,18836.0,11312.0,U,U,,,,,,
IN,Indiana,202404,Y,1817412.0,1676590.0,140822.0,,264917.0,3.0,0.043,115048.0,93752.0,73176.0,7583.0,5816.0,7897.0,U,U,,,,,,
KS,Kansas,202404,N,437554.0,367434.0,70120.0,,34681.0,0.0,0.005,40981.0,31479.0,8822.0,3515.0,4962.0,1025.0,U,U,,,,,,
KY,Kentucky,202404,Y,1497712.0,1364183.0,133529.0,,109718.0,0.0,0.01,103265.0,70266.0,60091.0,7471.0,8546.0,16982.0,U,U,,,,,,
LA,Louisiana,202404,Y,1634568.0,1479168.0,155400.0,,429654.0,2.0,0.087,193060.0,133096.0,107282.0,41818.0,17858.0,288.0,U,U,,,,,,
MA,Massachusetts,202404,Y,1710184.0,1520510.0,189674.0,,307627.0,3.0,0.046,128352.0,106924.0,89486.0,12671.0,8756.0,1.0,U,U,,,,,,
MD,Maryland,202404,Y,1618864.0,1440297.0,178567.0,,52097.0,1.0,0.057,103539.0,76782.0,64455.0,22067.0,2799.0,1891.0,U,U,,,,,,
ME,Maine,202404,Y,369307.0,346276.0,23031.0,,34376.0,6.0,0.11,37879.0,31252.0,9321.0,58.0,1533.0,5036.0,U,U,,,,,,
MI,Michigan,202404,Y,2565242.0,2397123.0,168119.0,,180067.0,1.0,0.02,251071.0,147070.0,86439.0,82123.0,21165.0,713.0,U,U,,,,,,
MN,Minnesota,202404,Y,1201732.0,1197017.0,4715.0,,34310.0,15.0,0.31,107898.0,87218.0,63455.0,15874.0,4806.0,0.0,U,U,,,,,,
MO,Missouri,202404,Y,1340094.0,1228081.0,112013.0,,110220.0,62.0,0.642,108519.0,67124.0,54547.0,24399.0,3911.0,13085.0,U,U,,,,,,
MS,Mississippi,202404,N,651694.0,567913.0,83781.0,,6979.0,0.0,0.033,49920.0,38447.0,10865.0,8261.0,3207.0,5.0,U,U,,,,,,
MT,Montana,202404,Y,234855.0,213089.0,21766.0,,21081.0,35.0,0.46,5136.0,3232.0,1457.0,1109.0,336.0,459.0,U,U,,,,,,
NC,North Carolina,202404,Y,2731391.0,2385695.0,345696.0,,28195.0,0.0,0.005,250314.0,185235.0,184292.0,19255.0,3769.0,42055.0,U,U,,,,Updated Renewal Outcomes Reported as of a Different Date Than Three Months After the End of the Original Reporting Period,Updated Renewal Outcomes Reported as of a Different Date Than Three Months After the End of the Original Reporting Period,Updated Renewal Outcomes Reported as of a Different Date Than Three Months After the End of the Original Reporting Period
ND,North Dakota,202404,Y,106308.0,102322.0,3986.0,,31236.0,3.0,0.086,11255.0,6810.0,2977.0,2937.0,1489.0,19.0,U,U,,,,,,
NE,Nebraska,202404,Y,357541.0,319673.0,37868.0,,35808.0,4.0,0.1005,27221.0,16104.0,9415.0,3049.0,3728.0,4340.0,U,U,,,,,,
NH,New Hampshire,202404,Y,186448.0,167987.0,18461.0,,30622.0,2.0,0.04,10257.0,9245.0,7774.0,819.0,193.0,0.0,U,U,,,,,,
NJ,New Jersey,202404,Y,1935807.0,1685053.0,250754.0,,202763.0,3.0,0.035,189092.0,75230.0,36201.0,47468.0,22152.0,44242.0,U,U,,,,,,
NM,New Mexico,202404,Y,784300.0,744028.0,40272.0,,222292.0,47.0,0.222,38863.0,33223.0,27048.0,4076.0,1564.0,0.0,U,U,,,,,,
NV,Nevada,202404,Y,811962.0,755681.0,56281.0,,118770.0,30.0,0.25,90256.0,64485.0,44409.0,22465.0,3306.0,0.0,U,U,,,,,,
NY,New York,202404,Y,6897453.0,6262790.0,634663.0,,788502.0,3.0,0.14,554215.0,364385.0,197112.0,89831.0,91565.0,8434.0,U,U,,,,,,
OH,Ohio,202404,Y,2942399.0,2705889.0,236510.0,,183179.0,1.0,0.01,195548.0,164201.0,135089.0,18330.0,9134.0,3883.0,U,U,Includes Individuals Enrolled At Any Time in Month (Not a Point-in-Time Count),Includes Individuals Enrolled At Any Time in Month (Not a Point-in-Time Count),Includes Individuals Enrolled At Any Time in Month (Not a Point-in-Time Count),,,
OK,Oklahoma,202404,Y,984417.0,908492.0,75925.0,,122709.0,17.0,0.318,36881.0,26109.0,15964.0,7462.0,1408.0,1902.0,U,U,,,,,,
OR,Oregon,202404,Y,1350074.0,1165360.0,184714.0,,92958.0,4.0,0.102,158060.0,135123.0,115096.0,12769.0,9337.0,831.0,U,U,,,,,,
PA,Pennsylvania,202404,Y,3213310.0,2917052.0,296258.0,,306674.0,8.0,0.146,174643.0,145593.0,14578.0,12842.0,15768.0,440.0,U,U,,,,"Updated Renewal Outcomes May Include Eligibility Actions That Occurred After the Renewal was Processed (e.g., Outcomes Based on a Change in Circumstance or for Individuals Who Returned the Renewal During the Reconsideration Period)","Updated Renewal Outcomes May Include Eligibility Actions That Occurred After the Renewal was Processed (e.g., Outcomes Based on a Change in Circumstance or for Individuals Who Returned the Renewal During the Reconsideration Period)","Updated Renewal Outcomes May Include Eligibility Actions That Occurred After the Renewal was Processed (e.g., Outcomes Based on a Change in Circumstance or for Individuals Who Returned the Renewal During the Reconsideration Period)"
RI,Rhode Island,202404,Y,330528.0,297128.0,33400.0,,20075.0,18.0,0.285,55956.0,37963.0,34770.0,10421.0,6622.0,950.0,U,U,,,,,,
SC,South Carolina,202404,N,1167844.0,1068048.0,99796.0,,192770.0,4.0,0.075,145217.0,91646.0,70700.0,29552.0,16330.0,7689.0,U,U,,,,,,
SD,South Dakota,202404,Y,128701.0,112599.0,16102.0,,,,,0.0,0.0,0.0,0.0,0.0,0.0,U,U,,,,,,
TN,Tennessee,202404,N,1501400.0,1354855.0,146545.0,,113380.0,5.0,0.073,128210.0,76447.0,54693.0,34702.0,13515.0,3546.0,U,U,,,,,,
TX,Texas,202404,N,4373607.0,4016919.0,356688.0,,965994.0,1.0,0.023,176477.0,126344.0,16440.0,25384.0,24349.0,400.0,U,U,,,,Updated Renewal Outcomes Reported as of a Different Date Than Three Months After the End of the Original Reporting Period,Updated Renewal Outcomes Reported as of a Different Date Than Three Months After the End of the Original Reporting Period,Updated Renewal Outcomes Reported as of a Different Date Than Three Months After the End of the Original Reporting Period
UT,Utah,202404,Y,340180.0,304888.0,35292.0,,113496.0,13.0,0.193,25564.0,15820.0,5323.0,7495.0,2249.0,0.0,U,U,,,,,,
VA,Virginia,202404,Y,1885478.0,1684915.0,200563.0,,91016.0,1.0,0.016,179317.0,157129.0,110851.0,6694.0,12431.0,3063.0,U,U,,,,,,
VT,Vermont,202404,Y,164394.0,159835.0,4559.0,,21883.0,1.0,0.004,18606.0,13434.0,11055.0,3251.0,1015.0,906.0,U,U,,,,,,
WA,Washington,202404,Y,1872181.0,1822397.0,49784.0,,63321.0,1.0,0.125,103444.0,88034.0,79096.0,11984.0,3402.0,24.0,U,U,,,,,,
WI,Wisconsin,202404,N,1250485.0,1177234.0,73251.0,,262352.0,5.0,0.074,116768.0,87413.0,50409.0,16098.0,13257.0,0.0,U,U,,,,,,
WV,West Virginia,202404,Y,523649.0,481587.0,42062.0,,27494.0,10.0,0.117,26796.0,18913.0,6661.0,6223.0,1606.0,54.0,U,U,Includes Individuals Enrolled At Any Time in Month (Not a Point-in-Time Count),Includes Individuals Enrolled At Any Time in Month (Not a Point-in-Time Count),Includes Individuals Enrolled At Any Time in Month (Not a Point-in-Time Count),,,
WY,Wyoming,202404,N,68135.0,62985.0,5150.0,,11664.0,2.0,0.006,3041.0,2124.0,1453.0,455.0,118.0,344.0,U,U,,,,"Updated Renewal Outcomes May Include Eligibility Actions That Occurred After the Renewal was Processed (e.g., Outcomes Based on a Change in Circumstance or for Individuals Who Returned the Renewal During the Reconsideration Period)","Updated Renewal Outcomes May Include Eligibility Actions That Occurred After the Renewal was Processed (e.g., Outcomes Based on a Change in Circumstance or for Individuals Who Returned the Renewal During the Reconsideration Period)","Updated Renewal Outcomes May Include Eligibility Actions That Occurred After the Renewal was Processed (e.g., Outcomes Based on a Change in Circumstance or for Individuals Who Returned the Renewal During the Reconsideration Period)"
AK,Alaska,202405,Y,251345.0,236543.0,14802.0,,21965.0,8.0,0.12,13959.0,7119.0,4282.0,241.0,1824.0,4775.0,U,U,,,,,,
AL,Alabama,202405,N,996574.0,815198.0,181376.0,,53295.0,1.0,0.042,73603.0,44178.0,31057.0,26458.0,2941.0,26.0,U,U,,,,,,
AR,Arkansas,202405,Y,833504.0,753413.0,80091.0,,125722.0,2.0,0.023,49827.0,41166.0,34919.0,6607.0,2005.0,49.0,U,U,,,,,,
AZ,Arizona,202405,Y,2025230.0,1896946.0,128284.0,,96466.0,5.0,0.073,188504.0,151596.0,133375.0,21951.0,14957.0,0.0,U,U,,,,,,
CA,California,202405,Y,13662057.0,12413515.0,1248542.0,,289981.0,3.0,0.002,1106835.0,840274.0,682751.0,107932.0,45336.0,113293.0,U,U,Includes Limited-Benefit Enrollees,Includes Limited-Benefit Enrollees,Includes Limited-Benefit Enrollees,,,
CO,Colorado,202405,Y,1176566.0,1030785.0,145781.0,,32089.0,10.0,0.171,64356.0,50446.0,32470.0,8181.0,5082.0,647.0,U,U,,,,Updated Renewal Outcomes Reported as of a Different Date Than Three Months After the End of the Original Reporting Period,Updated Renewal Outcomes Reported as of a Different Date Than Three Months After the End of the Original Reporting Period,Updated Renewal Outcomes Reported as of a Different Date Than Three Months After the End of the Original Reporting Period
CT,Connecticut,202405,Y,946784.0,929594.0,17190.0,,123066.0,1.0,0.014,83932.0,75140.0,60688.0,2808.0,4946.0,1038.0,U,U,,,,,,
DC,District of Columbia,202405,Y,265658.0,248639.0,17019.0,,46555.0,0.0,0.02,15311.0,11396.0,8621.0,2467.0,465.0,983.0,U,U,,,,Updated Renewal Outcomes Reported as of a Different Date Than Three Months After the End of the Original Reporting Period,Updated Renewal Outcomes Reported as of a Different Date Than Three Months After the End of the Original Reporting Period,Updated Renewal Outcomes Reported as of a Different Date Than Three Months After the End of the Original Reporting Period
DE,Delaware,202405,Y,265507.0,254217.0,11290.0,,30632.0,1.0,0.202,7973.0,7151.0,5146.0,428.0,352.0,42.0,U,U,,,,,,
FL,Florida,202405,N,3867608.0,3708267.0,159341.0,,2000854.0,26.0,0.267,184829.0,132425.0,65931.0,29376.0,22995.0,33.0,U,U,,,,Updated Renewal Outcomes Reported as of a Different Date Than Three Months After the End of the Original Reporting Period,Updated Renewal Outcomes Reported as of a Different Date Than Three Months After the End of the Original Reporting Period,Updated Renewal Outcomes Reported as of a Different Date Than Three Months After the End of the Original Reporting Period
GA,Georgia,202405,N,2015688.0,1751555.0,264133.0,,103297.0,10.0,0.005,215424.0,162074.0,132132.0,15764.0,37003.0,583.0,U,U,,,,,,
HI,Hawaii,202405,Y,429976.0,407281.0,22695.0,,33097.0,9.0,0.38,78653.0,63731.0,43358.0,10428.0,3841.0,653.0,U,U,,,,,,
IA,Iowa,202405,Y,687589.0,600293.0,87296.0,,26487.0,0.0,0.016,48564.0,37177.0,22546.0,6932.0,2594.0,1861.0,U,U,,,,,,
ID,Idaho,202405,Y,331346.0,309716.0,21630.0,,44729.0,14.0,0.067,29467.0,18088.0,11605.0,9293.0,2086.0,0.0,U,U,,,,,,
IL,Illinois,202405,Y,3396187.0,3095755.0,300432.0,,285798.0,20.0,0.303,277349.0,199369.0,161540.0,48050.0,16814.0,13116.0,U,U,,,,,,
IN,Indiana,202405,Y,1804750.0,1663712.0,141038.0,,273933.0,3.0,0.038,109904.0,92452.0,78093.0,5717.0,3505.0,8230.0,U,U,,,,,,
KS,Kansas,202405,N,431115.0,359780.0,71335.0,,34558.0,0.0,0.005,20568.0,16336.0,4716.0,1464.0,2299.0,469.0,U,U,,,,,,
KY,Kentucky,202405,Y,1471330.0,1338316.0,133014.0,,100837.0,0.0,0.006,94705.0,51938.0,42747.0,30125.0,7748.0,4894.0,U,U,,,,,,
LA,Louisiana,202405,Y,1596429.0,1444834.0,151595.0,,431175.0,2.0,0.08,177959.0,118389.0,96656.0,40872.0,18486.0,212.0,U,U,,,,,,
MA,Massachusetts,202405,Y,1699251.0,1510530.0,188721.0,,258282.0,1.0,0.014,88399.0,73109.0,61882.0,7451.0,7816.0,23.0,U,U,,,,Updated Renewal Outcomes Reported as of a Different Date Than Three Months After the End of the Original Reporting Period,Updated Renewal Outcomes Reported as of a Different Date Than Three Months After the End of the Original Reporting Period,Updated Renewal Outcomes Reported as of a Different Date Than Three Months After the End of the Original Reporting Period
MD,Maryland,202405,Y,1611551.0,1430086.0,181465.0,,50290.0,2.0,0.064,119823.0,76642.0,53588.0,36348.0,4964.0,1869.0,U,U,,,,,,
ME,Maine,202405,Y,367938.0,344554.0,23384.0,,29951.0,4.0,0.09,28431.0,25048.0,7508.0,161.0,1191.0,2031.0,U,U,,,,,,
MI,Michigan,202405,Y,2482925.0,2318292.0,164633.0,,163809.0,0.0,0.005,251071.0,153494.0,96946.0,78943.0,17341.0,1293.0,U,U,,,,,,
MN,Minnesota,202405,Y,1190645.0,1185850.0,4795.0,,29364.0,11.0,0.25,106157.0,80750.0,69719.0,18050.0,7357.0,0.0,U,U,,,,,,
MO,Missouri,202405,Y,1321023.0,1200973.0,120050.0,,91345.0,65.0,0.622,120323.0,60138.0,50056.0,41254.0,5385.0,13546.0,U,U,,,,,,
MS,Mississippi,202405,N,633603.0,549417.0,84186.0,,7207.0,0.0,0.053,45721.0,34734.0,10199.0,8044.0,2940.0,3.0,U,U,,,,,,
MT,Montana,202405,Y,233916.0,212111.0,21805.0,,19959.0,34.0,0.44,15237.0,11422.0,6075.0,2391.0,919.0,505.0,U,U,,,,,,
NC,North Carolina,202405,Y,2739061.0,2394062.0,344999.0,,24983.0,0.0,0.001,272495.0,196353.0,195385.0,20017.0,4017.0,52108.0,U,U,,,,Updated Renewal Outcomes Reported as of a Different Date Than Three Months After the End of the Original Reporting Period,Updated Renewal Outcomes Reported as of a Different Date Than Three Months After the End of the Original Reporting Period,Updated Renewal Outcomes Reported as of a Different Date Than Three Months After the End of the Original Reporting Period
ND,North Dakota,202405,Y,104754.0,100607.0,4147.0,,29087.0,2.0,0.046,8959.0,6644.0,3372.0,1538.0,771.0,6.0,U,U,,,,,,
NE,Nebraska,202405,Y,353233.0,315861.0,37372.0,,35207.0,4.0,0.106,22027.0,15537.0,9265.0,2038.0,2025.0,2427.0,U,U,,,,,,
NH,New Hampshire,202405,Y,185999.0,167605.0,18394.0,,29196.0,3.0,0.04,10803.0,9542.0,8335.0,1009.0,250.0,2.0,U,U,,,,,,
NJ,New Jersey,202405,Y,1896663.0,1646768.0,249895.0,,205253.0,5.0,0.026,206737.0,87571.0,53994.0,57495.0,15049.0,46622.0,U,U,,,,,,
NM,New Mexico,202405,Y,776681.0,736111.0,40570.0,,181587.0,17.0,0.12,30787.0,24785.0,12577.0,3540.0,2451.0,11.0,U,U,,,,,,
NV,Nevada,202405,Y,798692.0,743787.0,54905.0,,104804.0,27.0,0.234,70946.0,49824.0,44121.0,18358.0,2764.0,0.0,U,U,,,,,,
NY,New York,202405,Y,6804319.0,6160220.0,644099.0,,711732.0,2.0,0.073,528551.0,346497.0,187977.0,81205.0,89561.0,11288.0,U,U,,,,,,
OH,Ohio,202405,Y,2915347.0,2680906.0,234441.0,,171915.0,1.0,0.01,225412.0,189538.0,154952.0,20325.0,10490.0,5059.0,U,U,Includes Individuals Enrolled At Any Time in Month (Not a Point-in-Time Count),Includes Individuals Enrolled At Any Time in Month (Not a Point-in-Time Count),Includes Individuals Enrolled At Any Time in Month (Not a Point-in-Time Count),,,
OK,Oklahoma,202405,Y,991317.0,917746.0,73571.0,,97957.0,6.0,0.157,43151.0,31340.0,16196.0,6607.0,4949.0,255.0,U,U,,,,,,
OR,Oregon,202405,Y,1333943.0,1150632.0,183311.0,,83894.0,3.0,0.071,48555.0,30276.0,9013.0,12245.0,5551.0,483.0,U,U,,,,,,
PA,Pennsylvania,202405,Y,3147630.0,2861048.0,286582.0,,265071.0,5.0,0.081,192452.0,159294.0,15191.0,14578.0,18043.0,537.0,U,U,,,,"Updated Renewal Outcomes May Include Eligibility Actions That Occurred After the Renewal was Processed (e.g., Outcomes Based on a Change in Circumstance or for Individuals Who Returned the Renewal During the Reconsideration Period)","Updated Renewal Outcomes May Include Eligibility Actions That Occurred After the Renewal was Processed (e.g., Outcomes Based on a Change in Circumstance or for Individuals Who Returned the Renewal During the Reconsideration Period)","Updated Renewal Outcomes May Include Eligibility Actions That Occurred After the Renewal was Processed (e.g., Outcomes Based on a Change in Circumstance or for Individuals Who Returned the Renewal During the Reconsideration Period)"
RI,Rhode Island,202405,Y,319818.0,287667.0,32151.0,,17249.0,15.0,0.23,1778.0,778.0,525.0,817.0,132.0,51.0,U,U,,,,,,
SC,South Carolina,202405,N,1143670.0,1046543.0,97127.0,,226758.0,8.0,0.141,114697.0,75663.0,61661.0,19074.0,15318.0,4642.0,U,U,,,,,,
SD,South Dakota,202405,Y,130827.0,114569.0,16258.0,,,,,0.0,0.0,0.0,0.0,0.0,0.0,U,U,,,,,,
TN,Tennessee,202405,N,1456825.0,1308253.0,148572.0,,101674.0,1.0,0.017,125901.0,67246.0,46109.0,38589.0,16787.0,3279.0,U,U,,,,,,
TX,Texas,202405,N,4344285.0,3991229.0,353056.0,,978694.0,1.0,0.025,250279.0,170554.0,22526.0,45931.0,33318.0,476.0,U,U,,,,,,
UT,Utah,202405,Y,341011.0,305393.0,35618.0,,119912.0,17.0,0.247,24366.0,15409.0,9195.0,6823.0,2134.0,0.0,U,U,,,,,,
VA,Virginia,202405,Y,1857573.0,1659038.0,198535.0,,85359.0,1.0,0.019,187679.0,170915.0,131744.0,3376.0,9739.0,3649.0,U,U,,,,Updated Renewal Outcomes Reported as of a Different Date Than Three Months After the End of the Original Reporting Period,Updated Renewal Outcomes Reported as of a Different Date Than Three Months After the End of the Original Reporting Period,Updated Renewal Outcomes Reported as of a Different Date Than Three Months After the End of the Original Reporting Period
VT,Vermont,202405,Y,163004.0,158363.0,4641.0,,19321.0,1.0,0.009,9454.0,7660.0,6434.0,949.0,262.0,583.0,U,U,,,,Updated Renewal Outcomes Reported as of a Different Date Than Three Months After the End of the Original Reporting Period,Updated Renewal Outcomes Reported as of a Different Date Than Three Months After the End of the Original Reporting Period,Updated Renewal Outcomes Reported as of a Different Date Than Three Months After the End of the Original Reporting Period
WA,Washington,202405,Y,1858058.0,1807508.0,50550.0,,60014.0,1.0,0.11,113777.0,97986.0,89367.0,13228.0,2528.0,35.0,U,U,,,,Updated Renewal Outcomes Reported as of a Different Date Than Three Months After the End of the Original Reporting Period,Updated Renewal Outcomes Reported as of a Different Date Than Three Months After the End of the Original Reporting Period,Updated Renewal Outcomes Reported as of a Different Date Than Three Months After the End of the Original Reporting Period
WI,Wisconsin,202405,N,1230346.0,1154564.0,75782.0,,251612.0,5.0,0.075,111789.0,85657.0,48302.0,14923.0,11209.0,0.0,U,U,,,,,,
WV,West Virginia,202405,Y,521797.0,480113.0,41684.0,,26584.0,5.0,0.038,28509.0,21946.0,12764.0,4974.0,1547.0,42.0,U,U,Includes Individuals Enrolled At Any Time in Month (Not a Point-in-Time Count),Includes Individuals Enrolled At Any Time in Month (Not a Point-in-Time Count),Includes Individuals Enrolled At Any Time in Month (Not a Point-in-Time Count),,,
WY,Wyoming,202405,N,67911.0,62773.0,5138.0,,12058.0,2.0,0.003,3675.0,2812.0,1897.0,647.0,215.0,1.0,U,U,,,,"Updated Renewal Outcomes May Include Eligibility Actions That Occurred After the Renewal was Processed (e.g., Outcomes Based on a Change in Circumstance or for Individuals Who Returned the Renewal During the Reconsideration Period)","Updated Renewal Outcomes May Include Eligibility Actions That Occurred After the Renewal was Processed (e.g., Outcomes Based on a Change in Circumstance or for Individuals Who Returned the Renewal During the Reconsideration Period)","Updated Renewal Outcomes May Include Eligibility Actions That Occurred After the Renewal was Processed (e.g., Outcomes Based on a Change in Circumstance or for Individuals Who Returned the Renewal During the Reconsideration Period)"
AK,Alaska,202406,Y,251685.0,236933.0,14752.0,,22372.0,8.0,0.13,28825.0,14105.0,10258.0,408.0,2069.0,12243.0,U,U,,,,,,
AL,Alabama,202406,N,974585.0,794917.0,179668.0,,49492.0,1.0,0.046,125138.0,90981.0,53604.0,22140.0,12006.0,11.0,U,U,,,,,,
AR,Arkansas,202406,Y,831669.0,751645.0,80024.0,,132297.0,5.0,0.029,49980.0,42297.0,34666.0,5499.0,2058.0,126.0,U,U,,,,,,
AZ,Arizona,202406,Y,2018755.0,1890596.0,128159.0,,84722.0,5.0,0.074,210994.0,171325.0,152732.0,28013.0,11656.0,0.0,U,U,,,,,,
CA,California,202406,Y,13569483.0,12327797.0,1241686.0,,267644.0,3.0,0.115,834620.0,708851.0,583811.0,46361.0,23048.0,56360.0,U,U,Includes Limited-Benefit Enrollees,Includes Limited-Benefit Enrollees,Includes Limited-Benefit Enrollees,,,
CO,Colorado,202406,Y,1176823.0,1029843.0,146980.0,,26963.0,8.0,0.119,71640.0,56800.0,35169.0,8921.0,5135.0,784.0,U,U,,,,Updated Renewal Outcomes Reported as of a Different Date Than Three Months After the End of the Original Reporting Period,Updated Renewal Outcomes Reported as of a Different Date Than Three Months After the End of the Original Reporting Period,Updated Renewal Outcomes Reported as of a Different Date Than Three Months After the End of the Original Reporting Period
CT,Connecticut,202406,Y,942161.0,923843.0,18318.0,,118578.0,3.0,0.04,74145.0,65619.0,59409.0,2714.0,4702.0,1110.0,U,U,,,,,,
DC,District of Columbia,202406,Y,262528.0,245169.0,17359.0,,35526.0,0.0,0.01,17689.0,14031.0,12008.0,2521.0,488.0,649.0,U,U,,,,Updated Renewal Outcomes Reported as of a Different Date Than Three Months After the End of the Original Reporting Period,Updated Renewal Outcomes Reported as of a Different Date Than Three Months After the End of the Original Reporting Period,Updated Renewal Outcomes Reported as of a Different Date Than Three Months After the End of the Original Reporting Period
DE,Delaware,202406,Y,252239.0,240829.0,11410.0,,31477.0,1.0,0.226,12566.0,10003.0,5966.0,1686.0,832.0,45.0,U,U,,,,,,
FL,Florida,202406,N,3796115.0,3634386.0,161729.0,,1953406.0,20.0,0.306,167862.0,117763.0,59630.0,28506.0,21566.0,27.0,U,U,,,,Updated Renewal Outcomes Reported as of a Different Date Than Three Months After the End of the Original Reporting Period,Updated Renewal Outcomes Reported as of a Different Date Than Three Months After the End of the Original Reporting Period,Updated Renewal Outcomes Reported as of a Different Date Than Three Months After the End of the Original Reporting Period
GA,Georgia,202406,N,2024157.0,1761972.0,262185.0,,93092.0,9.0,0.008,220737.0,138841.0,107458.0,46216.0,34137.0,1543.0,U,U,,,,,,
HI,Hawaii,202406,Y,419336.0,397252.0,22084.0,,28880.0,8.0,0.24,69297.0,58051.0,45514.0,8100.0,2731.0,415.0,U,U,,,,,,
IA,Iowa,202406,Y,686233.0,598431.0,87802.0,,23419.0,0.0,0.008,51421.0,38225.0,25725.0,9950.0,2460.0,786.0,U,U,,,,,,
ID,Idaho,202406,Y,324920.0,304590.0,20330.0,,37395.0,20.0,0.07,23875.0,13638.0,9482.0,8895.0,1342.0,0.0,U,U,,,,,,
IL,Illinois,202406,Y,3332992.0,3040669.0,292323.0,,197485.0,28.0,0.364,182486.0,155758.0,132429.0,12033.0,4597.0,10098.0,U,U,,,,,,
IN,Indiana,202406,Y,1814179.0,1672142.0,142037.0,,246083.0,1.0,0.022,131415.0,110433.0,92492.0,6485.0,3815.0,10682.0,U,U,,,,,,
KS,Kansas,202406,N,408480.0,335509.0,72971.0,,29380.0,0.0,0.003,21095.0,16413.0,5128.0,1861.0,2209.0,612.0,U,U,,,,,,
KY,Kentucky,202406,Y,1425380.0,1293666.0,131714.0,,88180.0,0.0,0.013,58959.0,41337.0,38037.0,11974.0,1213.0,4435.0,U,U,,,,,,
LA,Louisiana,202406,Y,1559351.0,1411760.0,147591.0,,397787.0,2.0,0.07,109054.0,91487.0,79575.0,11309.0,6158.0,100.0,U,U,,,,,,
MA,Massachusetts,202406,Y,1678171.0,1489376.0,188795.0,,212258.0,1.0,0.011,47958.0,42432.0,38366.0,2376.0,3150.0,0.0,U,U,,,,Updated Renewal Outcomes Reported as of a Different Date Than Three Months After the End of the Original Reporting Period,Updated Renewal Outcomes Reported as of a Different Date Than Three Months After the End of the Original Reporting Period,Updated Renewal Outcomes Reported as of a Different Date Than Three Months After the End of the Original Reporting Period
MD,Maryland,202406,Y,1597426.0,1412262.0,185164.0,,45592.0,2.0,0.061,118542.0,82176.0,62481.0,29981.0,4127.0,2258.0,U,U,,,,,,
ME,Maine,202406,Y,367161.0,343644.0,23517.0,,27863.0,7.0,0.14,22139.0,19535.0,7666.0,164.0,1021.0,1419.0,U,U,,,,,,
MI,Michigan,202406,Y,2414136.0,2252419.0,161717.0,,139635.0,0.0,0.005,133432.0,111435.0,85047.0,16286.0,3706.0,2005.0,U,U,,,,,,
MN,Minnesota,202406,Y,1176299.0,1171509.0,4790.0,,26451.0,16.0,0.35,72654.0,59250.0,51554.0,7803.0,5601.0,0.0,U,U,,,,,,
MO,Missouri,202406,Y,1279822.0,1153072.0,126750.0,,89973.0,72.0,0.652,78194.0,51445.0,46782.0,14287.0,1718.0,10744.0,U,U,,,,,,
MS,Mississippi,202406,N,618907.0,534531.0,84376.0,,6835.0,0.0,0.059,49409.0,42708.0,13432.0,5511.0,1190.0,0.0,U,U,,,,,,
MT,Montana,202406,Y,231083.0,209438.0,21645.0,,12392.0,36.0,0.46,20079.0,11463.0,8483.0,3506.0,891.0,4219.0,U,U,,,,,,
NC,North Carolina,202406,Y,2739500.0,2394470.0,345030.0,,23150.0,0.0,0.003,222454.0,167272.0,166576.0,14098.0,2816.0,38268.0,U,U,,,,Updated Renewal Outcomes Reported as of a Different Date Than Three Months After the End of the Original Reporting Period,Updated Renewal Outcomes Reported as of a Different Date Than Three Months After the End of the Original Reporting Period,Updated Renewal Outcomes Reported as of a Different Date Than Three Months After the End of the Original Reporting Period
ND,North Dakota,202406,Y,104660.0,100358.0,4302.0,,26058.0,1.0,0.023,7924.0,6395.0,3340.0,969.0,557.0,3.0,U,U,,,,,,
NE,Nebraska,202406,Y,350394.0,313375.0,37019.0,,31254.0,3.0,0.0923,24409.0,17451.0,10300.0,2372.0,2126.0,2460.0,U,U,,,,,,
NH,New Hampshire,202406,Y,185942.0,167649.0,18293.0,,26801.0,3.0,0.04,10319.0,9265.0,8210.0,874.0,176.0,4.0,U,U,,,,,,
NJ,New Jersey,202406,Y,1853062.0,1605581.0,247481.0,,189272.0,3.0,0.032,123222.0,64833.0,45014.0,25078.0,8331.0,24980.0,U,U,,,,,,
NM,New Mexico,202406,Y,768344.0,727534.0,40810.0,,124648.0,8.0,0.044,34458.0,27738.0,14886.0,4047.0,2657.0,16.0,U,U,,,,Updated Renewal Outcomes Reported as of a Different Date Than Three Months After the End of the Original Reporting Period,Updated Renewal Outcomes Reported as of a Different Date Than Three Months After the End of the Original Reporting Period,Updated Renewal Outcomes Reported as of a Different Date Than Three Months After the End of the Original Reporting Period
NV,Nevada,202406,Y,788481.0,735094.0,53387.0,,99953.0,28.0,0.225,82057.0,60995.0,56245.0,18361.0,2701.0,0.0,U,U,,,,,,
NY,New York,202406,Y,6722355.0,6071030.0,651325.0,,599996.0,2.0,0.049,419452.0,302753.0,177838.0,51499.0,55119.0,10081.0,U,U,,,,,,
OH,Ohio,202406,Y,2895711.0,2661974.0,233737.0,,163010.0,1.0,0.01,223740.0,194263.0,170966.0,18203.0,7299.0,3975.0,U,U,Includes Individuals Enrolled At Any Time in Month (Not a Point-in-Time Count),Includes Individuals Enrolled At Any Time in Month (Not a Point-in-Time Count),Includes Individuals Enrolled At Any Time in Month (Not a Point-in-Time Count),,,
OK,Oklahoma,202406,Y,989605.0,915806.0,73799.0,,88214.0,7.0,0.132,51289.0,31043.0,14761.0,18838.0,1182.0,226.0,U,U,,,,,,
OR,Oregon,202406,Y,1318085.0,1136366.0,181719.0,,84005.0,6.0,0.135,55107.0,31483.0,2845.0,13184.0,8455.0,1985.0,U,U,,,,,,
PA,Pennsylvania,202406,Y,3110289.0,2825529.0,284760.0,,256856.0,7.0,0.115,198472.0,165418.0,18725.0,13742.0,18725.0,587.0,U,U,,,,"Updated Renewal Outcomes May Include Eligibility Actions That Occurred After the Renewal was Processed (e.g., Outcomes Based on a Change in Circumstance or for Individuals Who Returned the Renewal During the Reconsideration Period)","Updated Renewal Outcomes May Include Eligibility Actions That Occurred After the Renewal was Processed (e.g., Outcomes Based on a Change in Circumstance or for Individuals Who Returned the Renewal During the Reconsideration Period)","Updated Renewal Outcomes May Include Eligibility Actions That Occurred After the Renewal was Processed (e.g., Outcomes Based on a Change in Circumstance or for Individuals Who Returned the Renewal During the Reconsideration Period)"
RI,Rhode Island,202406,Y,317487.0,286020.0,31467.0,,14159.0,14.0,0.201,11571.0,8784.0,8399.0,1063.0,654.0,1070.0,U,U,,,,,,
SC,South Carolina,202406,N,1117476.0,1021062.0,96414.0,,169812.0,4.0,0.089,153867.0,98905.0,78401.0,29955.0,24597.0,410.0,U,U,,,,,,
SD,South Dakota,202406,Y,133438.0,116987.0,16451.0,,,,,0.0,0.0,0.0,0.0,0.0,0.0,U,U,,,,,,
TN,Tennessee,202406,N,1456541.0,1302537.0,154004.0,,86609.0,1.0,0.005,47682.0,36433.0,28596.0,5697.0,4724.0,828.0,U,U,,,,,,
TX,Texas,202406,N,4300313.0,3953490.0,346823.0,,1038392.0,1.0,0.026,212762.0,148721.0,20038.0,36203.0,27508.0,330.0,U,U,,,,,,
UT,Utah,202406,Y,340602.0,304932.0,35670.0,,110057.0,22.0,0.241,22673.0,14387.0,8761.0,6634.0,1652.0,0.0,U,U,,,,,,
VA,Virginia,202406,Y,1845447.0,1646496.0,198951.0,,72004.0,1.0,0.021,103996.0,91961.0,60306.0,3568.0,7265.0,1202.0,U,U,,,,Updated Renewal Outcomes Reported as of a Different Date Than Three Months After the End of the Original Reporting Period,Updated Renewal Outcomes Reported as of a Different Date Than Three Months After the End of the Original Reporting Period,Updated Renewal Outcomes Reported as of a Different Date Than Three Months After the End of the Original Reporting Period
VT,Vermont,202406,Y,160539.0,155849.0,4690.0,,17087.0,1.0,0.005,8532.0,7195.0,5938.0,782.0,321.0,234.0,U,U,,,,,,
WA,Washington,202406,Y,1845081.0,1793822.0,51259.0,,52914.0,1.0,0.11,117862.0,102009.0,94312.0,13536.0,2296.0,21.0,U,U,,,,Updated Renewal Outcomes Reported as of a Different Date Than Three Months After the End of the Original Reporting Period,Updated Renewal Outcomes Reported as of a Different Date Than Three Months After the End of the Original Reporting Period,Updated Renewal Outcomes Reported as of a Different Date Than Three Months After the End of the Original Reporting Period
WI,Wisconsin,202406,N,1213972.0,1137536.0,76436.0,,243439.0,6.0,0.1,84747.0,60366.0,35497.0,14251.0,10130.0,0.0,U,U,,,,,,
WV,West Virginia,202406,Y,520324.0,478869.0,41455.0,,24143.0,9.0,0.136,28713.0,22523.0,16075.0,4896.0,1280.0,14.0,U,U,Includes Individuals Enrolled At Any Time in Month (Not a Point-in-Time Count),Includes Individuals Enrolled At Any Time in Month (Not a Point-in-Time Count),Includes Individuals Enrolled At Any Time in Month (Not a Point-in-Time Count),,,
WY,Wyoming,202406,N,67548.0,62330.0,5218.0,,10193.0,1.0,0.001,4531.0,2337.0,1313.0,1074.0,879.0,241.0,U,U,,,,"Updated Renewal Outcomes May Include Eligibility Actions That Occurred After the Renewal was Processed (e.g., Outcomes Based on a Change in Circumstance or for Individuals Who Returned the Renewal During the Reconsideration Period)","Updated Renewal Outcomes May Include Eligibility Actions That Occurred After the Renewal was Processed (e.g., Outcomes Based on a Change in Circumstance or for Individuals Who Returned the Renewal During the Reconsideration Period)","Updated Renewal Outcomes May Include Eligibility Actions That Occurred After the Renewal was Processed (e.g., Outcomes Based on a Change in Circumstance or for Individuals Who Returned the Renewal During the Reconsideration Period)"
AK,Alaska,202407,Y,252541.0,237658.0,14883.0,153011.0,28449.0,20.0,0.22,35155.0,14335.0,9852.0,328.0,2077.0,18415.0,U,U,,,,,,
AL,Alabama,202407,N,975887.0,794429.0,181458.0,295040.0,56724.0,1.0,0.058,126166.0,90839.0,48798.0,21877.0,13450.0,0.0,U,U,,,,,,
AR,Arkansas,202407,Y,832794.0,752678.0,80116.0,416277.0,143709.0,2.0,0.013,55130.0,45584.0,35900.0,7451.0,1924.0,171.0,U,U,,,,,,
AZ,Arizona,202407,Y,2004314.0,1877216.0,127098.0,1161662.0,85938.0,7.0,0.117,196394.0,157252.0,141232.0,26106.0,13036.0,0.0,U,U,,,,,,
CA,California,202407,Y,13554050.0,12314258.0,1239792.0,8491019.0,290758.0,5.0,0.008,834973.0,720973.0,587143.0,45762.0,22979.0,45259.0,U,U,Includes Limited-Benefit Enrollees,Includes Limited-Benefit Enrollees,Includes Limited-Benefit Enrollees,,,
CO,Colorado,202407,Y,1187076.0,1039150.0,147926.0,656425.0,28935.0,6.0,0.112,77736.0,63095.0,43518.0,8222.0,5325.0,1094.0,U,U,,,,,,
CT,Connecticut,202407,Y,941447.0,922078.0,19369.0,574150.0,137742.0,5.0,0.055,96999.0,85252.0,76625.0,4293.0,6052.0,1402.0,U,U,,,,,,
DC,District of Columbia,202407,Y,260958.0,243420.0,17538.0,165323.0,41011.0,1.0,0.02,21272.0,17190.0,14687.0,2834.0,488.0,760.0,U,U,,,,Updated Renewal Outcomes Reported as of a Different Date Than Three Months After the End of the Original Reporting Period,Updated Renewal Outcomes Reported as of a Different Date Than Three Months After the End of the Original Reporting Period,Updated Renewal Outcomes Reported as of a Different Date Than Three Months After the End of the Original Reporting Period
DE,Delaware,202407,Y,250910.0,239348.0,11562.0,140511.0,35905.0,1.0,0.229,,,,,,,U,U,,,,Updated Renewal Outcomes Not Reported for the Month,Updated Renewal Outcomes Not Reported for the Month,Updated Renewal Outcomes Not Reported for the Month
FL,Florida,202407,N,3796877.0,3635266.0,161611.0,1357706.0,2385025.0,27.0,0.376,191131.0,129575.0,71891.0,38789.0,22729.0,38.0,U,U,,,,Updated Renewal Outcomes Reported as of a Different Date Than Three Months After the End of the Original Reporting Period,Updated Renewal Outcomes Reported as of a Different Date Than Three Months After the End of the Original Reporting Period,Updated Renewal Outcomes Reported as of a Different Date Than Three Months After the End of the Original Reporting Period
GA,Georgia,202407,N,2022501.0,1762079.0,260422.0,589657.0,36981.0,10.0,0.01,225631.0,140156.0,97007.0,41819.0,39953.0,3703.0,U,U,,,,,,
HI,Hawaii,202407,Y,407552.0,386276.0,21276.0,254878.0,29453.0,11.0,0.25,74260.0,61914.0,46065.0,9028.0,2960.0,358.0,U,U,,,,,,
IA,Iowa,202407,Y,685050.0,597059.0,87991.0,343215.0,26419.0,2.0,0.083,59754.0,43913.0,28236.0,11363.0,2697.0,1781.0,U,U,,,,,,
ID,Idaho,202407,Y,321164.0,300833.0,20331.0,162278.0,39594.0,22.0,0.071,23702.0,13815.0,9837.0,8481.0,1406.0,0.0,U,U,,,,,,
IL,Illinois,202407,Y,3283600.0,2997607.0,285993.0,1832878.0,357309.0,37.0,0.444,274329.0,229589.0,196928.0,25807.0,5203.0,13730.0,U,U,,,,,,
IN,Indiana,202407,Y,1790270.0,1650334.0,139936.0,969591.0,286185.0,3.0,0.054,122092.0,101182.0,83990.0,6206.0,3894.0,10810.0,U,U,,,,,,
KS,Kansas,202407,N,418395.0,343922.0,74473.0,135244.0,36913.0,0.0,0.014,36109.0,27023.0,8856.0,2770.0,5171.0,1145.0,U,U,,,,,,
KY,Kentucky,202407,Y,1398791.0,1270885.0,127906.0,764637.0,95844.0,1.0,0.02,40719.0,36036.0,32781.0,280.0,907.0,3496.0,U,U,,,,,,
LA,Louisiana,202407,Y,1534922.0,1387094.0,147828.0,822482.0,382717.0,4.0,0.078,111275.0,90754.0,75240.0,13487.0,6837.0,197.0,U,U,,,,,,
MA,Massachusetts,202407,Y,1690301.0,1499826.0,190475.0,983200.0,259990.0,1.0,0.011,48463.0,43791.0,40043.0,1808.0,2864.0,0.0,U,U,,,,Updated Renewal Outcomes Reported as of a Different Date Than Three Months After the End of the Original Reporting Period,Updated Renewal Outcomes Reported as of a Different Date Than Three Months After the End of the Original Reporting Period,Updated Renewal Outcomes Reported as of a Different Date Than Three Months After the End of the Original Reporting Period
MD,Maryland,202407,Y,1576007.0,1386286.0,189721.0,872036.0,60467.0,2.0,0.076,134211.0,91851.0,65179.0,35922.0,4730.0,1708.0,U,U,,,,,,
ME,Maine,202407,Y,368390.0,344585.0,23805.0,225692.0,33002.0,6.0,0.12,28485.0,26876.0,20367.0,678.0,808.0,123.0,U,U,,,,,,
MI,Michigan,202407,Y,2374185.0,2213997.0,160188.0,1446797.0,154373.0,0.0,0.005,166969.0,135785.0,102304.0,19267.0,8394.0,3523.0,U,U,,,,,,
MN,Minnesota,202407,Y,1185727.0,1180899.0,4828.0,591880.0,30616.0,13.0,0.31,81407.0,67628.0,60068.0,10437.0,3342.0,0.0,U,U,,,,,,
MO,Missouri,202407,Y,1289648.0,1158700.0,130948.0,660999.0,110260.0,47.0,0.557,75429.0,43272.0,38787.0,19613.0,1682.0,10862.0,U,U,,,,,,
MS,Mississippi,202407,N,609320.0,525418.0,83902.0,209417.0,7778.0,0.0,0.034,53505.0,45020.0,20914.0,7036.0,1449.0,0.0,U,U,,,,,,
MT,Montana,202407,Y,226910.0,205343.0,21567.0,128894.0,21269.0,38.0,0.51,21336.0,15241.0,8383.0,4251.0,1180.0,664.0,U,U,,,,,,
NC,North Carolina,202407,Y,2745218.0,2400807.0,344411.0,1356901.0,24382.0,0.0,0.005,220049.0,167716.0,167006.0,14666.0,2794.0,34873.0,U,U,,,,Updated Renewal Outcomes Reported as of a Different Date Than Three Months After the End of the Original Reporting Period,Updated Renewal Outcomes Reported as of a Different Date Than Three Months After the End of the Original Reporting Period,Updated Renewal Outcomes Reported as of a Different Date Than Three Months After the End of the Original Reporting Period
ND,North Dakota,202407,Y,105346.0,100953.0,4393.0,53834.0,27995.0,1.0,0.032,7896.0,6349.0,3129.0,908.0,632.0,7.0,U,U,,,,,,
NE,Nebraska,202407,Y,350106.0,313040.0,37066.0,169927.0,36426.0,4.0,0.1356,30685.0,21005.0,12191.0,3561.0,2801.0,3318.0,U,U,,,,,,
NH,New Hampshire,202407,Y,186122.0,167852.0,18270.0,96485.0,32278.0,3.0,0.06,10545.0,9399.0,8325.0,950.0,195.0,1.0,U,U,,,,,,
NJ,New Jersey,202407,Y,1809109.0,1565180.0,243929.0,991861.0,217180.0,4.0,0.035,82446.0,42178.0,25162.0,13727.0,5728.0,20813.0,U,U,,,,,,
NM,New Mexico,202407,Y,783431.0,733128.0,50303.0,447284.0,151442.0,7.0,0.039,41507.0,30766.0,16377.0,7827.0,2901.0,13.0,U,U,,,,,,
NV,Nevada,202407,Y,766157.0,714632.0,51525.0,439039.0,107404.0,30.0,0.243,68105.0,52339.0,49481.0,13884.0,1882.0,0.0,U,U,,,,,,
NY,New York,202407,Y,6705425.0,6049040.0,656385.0,4235449.0,679449.0,2.0,0.026,437944.0,325027.0,192773.0,47822.0,54156.0,10939.0,U,U,,,,,,
OH,Ohio,202407,Y,2883680.0,2650284.0,233396.0,1674825.0,180553.0,1.0,0.01,241165.0,208545.0,184146.0,20968.0,8469.0,3183.0,U,U,Includes Individuals Enrolled At Any Time in Month (Not a Point-in-Time Count),Includes Individuals Enrolled At Any Time in Month (Not a Point-in-Time Count),Includes Individuals Enrolled At Any Time in Month (Not a Point-in-Time Count),Updated Renewal Outcomes Reported as of a Different Date Than Three Months After the End of the Original Reporting Period,Updated Renewal Outcomes Reported as of a Different Date Than Three Months After the End of the Original Reporting Period,Updated Renewal Outcomes Reported as of a Different Date Than Three Months After the End of the Original Reporting Period
OK,Oklahoma,202407,Y,987674.0,915310.0,72364.0,468433.0,108918.0,16.0,0.211,61787.0,39015.0,24452.0,15884.0,5219.0,1669.0,U,U,,,,,,
OR,Oregon,202407,Y,1287121.0,1106100.0,181021.0,809629.0,107664.0,8.0,0.166,3573.0,3076.0,1742.0,275.0,180.0,42.0,U,U,,,,,,
PA,Pennsylvania,202407,Y,3118882.0,2833381.0,285501.0,1664636.0,327633.0,11.0,0.215,207799.0,173588.0,18290.0,13344.0,19958.0,909.0,U,U,,,,"Updated Renewal Outcomes May Include Eligibility Actions That Occurred After the Renewal was Processed (e.g., Outcomes Based on a Change in Circumstance or for Individuals Who Returned the Renewal During the Reconsideration Period)","Updated Renewal Outcomes May Include Eligibility Actions That Occurred After the Renewal was Processed (e.g., Outcomes Based on a Change in Circumstance or for Individuals Who Returned the Renewal During the Reconsideration Period)","Updated Renewal Outcomes May Include Eligibility Actions That Occurred After the Renewal was Processed (e.g., Outcomes Based on a Change in Circumstance or for Individuals Who Returned the Renewal During the Reconsideration Period)"
RI,Rhode Island,202407,Y,318081.0,286470.0,31611.0,195338.0,16273.0,10.0,0.169,11401.0,10158.0,9731.0,786.0,383.0,74.0,U,U,,,,,,
SC,South Carolina,202407,N,1087398.0,992635.0,94763.0,431659.0,171402.0,3.0,0.062,144194.0,101332.0,81606.0,24966.0,17301.0,595.0,U,U,Includes Retroactive Enrollments,Includes Retroactive Enrollments,Includes Retroactive Enrollments,Updated Renewal Outcomes Reported as of a Different Date Than Three Months After the End of the Original Reporting Period,Updated Renewal Outcomes Reported as of a Different Date Than Three Months After the End of the Original Reporting Period,Updated Renewal Outcomes Reported as of a Different Date Than Three Months After the End of the Original Reporting Period
SD,South Dakota,202407,Y,135981.0,119670.0,16311.0,56646.0,,,,0.0,0.0,0.0,0.0,0.0,0.0,U,U,,,,,,
TN,Tennessee,202407,N,1459868.0,1303080.0,156788.0,611244.0,98188.0,0.0,0.007,52824.0,42413.0,33753.0,6025.0,3829.0,557.0,U,U,,,,,,
TX,Texas,202407,N,4305215.0,3957595.0,347620.0,1015786.0,1036872.0,3.0,0.058,260949.0,179036.0,26419.0,48023.0,30567.0,3323.0,U,U,,,,,,
UT,Utah,202407,Y,341019.0,305127.0,35892.0,165039.0,122199.0,24.0,0.223,24763.0,15942.0,10435.0,7323.0,1498.0,0.0,U,U,,,,,,
VA,Virginia,202407,Y,1840540.0,1641193.0,199347.0,967398.0,79173.0,1.0,0.013,118146.0,106139.0,68789.0,3695.0,6201.0,2111.0,U,U,,,,,,
VT,Vermont,202407,Y,160189.0,155423.0,4766.0,100934.0,18635.0,1.0,0.01,9083.0,7670.0,6439.0,771.0,320.0,322.0,U,U,,,,,,
WA,Washington,202407,Y,1844244.0,1790895.0,53349.0,1003276.0,54988.0,1.0,0.11,118743.0,103747.0,96082.0,12442.0,2517.0,37.0,U,U,,,,Updated Renewal Outcomes Reported as of a Different Date Than Three Months After the End of the Original Reporting Period,Updated Renewal Outcomes Reported as of a Different Date Than Three Months After the End of the Original Reporting Period,Updated Renewal Outcomes Reported as of a Different Date Than Three Months After the End of the Original Reporting Period
WI,Wisconsin,202407,N,1202371.0,1125237.0,77134.0,634411.0,274051.0,6.0,0.106,54899.0,40245.0,17968.0,5969.0,8685.0,0.0,U,U,,,,,,
WV,West Virginia,202407,Y,520781.0,479452.0,41329.0,310053.0,42980.0,16.0,0.233,36635.0,28912.0,21065.0,6265.0,1412.0,46.0,U,U,Includes Individuals Enrolled At Any Time in Month (Not a Point-in-Time Count),Includes Individuals Enrolled At Any Time in Month (Not a Point-in-Time Count),Includes Individuals Enrolled At Any Time in Month (Not a Point-in-Time Count),,,
WY,Wyoming,202407,N,66620.0,61360.0,5260.0,22036.0,12324.0,1.0,0.001,6632.0,4149.0,2716.0,1253.0,647.0,583.0,U,U,,,,"Updated Renewal Outcomes May Include Eligibility Actions That Occurred After the Renewal was Processed (e.g., Outcomes Based on a Change in Circumstance or for Individuals Who Returned the Renewal During the Reconsideration Period)","Updated Renewal Outcomes May Include Eligibility Actions That Occurred After the Renewal was Processed (e.g., Outcomes Based on a Change in Circumstance or for Individuals Who Returned the Renewal During the Reconsideration Period)","Updated Renewal Outcomes May Include Eligibility Actions That Occurred After the Renewal was Processed (e.g., Outcomes Based on a Change in Circumstance or for Individuals Who Returned the Renewal During the Reconsideration Period)"
AK,Alaska,202408,Y,252630.0,237623.0,15007.0,153083.0,33589.0,44.0,0.39,32391.0,15247.0,6879.0,2964.0,2730.0,11450.0,U,U,,,,,,
AL,Alabama,202408,N,962386.0,780061.0,182325.0,280470.0,60986.0,2.0,0.073,117884.0,84961.0,43030.0,20688.0,12230.0,5.0,U,U,,,,,,
AR,Arkansas,202408,Y,832730.0,752164.0,80566.0,413250.0,194353.0,13.0,0.02,55168.0,45277.0,33109.0,7404.0,2316.0,171.0,U,U,,,,Updated Renewal Outcomes Reported as of a Different Date Than Three Months After the End of the Original Reporting Period,Updated Renewal Outcomes Reported as of a Different Date Than Three Months After the End of the Original Reporting Period,Updated Renewal Outcomes Reported as of a Different Date Than Three Months After the End of the Original Reporting Period
AZ,Arizona,202408,Y,1994710.0,1869385.0,125325.0,1153861.0,94566.0,6.0,0.086,221086.0,172948.0,155548.0,33281.0,14857.0,0.0,U,U,,,,,,
CA,California,202408,Y,13567369.0,12326102.0,1241267.0,8497290.0,285548.0,5.0,0.007,808740.0,702393.0,566022.0,43593.0,22298.0,40456.0,U,U,Includes Limited-Benefit Enrollees,Includes Limited-Benefit Enrollees,Includes Limited-Benefit Enrollees,,,
CO,Colorado,202408,Y,1199006.0,1049917.0,149089.0,665030.0,30833.0,7.0,0.048,74949.0,59488.0,38325.0,8568.0,6092.0,801.0,U,U,,,,,,
CT,Connecticut,202408,Y,939791.0,919222.0,20569.0,572592.0,142586.0,12.0,0.149,88964.0,78717.0,71109.0,3889.0,5232.0,1126.0,U,U,,,,,,
DC,District of Columbia,202408,Y,258851.0,241329.0,17522.0,163126.0,38946.0,0.0,0.02,20355.0,16425.0,13766.0,2637.0,455.0,838.0,U,U,,,,Updated Renewal Outcomes Reported as of a Different Date Than Three Months After the End of the Original Reporting Period,Updated Renewal Outcomes Reported as of a Different Date Than Three Months After the End of the Original Reporting Period,Updated Renewal Outcomes Reported as of a Different Date Than Three Months After the End of the Original Reporting Period
DE,Delaware,202408,Y,251307.0,239770.0,11537.0,140503.0,23151.0,1.0,0.174,17110.0,14572.0,9033.0,1564.0,916.0,58.0,U,U,,,,,,
FL,Florida,202408,N,3808822.0,3645397.0,163425.0,1362704.0,2543762.0,33.0,0.316,225974.0,145195.0,40849.0,51724.0,28993.0,62.0,U,U,,,,Updated Renewal Outcomes Reported as of a Different Date Than Three Months After the End of the Original Reporting Period,Updated Renewal Outcomes Reported as of a Different Date Than Three Months After the End of the Original Reporting Period,Updated Renewal Outcomes Reported as of a Different Date Than Three Months After the End of the Original Reporting Period
GA,Georgia,202408,N,2017493.0,1763780.0,253713.0,585872.0,28796.0,16.0,0.03,279409.0,192584.0,126783.0,45560.0,37570.0,3695.0,U,U,,,,,,
HI,Hawaii,202408,Y,402594.0,381214.0,21380.0,250736.0,28236.0,9.0,0.23,32850.0,30618.0,24772.0,1468.0,600.0,164.0,U,U,,,,,,
IA,Iowa,202408,Y,684700.0,596291.0,88409.0,342600.0,28543.0,4.0,0.135,64381.0,49135.0,27540.0,10256.0,3134.0,1856.0,U,U,,,,,,
ID,Idaho,202408,Y,317463.0,297155.0,20308.0,159653.0,37795.0,32.0,0.08,19703.0,13097.0,9516.0,5532.0,1074.0,0.0,U,U,,,,,,
IL,Illinois,202408,Y,3276274.0,2989341.0,286933.0,1826820.0,341896.0,32.0,0.408,258641.0,219035.0,188502.0,25274.0,5067.0,9265.0,U,U,,,,,,
IN,Indiana,202408,Y,1790825.0,1649176.0,141649.0,967879.0,277900.0,5.0,0.079,119950.0,99254.0,81254.0,6410.0,3423.0,10863.0,U,U,,,,,,
KS,Kansas,202408,N,418804.0,343046.0,75758.0,133328.0,30276.0,0.0,0.015,28551.0,24806.0,14733.0,953.0,2332.0,460.0,U,U,,,,,,
KY,Kentucky,202408,Y,1395796.0,1267994.0,127802.0,763906.0,94160.0,0.0,0.01,36136.0,31825.0,28920.0,40.0,939.0,3332.0,U,U,,,,,,
LA,Louisiana,202408,Y,1534598.0,1386575.0,148023.0,820687.0,384420.0,4.0,0.081,103637.0,86731.0,72691.0,11350.0,5384.0,172.0,U,U,,,,,,
MA,Massachusetts,202408,Y,1678964.0,1486427.0,192537.0,969696.0,254224.0,1.0,0.008,69473.0,61724.0,54098.0,3558.0,4191.0,0.0,U,U,,,,,,
MD,Maryland,202408,Y,1560517.0,1367750.0,192767.0,859610.0,59735.0,4.0,0.122,130629.0,84037.0,59347.0,35343.0,10131.0,1118.0,U,U,,,,,,
ME,Maine,202408,Y,368709.0,343758.0,24951.0,225544.0,36278.0,5.0,0.1,64311.0,43186.0,33953.0,15008.0,4305.0,1812.0,U,U,,,,,,
MI,Michigan,202408,Y,2384694.0,2223535.0,161159.0,1452906.0,157299.0,0.0,0.005,190512.0,152214.0,112532.0,26481.0,9453.0,2364.0,U,U,,,,,,
MN,Minnesota,202408,Y,1185909.0,1181085.0,4824.0,591185.0,32135.0,18.0,0.37,80839.0,65890.0,57496.0,12707.0,2242.0,0.0,U,U,,,,,,
MO,Missouri,202408,Y,1290815.0,1156663.0,134152.0,662882.0,123708.0,46.0,0.611,88200.0,49525.0,45070.0,20985.0,2734.0,14956.0,U,U,,,,,,
MS,Mississippi,202408,N,610264.0,526036.0,84228.0,209304.0,7217.0,0.0,0.02,49072.0,41134.0,19962.0,6497.0,1441.0,0.0,U,U,,,,Updated Renewal Outcomes Reported as of a Different Date Than Three Months After the End of the Original Reporting Period,Updated Renewal Outcomes Reported as of a Different Date Than Three Months After the End of the Original Reporting Period,Updated Renewal Outcomes Reported as of a Different Date Than Three Months After the End of the Original Reporting Period
MT,Montana,202408,Y,225565.0,204066.0,21499.0,128054.0,22168.0,38.0,0.52,22842.0,14887.0,7869.0,5364.0,2006.0,585.0,U,U,,,,,,
NC,North Carolina,202408,Y,2765993.0,2422122.0,343871.0,1362513.0,24468.0,0.0,0.005,210072.0,157912.0,157316.0,13828.0,2615.0,35717.0,U,U,,,,,,
ND,North Dakota,202408,Y,106054.0,101443.0,4611.0,54205.0,28146.0,1.0,0.019,8580.0,6846.0,3163.0,1057.0,667.0,10.0,U,U,,,,,,
NE,Nebraska,202408,Y,351117.0,313753.0,37364.0,170360.0,35576.0,7.0,0.1819,29668.0,19982.0,11307.0,3660.0,2653.0,3373.0,U,U,,,,,,
NH,New Hampshire,202408,Y,185923.0,167603.0,18320.0,96200.0,33803.0,4.0,0.07,12395.0,10860.0,9602.0,1264.0,253.0,18.0,U,U,,,,,,
NJ,New Jersey,202408,Y,1781178.0,1537064.0,244114.0,973928.0,201072.0,4.0,0.046,117451.0,67914.0,39686.0,18406.0,8258.0,22873.0,U,U,,,,,,
NM,New Mexico,202408,Y,782800.0,732268.0,50532.0,437352.0,141122.0,4.0,0.007,48817.0,30276.0,18353.0,15882.0,2649.0,10.0,U,U,,,,,,
NV,Nevada,202408,Y,760192.0,709305.0,50887.0,433083.0,110502.0,35.0,0.277,59688.0,44435.0,41631.0,13369.0,1884.0,0.0,U,U,,,,,,
NY,New York,202408,Y,6692415.0,6030938.0,661477.0,4222235.0,667802.0,1.0,0.02,424201.0,323624.0,186521.0,40816.0,51030.0,8731.0,U,U,,,,,,
OH,Ohio,202408,Y,2877085.0,2643258.0,233827.0,1667452.0,173011.0,1.0,0.02,252200.0,222556.0,196458.0,18971.0,9040.0,1633.0,U,U,Includes Individuals Enrolled At Any Time in Month (Not a Point-in-Time Count),Includes Individuals Enrolled At Any Time in Month (Not a Point-in-Time Count),Includes Individuals Enrolled At Any Time in Month (Not a Point-in-Time Count),,,
OK,Oklahoma,202408,Y,987423.0,914461.0,72962.0,464622.0,111117.0,19.0,0.273,62125.0,39653.0,27690.0,16985.0,5161.0,326.0,U,U,,,,,,
OR,Oregon,202408,Y,1293500.0,1111089.0,182411.0,814881.0,110699.0,9.0,0.186,2001.0,1714.0,1698.0,161.0,103.0,23.0,U,U,,,,,,
PA,Pennsylvania,202408,Y,3123715.0,2835343.0,288372.0,1664971.0,313935.0,19.0,0.305,226895.0,186182.0,18621.0,15125.0,23555.0,2033.0,U,U,,,,"Updated Renewal Outcomes May Include Eligibility Actions That Occurred After the Renewal was Processed (e.g., Outcomes Based on a Change in Circumstance or for Individuals Who Returned the Renewal During the Reconsideration Period)","Updated Renewal Outcomes May Include Eligibility Actions That Occurred After the Renewal was Processed (e.g., Outcomes Based on a Change in Circumstance or for Individuals Who Returned the Renewal During the Reconsideration Period)","Updated Renewal Outcomes May Include Eligibility Actions That Occurred After the Renewal was Processed (e.g., Outcomes Based on a Change in Circumstance or for Individuals Who Returned the Renewal During the Reconsideration Period)"
RI,Rhode Island,202408,Y,318769.0,287248.0,31521.0,195577.0,13902.0,14.0,0.188,11299.0,9553.0,9150.0,1266.0,404.0,76.0,U,U,,,,,,
SC,South Carolina,202408,N,1068723.0,974297.0,94426.0,420957.0,158355.0,2.0,0.049,39235.0,29215.0,20828.0,1960.0,7920.0,140.0,U,U,Includes Retroactive Enrollments,Includes Retroactive Enrollments,Includes Retroactive Enrollments,Updated Renewal Outcomes Reported as of a Different Date Than Three Months After the End of the Original Reporting Period,Updated Renewal Outcomes Reported as of a Different Date Than Three Months After the End of the Original Reporting Period,Updated Renewal Outcomes Reported as of a Different Date Than Three Months After the End of the Original Reporting Period
SD,South Dakota,202408,Y,138437.0,121976.0,16461.0,57942.0,,,,0.0,0.0,0.0,0.0,0.0,0.0,U,U,,,,Please Refer to the Original Data Published for This Reporting Period,Please Refer to the Original Data Published for This Reporting Period,Please Refer to the Original Data Published for This Reporting Period
TN,Tennessee,202408,N,1451649.0,1289643.0,162006.0,601729.0,93054.0,0.0,0.006,73879.0,61390.0,48335.0,7665.0,4316.0,508.0,U,U,,,,,,
TX,Texas,202408,N,4311942.0,3963801.0,348141.0,1011586.0,863745.0,0.0,0.01,394584.0,275673.0,67797.0,77214.0,37298.0,4399.0,U,U,,,,,,
UT,Utah,202408,Y,342499.0,306112.0,36387.0,165311.0,121905.0,20.0,0.224,25205.0,16345.0,10030.0,7131.0,1729.0,0.0,U,U,,,,,,
VA,Virginia,202408,Y,1836848.0,1638680.0,198168.0,963982.0,83080.0,1.0,0.019,129145.0,113838.0,74458.0,4501.0,10139.0,667.0,U,U,,,,,,
VT,Vermont,202408,Y,159959.0,155116.0,4843.0,100679.0,18202.0,1.0,0.024,12858.0,10204.0,9050.0,1754.0,430.0,470.0,U,U,,,,,,
WA,Washington,202408,Y,1839143.0,1784074.0,55069.0,998122.0,56256.0,1.0,0.08,113274.0,100223.0,93313.0,10821.0,2212.0,18.0,U,U,,,,Updated Renewal Outcomes Reported as of a Different Date Than Three Months After the End of the Original Reporting Period,Updated Renewal Outcomes Reported as of a Different Date Than Three Months After the End of the Original Reporting Period,Updated Renewal Outcomes Reported as of a Different Date Than Three Months After the End of the Original Reporting Period
WI,Wisconsin,202408,N,1201279.0,1124142.0,77137.0,632354.0,282686.0,9.0,0.15,59233.0,42927.0,17866.0,6423.0,9883.0,0.0,U,U,,,,,,
WV,West Virginia,202408,Y,520403.0,478843.0,41560.0,309932.0,28706.0,11.0,0.159,37088.0,29283.0,21000.0,6155.0,1649.0,1.0,U,U,Includes Individuals Enrolled At Any Time in Month (Not a Point-in-Time Count),Includes Individuals Enrolled At Any Time in Month (Not a Point-in-Time Count),Includes Individuals Enrolled At Any Time in Month (Not a Point-in-Time Count),,,
WY,Wyoming,202408,N,65653.0,60255.0,5398.0,21469.0,12363.0,1.0,0.001,5954.0,3893.0,2595.0,1015.0,422.0,624.0,U,U,,,,"Updated Renewal Outcomes May Include Eligibility Actions That Occurred After the Renewal was Processed (e.g., Outcomes Based on a Change in Circumstance or for Individuals Who Returned the Renewal During the Reconsideration Period)","Updated Renewal Outcomes May Include Eligibility Actions That Occurred After the Renewal was Processed (e.g., Outcomes Based on a Change in Circumstance or for Individuals Who Returned the Renewal During the Reconsideration Period)","Updated Renewal Outcomes May Include Eligibility Actions That Occurred After the Renewal was Processed (e.g., Outcomes Based on a Change in Circumstance or for Individuals Who Returned the Renewal During the Reconsideration Period)"
AK,Alaska,202409,Y,253275.0,238239.0,15036.0,153542.0,31983.0,53.0,0.47,21830.0,10602.0,7111.0,351.0,1642.0,9235.0,U,U,,,,,,
AL,Alabama,202409,N,962028.0,779805.0,182223.0,280217.0,53876.0,2.0,0.082,119706.0,86492.0,45506.0,18864.0,14338.0,12.0,U,U,,,,,,
AR,Arkansas,202409,Y,827996.0,747442.0,80554.0,406088.0,253580.0,10.0,0.016,59599.0,50103.0,38270.0,6844.0,2617.0,35.0,U,U,,,,,,
AZ,Arizona,202409,Y,1975515.0,1848285.0,127230.0,1138976.0,81920.0,6.0,0.093,177350.0,136220.0,119641.0,27674.0,13456.0,0.0,U,U,,,,,,
CA,California,202409,Y,13539795.0,12298348.0,1241447.0,8484268.0,272058.0,5.0,0.017,836813.0,722946.0,572777.0,49465.0,25022.0,39380.0,U,U,Includes Limited-Benefit Enrollees,Includes Limited-Benefit Enrollees,Includes Limited-Benefit Enrollees,,,
CO,Colorado,202409,Y,1199492.0,1049905.0,149587.0,665174.0,27170.0,4.0,0.022,80695.0,65700.0,46212.0,8828.0,5439.0,728.0,U,U,,,,,,
CT,Connecticut,202409,Y,937556.0,915975.0,21581.0,570337.0,122694.0,14.0,0.113,86437.0,73629.0,66913.0,6413.0,5269.0,1126.0,U,U,,,,,,
DC,District of Columbia,202409,Y,257197.0,239793.0,17404.0,161628.0,38857.0,0.0,0.01,17046.0,14797.0,12643.0,1549.0,160.0,540.0,U,U,,,,Updated Renewal Outcomes Reported as of a Different Date Than Three Months After the End of the Original Reporting Period,Updated Renewal Outcomes Reported as of a Different Date Than Three Months After the End of the Original Reporting Period,Updated Renewal Outcomes Reported as of a Different Date Than Three Months After the End of the Original Reporting Period
DE,Delaware,202409,Y,251745.0,240276.0,11469.0,140768.0,23703.0,1.0,0.194,18630.0,16550.0,8052.0,1997.0,1217.0,83.0,U,U,,,,,,
FL,Florida,202409,N,3797328.0,3633341.0,163987.0,1357602.0,2182616.0,29.0,0.288,193768.0,131970.0,74934.0,38620.0,23029.0,149.0,U,U,,,,Updated Renewal Outcomes Reported as of a Different Date Than Three Months After the End of the Original Reporting Period,Updated Renewal Outcomes Reported as of a Different Date Than Three Months After the End of the Original Reporting Period,Updated Renewal Outcomes Reported as of a Different Date Than Three Months After the End of the Original Reporting Period
GA,Georgia,202409,N,1999306.0,1752145.0,247161.0,579307.0,33188.0,21.0,0.007,232501.0,143170.0,101807.0,33118.0,51681.0,4532.0,U,U,,,,,,
HI,Hawaii,202409,Y,403108.0,381399.0,21709.0,250572.0,27781.0,39.0,0.28,35272.0,32152.0,22857.0,1993.0,1004.0,123.0,U,U,,,,,,
IA,Iowa,202409,Y,684610.0,595739.0,88871.0,342157.0,27795.0,7.0,0.216,65447.0,50497.0,28834.0,10056.0,3342.0,1552.0,U,U,,,,,,
ID,Idaho,202409,Y,315795.0,295685.0,20110.0,158708.0,44688.0,28.0,0.073,23095.0,18915.0,16173.0,3427.0,753.0,0.0,U,U,,,,,,
IL,Illinois,202409,Y,3271235.0,2984941.0,286294.0,1823749.0,329618.0,34.0,0.42,235611.0,193953.0,166251.0,26112.0,4739.0,10807.0,U,U,,,,,,
IN,Indiana,202409,Y,1792386.0,1650722.0,141664.0,967308.0,259187.0,6.0,0.087,118765.0,99132.0,80904.0,6929.0,3680.0,9024.0,U,U,,,,,,
KS,Kansas,202409,N,417059.0,341137.0,75922.0,132045.0,38016.0,0.0,0.013,28515.0,23984.0,14000.0,991.0,2460.0,1080.0,U,U,,,,,,
KY,Kentucky,202409,Y,1391115.0,1262404.0,128711.0,761480.0,88861.0,2.0,0.03,52369.0,45833.0,41657.0,39.0,1196.0,5301.0,U,U,,,,,,
LA,Louisiana,202409,Y,1534594.0,1386943.0,147651.0,820817.0,338568.0,4.0,0.084,100328.0,82328.0,68571.0,12773.0,5048.0,179.0,U,U,,,,,,
MA,Massachusetts,202409,Y,1675304.0,1479058.0,196246.0,962008.0,235073.0,1.0,0.013,82888.0,62585.0,49064.0,13745.0,6558.0,0.0,U,U,,,,,,
MD,Maryland,202409,Y,1549742.0,1353587.0,196155.0,849351.0,55668.0,11.0,0.267,129104.0,84972.0,58965.0,36823.0,5659.0,1650.0,U,U,,,,,,
ME,Maine,202409,Y,366995.0,341741.0,25254.0,224452.0,38518.0,8.0,0.13,44809.0,37750.0,30311.0,5445.0,1337.0,277.0,U,U,,,,,,
MI,Michigan,202409,Y,2389705.0,2222773.0,166932.0,1456143.0,184969.0,1.0,0.029,221741.0,175113.0,124972.0,32488.0,12366.0,1774.0,U,U,,,,,,
MN,Minnesota,202409,Y,1186802.0,1181935.0,4867.0,590855.0,29893.0,8.0,0.2,82683.0,67785.0,57254.0,14447.0,451.0,0.0,U,U,,,,,,
MO,Missouri,202409,Y,1286114.0,1152146.0,133968.0,662753.0,115649.0,32.0,0.523,80728.0,42886.0,38969.0,22122.0,2584.0,13136.0,U,U,,,,,,
MS,Mississippi,202409,N,610135.0,525454.0,84681.0,208582.0,6492.0,0.0,0.024,48057.0,40017.0,20547.0,6569.0,1471.0,0.0,U,U,,,,,,
MT,Montana,202409,Y,229182.0,207459.0,21723.0,131402.0,21537.0,39.0,0.5,19764.0,13328.0,7869.0,5046.0,1154.0,236.0,U,U,,,,,,
NC,North Carolina,202409,Y,2779248.0,2435363.0,343885.0,1371014.0,22084.0,0.0,0.005,196479.0,153200.0,152595.0,13584.0,2442.0,27253.0,U,U,,,,,,
ND,North Dakota,202409,Y,106273.0,101488.0,4785.0,54328.0,27255.0,1.0,0.032,7563.0,5997.0,2822.0,1022.0,540.0,4.0,U,U,,,,,,
NE,Nebraska,202409,Y,348216.0,310887.0,37329.0,168997.0,32619.0,6.0,0.1411,32836.0,21748.0,13354.0,4101.0,2841.0,4146.0,U,U,,,,,,
NH,New Hampshire,202409,Y,185293.0,166940.0,18353.0,95690.0,33457.0,7.0,0.07,12284.0,11271.0,10463.0,824.0,185.0,4.0,U,U,,,,,,
NJ,New Jersey,202409,Y,1783620.0,1537308.0,246312.0,972754.0,204823.0,4.0,0.095,95980.0,55456.0,30494.0,16076.0,6424.0,18024.0,U,U,,,,,,
NM,New Mexico,202409,Y,771226.0,721315.0,49911.0,428907.0,144082.0,7.0,0.028,28163.0,19338.0,9947.0,7321.0,1497.0,7.0,U,U,,,,Updated Renewal Outcomes Reported as of a Different Date Than Three Months After the End of the Original Reporting Period,Updated Renewal Outcomes Reported as of a Different Date Than Three Months After the End of the Original Reporting Period,Updated Renewal Outcomes Reported as of a Different Date Than Three Months After the End of the Original Reporting Period
NV,Nevada,202409,Y,756073.0,705825.0,50248.0,429464.0,109186.0,36.0,0.266,43648.0,37938.0,35347.0,3964.0,1746.0,0.0,U,U,,,,Updated Renewal Outcomes Reported as of a Different Date Than Three Months After the End of the Original Reporting Period,Updated Renewal Outcomes Reported as of a Different Date Than Three Months After the End of the Original Reporting Period,Updated Renewal Outcomes Reported as of a Different Date Than Three Months After the End of the Original Reporting Period
NY,New York,202409,Y,6685292.0,6019223.0,666069.0,4215479.0,638254.0,1.0,0.025,447218.0,340986.0,200092.0,46640.0,50930.0,8662.0,U,U,,,,,,
OH,Ohio,202409,Y,2871534.0,2636354.0,235180.0,1662019.0,180713.0,2.0,0.03,246892.0,221196.0,205488.0,17358.0,7091.0,1247.0,U,U,Includes Individuals Enrolled At Any Time in Month (Not a Point-in-Time Count),Includes Individuals Enrolled At Any Time in Month (Not a Point-in-Time Count),Includes Individuals Enrolled At Any Time in Month (Not a Point-in-Time Count),,,
OK,Oklahoma,202409,Y,987371.0,908621.0,78750.0,463925.0,105402.0,27.0,0.336,66321.0,44281.0,30417.0,17251.0,4634.0,155.0,U,U,,,,,,
OR,Oregon,202409,Y,1299661.0,1115511.0,184150.0,819682.0,112236.0,11.0,0.224,272.0,194.0,176.0,43.0,31.0,4.0,U,U,,,,,,
PA,Pennsylvania,202409,Y,3116633.0,2828955.0,287678.0,1660473.0,322775.0,24.0,0.355,214006.0,171723.0,18621.0,13081.0,20192.0,9010.0,U,U,,,,"Updated Renewal Outcomes May Include Eligibility Actions That Occurred After the Renewal was Processed (e.g., Outcomes Based on a Change in Circumstance or for Individuals Who Returned the Renewal During the Reconsideration Period)","Updated Renewal Outcomes May Include Eligibility Actions That Occurred After the Renewal was Processed (e.g., Outcomes Based on a Change in Circumstance or for Individuals Who Returned the Renewal During the Reconsideration Period)","Updated Renewal Outcomes May Include Eligibility Actions That Occurred After the Renewal was Processed (e.g., Outcomes Based on a Change in Circumstance or for Individuals Who Returned the Renewal During the Reconsideration Period)"
RI,Rhode Island,202409,Y,317826.0,286863.0,30963.0,194511.0,16900.0,16.0,0.219,12702.0,9780.0,9081.0,1825.0,845.0,252.0,U,U,,,,Updated Renewal Outcomes Reported as of a Different Date Than Three Months After the End of the Original Reporting Period,Updated Renewal Outcomes Reported as of a Different Date Than Three Months After the End of the Original Reporting Period,Updated Renewal Outcomes Reported as of a Different Date Than Three Months After the End of the Original Reporting Period
SC,South Carolina,202409,N,1066584.0,969414.0,97170.0,417339.0,132506.0,2.0,0.055,36688.0,27408.0,19892.0,2111.0,6979.0,190.0,U,U,Includes Retroactive Enrollments,Includes Retroactive Enrollments,Includes Retroactive Enrollments,Updated Renewal Outcomes Reported as of a Different Date Than Three Months After the End of the Original Reporting Period,Updated Renewal Outcomes Reported as of a Different Date Than Three Months After the End of the Original Reporting Period,Updated Renewal Outcomes Reported as of a Different Date Than Three Months After the End of the Original Reporting Period
SD,South Dakota,202409,Y,140438.0,123878.0,16560.0,59116.0,,,,0.0,0.0,0.0,0.0,0.0,0.0,U,U,,,,Please Refer to the Original Data Published for This Reporting Period,Please Refer to the Original Data Published for This Reporting Period,Please Refer to the Original Data Published for This Reporting Period
TN,Tennessee,202409,N,1450843.0,1286545.0,164298.0,599355.0,78678.0,0.0,0.003,91231.0,79627.0,65051.0,7458.0,3801.0,345.0,U,U,,,,,,
TX,Texas,202409,N,4293010.0,3942578.0,350432.0,1009343.0,871527.0,0.0,0.014,345110.0,201496.0,37126.0,100374.0,39611.0,3629.0,U,U,,,,,,
UT,Utah,202409,Y,343713.0,307123.0,36590.0,165560.0,107721.0,16.0,0.192,27928.0,18289.0,11159.0,7778.0,1861.0,0.0,U,U,,,,,,
VA,Virginia,202409,Y,1831581.0,1633541.0,198040.0,960033.0,78720.0,1.0,0.039,143590.0,125925.0,79813.0,5047.0,12044.0,574.0,U,U,,,,,,
VT,Vermont,202409,Y,158589.0,153671.0,4918.0,99440.0,17684.0,1.0,0.019,13125.0,10815.0,9619.0,1458.0,376.0,476.0,U,U,,,,,,
WA,Washington,202409,Y,1837072.0,1780512.0,56560.0,996061.0,55880.0,1.0,0.11,105740.0,93144.0,86359.0,10618.0,1951.0,27.0,U,U,,,,Updated Renewal Outcomes Reported as of a Different Date Than Three Months After the End of the Original Reporting Period,Updated Renewal Outcomes Reported as of a Different Date Than Three Months After the End of the Original Reporting Period,Updated Renewal Outcomes Reported as of a Different Date Than Three Months After the End of the Original Reporting Period
WI,Wisconsin,202409,N,1199092.0,1121753.0,77339.0,631971.0,281029.0,12.0,0.186,60244.0,42581.0,17245.0,6087.0,11576.0,0.0,U,U,,,,,,
WV,West Virginia,202409,Y,518920.0,477191.0,41729.0,309183.0,26686.0,10.0,0.129,32479.0,24900.0,18579.0,6001.0,1558.0,20.0,U,U,Includes Individuals Enrolled At Any Time in Month (Not a Point-in-Time Count),Includes Individuals Enrolled At Any Time in Month (Not a Point-in-Time Count),Includes Individuals Enrolled At Any Time in Month (Not a Point-in-Time Count),,,
WY,Wyoming,202409,N,64306.0,58895.0,5411.0,20928.0,11596.0,1.0,0.002,4590.0,3231.0,1827.0,755.0,270.0,334.0,U,U,,,,"Updated Renewal Outcomes May Include Eligibility Actions That Occurred After the Renewal was Processed (e.g., Outcomes Based on a Change in Circumstance or for Individuals Who Returned the Renewal During the Reconsideration Period)","Updated Renewal Outcomes May Include Eligibility Actions That Occurred After the Renewal was Processed (e.g., Outcomes Based on a Change in Circumstance or for Individuals Who Returned the Renewal During the Reconsideration Period)","Updated Renewal Outcomes May Include Eligibility Actions That Occurred After the Renewal was Processed (e.g., Outcomes Based on a Change in Circumstance or for Individuals Who Returned the Renewal During the Reconsideration Period)"
AK,Alaska,202410,Y,252800.0,237710.0,15090.0,153093.0,32776.0,37.0,0.38,24219.0,14454.0,7504.0,443.0,1947.0,7375.0,U,U,,,,,,
AL,Alabama,202410,N,962449.0,779266.0,183183.0,280085.0,60538.0,3.0,0.13,121260.0,85380.0,45168.0,24067.0,11808.0,5.0,U,U,,,,,,
AR,Arkansas,202410,Y,826212.0,745045.0,81167.0,403402.0,218671.0,13.0,0.015,60654.0,51704.0,41766.0,4958.0,3951.0,41.0,U,U,,,,,,
AZ,Arizona,202410,Y,1963200.0,1837274.0,125926.0,1129873.0,75214.0,7.0,0.103,132854.0,93001.0,78288.0,29130.0,10723.0,0.0,U,U,,,,,,
CA,California,202410,Y,13530999.0,12291055.0,1239944.0,8488781.0,283628.0,4.0,0.099,855310.0,736236.0,599899.0,53938.0,25522.0,39614.0,U,U,Includes Limited-Benefit Enrollees,Includes Limited-Benefit Enrollees,Includes Limited-Benefit Enrollees,,,
CO,Colorado,202410,Y,1208009.0,1057956.0,150053.0,671668.0,25742.0,2.0,0.007,86471.0,68499.0,48169.0,9185.0,7530.0,1257.0,U,U,,,,,,
CT,Connecticut,202410,Y,933797.0,911648.0,22149.0,566546.0,145286.0,19.0,0.171,94099.0,80796.0,73775.0,5284.0,6525.0,1494.0,U,U,,,,,,
DC,District of Columbia,202410,Y,258527.0,241089.0,17438.0,162526.0,43414.0,0.0,0.02,34577.0,32011.0,29395.0,1841.0,190.0,535.0,U,U,,,,Updated Renewal Outcomes Reported as of a Different Date Than Three Months After the End of the Original Reporting Period,Updated Renewal Outcomes Reported as of a Different Date Than Three Months After the End of the Original Reporting Period,Updated Renewal Outcomes Reported as of a Different Date Than Three Months After the End of the Original Reporting Period
DE,Delaware,202410,Y,250651.0,238843.0,11808.0,139661.0,24501.0,1.0,0.196,20317.0,16570.0,8823.0,2221.0,1428.0,98.0,U,U,,,,,,
FL,Florida,202410,N,3765231.0,3601937.0,163294.0,1340325.0,2421231.0,18.0,0.235,236491.0,208481.0,126852.0,2569.0,25319.0,122.0,U,U,,,,,,
GA,Georgia,202410,N,2003247.0,1755956.0,247291.0,578374.0,36236.0,21.0,0.008,233288.0,157005.0,118706.0,28749.0,39228.0,8306.0,U,U,,,,,,
HI,Hawaii,202410,Y,402962.0,380902.0,22060.0,249963.0,26644.0,32.0,0.17,22257.0,20833.0,19309.0,915.0,471.0,38.0,U,U,,,,,,
IA,Iowa,202410,Y,684106.0,594986.0,89120.0,341636.0,30103.0,4.0,0.147,60409.0,46971.0,30379.0,9535.0,3040.0,863.0,U,U,,,,,,
ID,Idaho,202410,Y,317061.0,296693.0,20368.0,159637.0,45236.0,18.0,0.07,22636.0,18754.0,16055.0,3181.0,701.0,0.0,U,U,,,,,,
IL,Illinois,202410,Y,3257417.0,2971009.0,286408.0,1814880.0,365772.0,37.0,0.442,238451.0,193264.0,162315.0,27795.0,7287.0,10105.0,U,U,,,,,,
IN,Indiana,202410,Y,1787157.0,1644667.0,142490.0,963656.0,274570.0,4.0,0.057,115190.0,93679.0,77632.0,7812.0,3584.0,10115.0,U,U,,,,,,
KS,Kansas,202410,N,418522.0,342021.0,76501.0,134364.0,37998.0,0.0,0.02,36574.0,29170.0,16794.0,1464.0,3537.0,2403.0,U,U,,,,,,
KY,Kentucky,202410,Y,1389612.0,1259543.0,130069.0,760186.0,104017.0,1.0,0.037,61174.0,52817.0,46900.0,32.0,1526.0,6799.0,U,U,,,,,,
LA,Louisiana,202410,Y,1519621.0,1371651.0,147970.0,805516.0,376848.0,4.0,0.094,126446.0,106075.0,87269.0,14589.0,5559.0,223.0,U,U,,,,,,
MA,Massachusetts,202410,Y,1675627.0,1475014.0,200613.0,959172.0,261460.0,1.0,0.01,109532.0,67998.0,27471.0,16929.0,24605.0,0.0,U,U,,,,,,
MD,Maryland,202410,Y,1532900.0,1333688.0,199212.0,836153.0,64550.0,6.0,0.173,101283.0,66230.0,49262.0,29431.0,4521.0,1101.0,U,U,,,,,,
ME,Maine,202410,Y,353074.0,327971.0,25103.0,212656.0,38964.0,8.0,0.13,43974.0,37235.0,29874.0,4320.0,1754.0,665.0,U,U,,,,,,
MI,Michigan,202410,Y,2386752.0,2217219.0,169533.0,1454165.0,172714.0,0.0,0.003,223454.0,178888.0,131257.0,33037.0,10444.0,1085.0,U,U,,,,,,
MN,Minnesota,202410,Y,1179330.0,1174458.0,4872.0,584073.0,32990.0,6.0,0.17,93868.0,76587.0,66353.0,14322.0,2959.0,0.0,U,U,,,,,,
MO,Missouri,202410,Y,1284302.0,1150310.0,133992.0,664349.0,120415.0,32.0,0.461,100383.0,54413.0,48794.0,25121.0,4138.0,16711.0,U,U,,,,,,
MS,Mississippi,202410,N,608862.0,524044.0,84818.0,207256.0,8262.0,0.0,0.029,41704.0,34109.0,19291.0,6230.0,1365.0,0.0,U,U,,,,,,
MT,Montana,202410,Y,221595.0,200339.0,21256.0,125574.0,27390.0,42.0,0.56,22515.0,11853.0,5346.0,8574.0,1023.0,1065.0,U,U,,,,,,
NC,North Carolina,202410,Y,2790607.0,2446590.0,344017.0,1377799.0,23583.0,0.0,0.005,201372.0,155842.0,155194.0,14076.0,2585.0,28869.0,U,U,,,,,,
ND,North Dakota,202410,Y,106816.0,101901.0,4915.0,54587.0,28363.0,3.0,0.11,7609.0,5924.0,2658.0,1007.0,674.0,4.0,U,U,,,,,,
NE,Nebraska,202410,Y,346463.0,309060.0,37403.0,168141.0,35313.0,6.0,0.1315,32595.0,21158.0,13608.0,4522.0,3265.0,3650.0,U,U,,,,,,
NH,New Hampshire,202410,Y,185345.0,166932.0,18413.0,95570.0,34728.0,5.0,0.05,13563.0,12282.0,11403.0,1012.0,268.0,1.0,U,U,,,,,,
NJ,New Jersey,202410,Y,1786492.0,1538437.0,248055.0,972944.0,214075.0,4.0,0.105,71492.0,44730.0,21377.0,10324.0,5256.0,11182.0,U,U,,,,,,
NM,New Mexico,202410,Y,764407.0,714422.0,49985.0,423693.0,188756.0,8.0,0.058,59561.0,34262.0,21469.0,22761.0,2523.0,15.0,U,U,,,,Updated Renewal Outcomes Reported as of a Different Date Than Three Months After the End of the Original Reporting Period,Updated Renewal Outcomes Reported as of a Different Date Than Three Months After the End of the Original Reporting Period,Updated Renewal Outcomes Reported as of a Different Date Than Three Months After the End of the Original Reporting Period
NV,Nevada,202410,Y,760981.0,710466.0,50515.0,432845.0,119024.0,48.0,0.337,51631.0,45421.0,40956.0,4765.0,1445.0,0.0,U,U,,,,Updated Renewal Outcomes Reported as of a Different Date Than Three Months After the End of the Original Reporting Period,Updated Renewal Outcomes Reported as of a Different Date Than Three Months After the End of the Original Reporting Period,Updated Renewal Outcomes Reported as of a Different Date Than Three Months After the End of the Original Reporting Period
NY,New York,202410,Y,6680623.0,6010788.0,669835.0,4209104.0,680288.0,1.0,0.022,477709.0,365052.0,177458.0,57710.0,48949.0,5998.0,U,U,,,,,,
OH,Ohio,202410,Y,2875313.0,2637875.0,237438.0,1661964.0,201524.0,1.0,0.03,249082.0,222267.0,197662.0,17990.0,8095.0,730.0,U,U,Includes Individuals Enrolled At Any Time in Month (Not a Point-in-Time Count),Includes Individuals Enrolled At Any Time in Month (Not a Point-in-Time Count),Includes Individuals Enrolled At Any Time in Month (Not a Point-in-Time Count),,,
OK,Oklahoma,202410,Y,994551.0,915469.0,79082.0,470267.0,107561.0,23.0,0.228,63869.0,41283.0,24018.0,17027.0,5247.0,312.0,U,U,,,,,,
OR,Oregon,202410,Y,1304530.0,1118626.0,185904.0,823778.0,122797.0,11.0,0.206,334.0,253.0,198.0,47.0,34.0,0.0,U,U,,,,,,
PA,Pennsylvania,202410,Y,3128952.0,2839051.0,289901.0,1667129.0,329412.0,20.0,0.214,224506.0,181649.0,21144.0,13152.0,21414.0,8291.0,U,U,,,,"Updated Renewal Outcomes May Include Eligibility Actions That Occurred After the Renewal was Processed (e.g., Outcomes Based on a Change in Circumstance or for Individuals Who Returned the Renewal During the Reconsideration Period)","Updated Renewal Outcomes May Include Eligibility Actions That Occurred After the Renewal was Processed (e.g., Outcomes Based on a Change in Circumstance or for Individuals Who Returned the Renewal During the Reconsideration Period)","Updated Renewal Outcomes May Include Eligibility Actions That Occurred After the Renewal was Processed (e.g., Outcomes Based on a Change in Circumstance or for Individuals Who Returned the Renewal During the Reconsideration Period)"
RI,Rhode Island,202410,Y,307040.0,273810.0,33230.0,183468.0,20767.0,17.0,0.261,11993.0,9287.0,8735.0,1629.0,1023.0,54.0,U,U,,,,Updated Renewal Outcomes Reported as of a Different Date Than Three Months After the End of the Original Reporting Period,Updated Renewal Outcomes Reported as of a Different Date Than Three Months After the End of the Original Reporting Period,Updated Renewal Outcomes Reported as of a Different Date Than Three Months After the End of the Original Reporting Period
SC,South Carolina,202410,N,1062413.0,962600.0,99813.0,414254.0,140606.0,1.0,0.029,63702.0,46956.0,34362.0,2459.0,14142.0,145.0,U,U,Includes Retroactive Enrollments,Includes Retroactive Enrollments,Includes Retroactive Enrollments,Updated Renewal Outcomes Reported as of a Different Date Than Three Months After the End of the Original Reporting Period,Updated Renewal Outcomes Reported as of a Different Date Than Three Months After the End of the Original Reporting Period,Updated Renewal Outcomes Reported as of a Different Date Than Three Months After the End of the Original Reporting Period
SD,South Dakota,202410,Y,142007.0,125474.0,16533.0,59973.0,,,,0.0,0.0,0.0,0.0,0.0,0.0,U,U,,,,Please Refer to the Original Data Published for This Reporting Period,Please Refer to the Original Data Published for This Reporting Period,Please Refer to the Original Data Published for This Reporting Period
TN,Tennessee,202410,N,1443418.0,1276724.0,166694.0,595152.0,85239.0,0.0,0.002,93912.0,80710.0,61968.0,8409.0,4439.0,354.0,U,U,,,,,,
TX,Texas,202410,N,4245262.0,3892132.0,353130.0,1004358.0,877538.0,0.0,0.01,329857.0,229212.0,51682.0,61438.0,35995.0,3212.0,U,U,,,,,,
UT,Utah,202410,Y,343306.0,306354.0,36952.0,165509.0,113288.0,14.0,0.183,30254.0,19493.0,12064.0,8704.0,2057.0,0.0,U,U,,,,,,
VA,Virginia,202410,Y,1822031.0,1623895.0,198136.0,954767.0,86590.0,1.0,0.018,172311.0,151124.0,96214.0,5670.0,14932.0,585.0,U,U,,,,,,
VT,Vermont,202410,Y,158022.0,153044.0,4978.0,98880.0,20606.0,1.0,0.028,9786.0,7891.0,6994.0,1177.0,280.0,438.0,U,U,,,,,,
WA,Washington,202410,Y,1842404.0,1784761.0,57643.0,999366.0,58408.0,1.0,0.1,115200.0,101995.0,95228.0,10897.0,2291.0,17.0,U,U,,,,Updated Renewal Outcomes Reported as of a Different Date Than Three Months After the End of the Original Reporting Period,Updated Renewal Outcomes Reported as of a Different Date Than Three Months After the End of the Original Reporting Period,Updated Renewal Outcomes Reported as of a Different Date Than Three Months After the End of the Original Reporting Period
WI,Wisconsin,202410,N,1197355.0,1118936.0,78419.0,631523.0,299335.0,10.0,0.139,63770.0,46609.0,20037.0,5972.0,11189.0,0.0,U,U,,,,,,
WV,West Virginia,202410,Y,516806.0,475152.0,41654.0,308505.0,35302.0,11.0,0.192,32720.0,25280.0,18727.0,5796.0,1619.0,25.0,U,U,Includes Individuals Enrolled At Any Time in Month (Not a Point-in-Time Count),Includes Individuals Enrolled At Any Time in Month (Not a Point-in-Time Count),Includes Individuals Enrolled At Any Time in Month (Not a Point-in-Time Count),,,
WY,Wyoming,202410,N,63994.0,58368.0,5626.0,20687.0,11534.0,1.0,0.003,5666.0,4160.0,2509.0,820.0,370.0,316.0,U,U,,,,"Updated Renewal Outcomes May Include Eligibility Actions That Occurred After the Renewal was Processed (e.g., Outcomes Based on a Change in Circumstance or for Individuals Who Returned the Renewal During the Reconsideration Period)","Updated Renewal Outcomes May Include Eligibility Actions That Occurred After the Renewal was Processed (e.g., Outcomes Based on a Change in Circumstance or for Individuals Who Returned the Renewal During the Reconsideration Period)","Updated Renewal Outcomes May Include Eligibility Actions That Occurred After the Renewal was Processed (e.g., Outcomes Based on a Change in Circumstance or for Individuals Who Returned the Renewal During the Reconsideration Period)"
AK,Alaska,202411,Y,250349.0,235374.0,14975.0,151644.0,34569.0,44.0,0.42,29911.0,11315.0,6413.0,951.0,2655.0,14990.0,U,U,,,,,,
AL,Alabama,202411,N,960142.0,776859.0,183283.0,279352.0,49358.0,3.0,0.135,115205.0,79759.0,38528.0,23956.0,11478.0,12.0,U,U,,,,,,
AR,Arkansas,202411,Y,824423.0,742849.0,81574.0,401334.0,178079.0,10.0,0.024,52669.0,43316.0,36604.0,3715.0,5474.0,164.0,U,U,,,,,,
AZ,Arizona,202411,Y,1934256.0,1810967.0,123289.0,1108350.0,73903.0,7.0,0.127,215801.0,149735.0,130719.0,51001.0,15065.0,0.0,U,U,,,,,,
CA,California,202411,Y,13502553.0,12264045.0,1238508.0,8474302.0,244327.0,4.0,0.107,813606.0,704391.0,574282.0,50085.0,22793.0,36337.0,U,U,Includes Limited-Benefit Enrollees,Includes Limited-Benefit Enrollees,Includes Limited-Benefit Enrollees,,,
CO,Colorado,202411,Y,1215783.0,1063934.0,151849.0,676834.0,21910.0,2.0,0.013,90767.0,71379.0,49525.0,9761.0,8359.0,1268.0,U,U,,,,,,
CT,Connecticut,202411,Y,929526.0,906789.0,22737.0,562536.0,147860.0,19.0,0.175,102417.0,89466.0,82097.0,5651.0,5402.0,1898.0,U,U,,,,,,
DC,District of Columbia,202411,Y,258632.0,241125.0,17507.0,162468.0,36061.0,0.0,0.02,23591.0,21369.0,19260.0,1738.0,105.0,379.0,U,U,,,,Updated Renewal Outcomes Reported as of a Different Date Than Three Months After the End of the Original Reporting Period,Updated Renewal Outcomes Reported as of a Different Date Than Three Months After the End of the Original Reporting Period,Updated Renewal Outcomes Reported as of a Different Date Than Three Months After the End of the Original Reporting Period
DE,Delaware,202411,Y,249009.0,236760.0,12249.0,138811.0,17478.0,1.0,0.184,16696.0,13517.0,8084.0,1788.0,1094.0,297.0,U,U,,,,,,
FL,Florida,202411,N,3788467.0,3624248.0,164219.0,1344509.0,1948210.0,21.0,0.252,174377.0,101748.0,61942.0,53715.0,18659.0,255.0,U,U,,,,Updated Renewal Outcomes Reported as of a Different Date Than Three Months After the End of the Original Reporting Period,Updated Renewal Outcomes Reported as of a Different Date Than Three Months After the End of the Original Reporting Period,Updated Renewal Outcomes Reported as of a Different Date Than Three Months After the End of the Original Reporting Period
GA,Georgia,202411,N,1967089.0,1727515.0,239574.0,567073.0,21740.0,29.0,0.007,227468.0,138571.0,113840.0,41397.0,42452.0,5048.0,U,U,,,,,,
HI,Hawaii,202411,Y,403249.0,381053.0,22196.0,249634.0,20163.0,11.0,0.23,19813.0,18734.0,17604.0,736.0,284.0,59.0,U,U,,,,,,
IA,Iowa,202411,Y,684290.0,595046.0,89244.0,341805.0,24793.0,3.0,0.124,50960.0,41059.0,27949.0,7471.0,2042.0,388.0,U,U,,,,,,
ID,Idaho,202411,Y,318399.0,297950.0,20449.0,160643.0,39470.0,18.0,0.075,21261.0,17288.0,14787.0,3246.0,727.0,0.0,U,U,,,,,,
IL,Illinois,202411,Y,3242597.0,2954294.0,288303.0,1803084.0,285972.0,33.0,0.398,242052.0,192939.0,166785.0,29197.0,7489.0,12427.0,U,U,,,,,,
IN,Indiana,202411,Y,1783049.0,1640114.0,142935.0,960289.0,222200.0,3.0,0.038,119961.0,99295.0,84733.0,7740.0,3857.0,9069.0,U,U,,,,,,
KS,Kansas,202411,N,412106.0,335093.0,77013.0,133653.0,31415.0,0.0,0.016,40650.0,32625.0,19944.0,1477.0,4136.0,2412.0,U,U,,,,,,
KY,Kentucky,202411,Y,1387713.0,1256538.0,131175.0,759235.0,107091.0,2.0,0.023,38540.0,30199.0,22024.0,67.0,1167.0,7107.0,U,U,,,,,,
LA,Louisiana,202411,Y,1529152.0,1381860.0,147292.0,816364.0,289336.0,4.0,0.079,80951.0,64685.0,52675.0,11943.0,4123.0,200.0,U,U,,,,,,
MA,Massachusetts,202411,Y,1665630.0,1467749.0,197881.0,952773.0,216805.0,1.0,0.002,108476.0,89768.0,63536.0,9320.0,9388.0,0.0,U,U,,,,,,
MD,Maryland,202411,Y,1520691.0,1320230.0,200461.0,825396.0,66536.0,11.0,0.253,142491.0,91715.0,64836.0,41548.0,7675.0,1553.0,U,U,,,,,,
ME,Maine,202411,Y,348418.0,327693.0,20725.0,208246.0,31886.0,13.0,0.21,32139.0,29514.0,23061.0,1516.0,922.0,187.0,U,U,,,,,,
MI,Michigan,202411,Y,2384295.0,2212397.0,171898.0,1454083.0,146186.0,0.0,0.003,179364.0,144259.0,105489.0,29298.0,5361.0,446.0,U,U,,,,Updated Renewal Outcomes Reported as of a Different Date Than Three Months After the End of the Original Reporting Period,Updated Renewal Outcomes Reported as of a Different Date Than Three Months After the End of the Original Reporting Period,Updated Renewal Outcomes Reported as of a Different Date Than Three Months After the End of the Original Reporting Period
MN,Minnesota,202411,Y,1172993.0,1168119.0,4874.0,578382.0,22530.0,16.0,0.3,106877.0,84124.0,74776.0,19377.0,3376.0,0.0,U,U,,,,,,
MO,Missouri,202411,Y,1277770.0,1144000.0,133770.0,663463.0,101681.0,39.0,0.485,115554.0,60643.0,53940.0,31840.0,4157.0,18914.0,U,U,,,,,,
MS,Mississippi,202411,N,607165.0,522445.0,84720.0,206130.0,6693.0,0.0,0.023,39479.0,31542.0,18254.0,6532.0,1405.0,0.0,U,U,,,,,,
MT,Montana,202411,Y,219874.0,199026.0,20848.0,124773.0,26297.0,37.0,0.63,15475.0,8965.0,4297.0,3915.0,1480.0,1115.0,U,U,,,,,,
NC,North Carolina,202411,Y,2814193.0,2468712.0,345481.0,1395667.0,19192.0,0.0,0.006,213630.0,160108.0,159364.0,14209.0,2960.0,36353.0,U,U,,,,,,
ND,North Dakota,202411,Y,107408.0,102312.0,5096.0,54865.0,25101.0,7.0,0.283,6292.0,4483.0,1787.0,1283.0,522.0,4.0,U,U,,,,,,
NE,Nebraska,202411,Y,346176.0,308616.0,37560.0,168278.0,31034.0,6.0,0.1341,29226.0,18918.0,12537.0,3668.0,3137.0,3503.0,U,U,,,,,,
NH,New Hampshire,202411,Y,186857.0,167951.0,18906.0,96446.0,32320.0,6.0,0.07,13318.0,11835.0,11068.0,1202.0,237.0,44.0,U,U,,,,,,
NJ,New Jersey,202411,Y,1790543.0,1540209.0,250334.0,973854.0,163093.0,5.0,0.084,132002.0,89683.0,60872.0,22063.0,9304.0,10952.0,U,U,,,,,,
NM,New Mexico,202411,Y,747470.0,699086.0,48384.0,412231.0,169563.0,9.0,0.096,44827.0,23188.0,14344.0,19969.0,1652.0,18.0,U,U,,,,Updated Renewal Outcomes Reported as of a Different Date Than Three Months After the End of the Original Reporting Period,Updated Renewal Outcomes Reported as of a Different Date Than Three Months After the End of the Original Reporting Period,Updated Renewal Outcomes Reported as of a Different Date Than Three Months After the End of the Original Reporting Period
NV,Nevada,202411,Y,761636.0,710223.0,51413.0,432871.0,94873.0,56.0,0.33,49294.0,43772.0,39870.0,4162.0,1360.0,0.0,U,U,,,,,,
NY,New York,202411,Y,6644821.0,5985977.0,658844.0,4190576.0,641169.0,1.0,0.02,454179.0,346322.0,225686.0,40669.0,59783.0,7405.0,U,U,,,,,,
OH,Ohio,202411,Y,2846555.0,2606956.0,239599.0,1632925.0,256983.0,1.0,0.02,253990.0,221137.0,206221.0,24114.0,8592.0,147.0,U,U,Includes Individuals Enrolled At Any Time in Month (Not a Point-in-Time Count),Includes Individuals Enrolled At Any Time in Month (Not a Point-in-Time Count),Includes Individuals Enrolled At Any Time in Month (Not a Point-in-Time Count),,,
OK,Oklahoma,202411,Y,989193.0,910345.0,78848.0,466446.0,94407.0,36.0,0.217,63942.0,40078.0,27767.0,17725.0,5808.0,331.0,U,U,,,,,,
OR,Oregon,202411,Y,1312806.0,1125216.0,187590.0,831035.0,105388.0,14.0,0.248,25558.0,23291.0,17850.0,210.0,2055.0,2.0,U,U,,,,,,
PA,Pennsylvania,202411,Y,3093636.0,2801579.0,292057.0,1636736.0,302259.0,22.0,0.215,205003.0,165993.0,42941.0,12021.0,20057.0,6932.0,U,U,,,,"Updated Renewal Outcomes May Include Eligibility Actions That Occurred After the Renewal was Processed (e.g., Outcomes Based on a Change in Circumstance or for Individuals Who Returned the Renewal During the Reconsideration Period)","Updated Renewal Outcomes May Include Eligibility Actions That Occurred After the Renewal was Processed (e.g., Outcomes Based on a Change in Circumstance or for Individuals Who Returned the Renewal During the Reconsideration Period)","Updated Renewal Outcomes May Include Eligibility Actions That Occurred After the Renewal was Processed (e.g., Outcomes Based on a Change in Circumstance or for Individuals Who Returned the Renewal During the Reconsideration Period)"
RI,Rhode Island,202411,Y,306161.0,273400.0,32761.0,182771.0,17706.0,14.0,0.223,11866.0,8604.0,8291.0,2147.0,871.0,244.0,U,U,,,,Updated Renewal Outcomes Reported as of a Different Date Than Three Months After the End of the Original Reporting Period,Updated Renewal Outcomes Reported as of a Different Date Than Three Months After the End of the Original Reporting Period,Updated Renewal Outcomes Reported as of a Different Date Than Three Months After the End of the Original Reporting Period
SC,South Carolina,202411,N,1063774.0,961376.0,102398.0,414123.0,123543.0,1.0,0.019,78408.0,56569.0,48306.0,3382.0,18320.0,137.0,U,U,Includes Retroactive Enrollments,Includes Retroactive Enrollments,Includes Retroactive Enrollments,Updated Renewal Outcomes Reported as of a Different Date Than Three Months After the End of the Original Reporting Period,Updated Renewal Outcomes Reported as of a Different Date Than Three Months After the End of the Original Reporting Period,Updated Renewal Outcomes Reported as of a Different Date Than Three Months After the End of the Original Reporting Period
SD,South Dakota,202411,Y,143371.0,126747.0,16624.0,60800.0,,,,5230.0,2901.0,755.0,1732.0,597.0,0.0,U,U,,,,,,
TN,Tennessee,202411,N,1444552.0,1274916.0,169636.0,595789.0,74505.0,0.0,0.002,74479.0,63375.0,49692.0,7544.0,3269.0,291.0,U,U,,,,,,
TX,Texas,202411,N,4219924.0,3865266.0,354658.0,996570.0,690425.0,0.0,0.008,264470.0,179398.0,34435.0,50545.0,31803.0,2724.0,U,U,,,,,,
UT,Utah,202411,Y,343710.0,306892.0,36818.0,166691.0,104225.0,18.0,0.209,29575.0,18920.0,12043.0,8536.0,2119.0,0.0,U,U,,,,,,
VA,Virginia,202411,Y,1815800.0,1616746.0,199054.0,951232.0,70729.0,1.0,0.026,165820.0,147221.0,94288.0,10957.0,5906.0,1736.0,U,U,,,,,,
VT,Vermont,202411,Y,157150.0,152058.0,5092.0,98244.0,23921.0,4.0,0.075,9765.0,9156.0,8597.0,493.0,89.0,27.0,U,U,,,,,,
WA,Washington,202411,Y,1841669.0,1782577.0,59092.0,998678.0,53584.0,1.0,0.12,126731.0,112161.0,105282.0,12245.0,2308.0,17.0,U,U,,,,Updated Renewal Outcomes Reported as of a Different Date Than Three Months After the End of the Original Reporting Period,Updated Renewal Outcomes Reported as of a Different Date Than Three Months After the End of the Original Reporting Period,Updated Renewal Outcomes Reported as of a Different Date Than Three Months After the End of the Original Reporting Period
WI,Wisconsin,202411,N,1197555.0,1117746.0,79809.0,632072.0,259693.0,12.0,0.149,58769.0,42003.0,18255.0,6659.0,10107.0,0.0,U,U,,,,,,
WV,West Virginia,202411,Y,514156.0,472647.0,41509.0,307379.0,28988.0,10.0,0.182,29977.0,22611.0,17086.0,6015.0,1339.0,12.0,U,U,Includes Individuals Enrolled At Any Time in Month (Not a Point-in-Time Count),Includes Individuals Enrolled At Any Time in Month (Not a Point-in-Time Count),Includes Individuals Enrolled At Any Time in Month (Not a Point-in-Time Count),,,
WY,Wyoming,202411,N,64142.0,58299.0,5843.0,20595.0,10417.0,1.0,0.007,5429.0,3508.0,1951.0,1180.0,335.0,406.0,U,U,,,,"Updated Renewal Outcomes May Include Eligibility Actions That Occurred After the Renewal was Processed (e.g., Outcomes Based on a Change in Circumstance or for Individuals Who Returned the Renewal During the Reconsideration Period)","Updated Renewal Outcomes May Include Eligibility Actions That Occurred After the Renewal was Processed (e.g., Outcomes Based on a Change in Circumstance or for Individuals Who Returned the Renewal During the Reconsideration Period)","Updated Renewal Outcomes May Include Eligibility Actions That Occurred After the Renewal was Processed (e.g., Outcomes Based on a Change in Circumstance or for Individuals Who Returned the Renewal During the Reconsideration Period)"
AK,Alaska,202412,Y,246920.0,232106.0,14814.0,149249.0,36306.0,35.0,0.43,29940.0,12333.0,7936.0,474.0,2084.0,15049.0,U,U,,,,,,
AL,Alabama,202412,N,956343.0,772748.0,183595.0,276124.0,51060.0,3.0,0.128,133479.0,92711.0,50241.0,23902.0,16866.0,0.0,U,U,,,,,,
AR,Arkansas,202412,Y,823234.0,741143.0,82091.0,399443.0,194631.0,12.0,0.018,52052.0,43078.0,36933.0,6717.0,2117.0,140.0,U,U,,,,,,
AZ,Arizona,202412,Y,1899615.0,1778734.0,120881.0,1084742.0,53893.0,4.0,0.135,191543.0,132473.0,114362.0,40259.0,13763.0,5048.0,U,U,,,,,,
CA,California,202412,Y,13487072.0,12254163.0,1232909.0,8475623.0,277298.0,4.0,0.09,1120757.0,981908.0,836860.0,67652.0,29064.0,42133.0,U,U,Includes Limited-Benefit Enrollees,Includes Limited-Benefit Enrollees,Includes Limited-Benefit Enrollees,,,
CO,Colorado,202412,Y,1219924.0,1067531.0,152393.0,680035.0,23612.0,2.0,0.029,104085.0,80557.0,61889.0,11743.0,10552.0,1233.0,U,U,,,,,,
CT,Connecticut,202412,Y,928823.0,905379.0,23444.0,560293.0,158195.0,26.0,0.156,99307.0,87244.0,80450.0,5634.0,5029.0,1400.0,U,U,,,,,,
DC,District of Columbia,202412,Y,260045.0,242560.0,17485.0,163639.0,39765.0,0.0,0.02,32478.0,30341.0,28904.0,1644.0,128.0,365.0,U,U,,,,Updated Renewal Outcomes Reported as of a Different Date Than Three Months After the End of the Original Reporting Period,Updated Renewal Outcomes Reported as of a Different Date Than Three Months After the End of the Original Reporting Period,Updated Renewal Outcomes Reported as of a Different Date Than Three Months After the End of the Original Reporting Period
DE,Delaware,202412,Y,249368.0,236840.0,12528.0,139024.0,23577.0,1.0,0.274,19062.0,14969.0,8036.0,2497.0,1407.0,189.0,U,U,,,,,,
FL,Florida,202412,N,3740669.0,3568648.0,172021.0,1317216.0,1965677.0,16.0,0.223,144620.0,96170.0,34043.0,30960.0,17172.0,318.0,U,U,,,,Updated Renewal Outcomes Reported as of a Different Date Than Three Months After the End of the Original Reporting Period,Updated Renewal Outcomes Reported as of a Different Date Than Three Months After the End of the Original Reporting Period,Updated Renewal Outcomes Reported as of a Different Date Than Three Months After the End of the Original Reporting Period
GA,Georgia,202412,N,1961283.0,1726551.0,234732.0,565967.0,41070.0,20.0,0.007,224952.0,142946.0,114867.0,35479.0,41240.0,5287.0,U,U,,,,,,
HI,Hawaii,202412,Y,398504.0,376437.0,22067.0,247066.0,19553.0,5.0,0.18,10.0,10.0,10.0,0.0,0.0,0.0,U,U,,,,Please Refer to the Original Data Published for This Reporting Period,Please Refer to the Original Data Published for This Reporting Period,Please Refer to the Original Data Published for This Reporting Period
IA,Iowa,202412,Y,681397.0,596144.0,85253.0,342612.0,26713.0,5.0,0.151,38452.0,29436.0,20261.0,6743.0,1650.0,623.0,U,U,,,,,,
ID,Idaho,202412,Y,319959.0,299426.0,20533.0,161678.0,44607.0,18.0,0.075,14914.0,10593.0,7112.0,3575.0,746.0,0.0,U,U,,,,,,
IL,Illinois,202412,Y,3231378.0,2940111.0,291267.0,1793240.0,385533.0,26.0,0.372,239868.0,190310.0,157426.0,32008.0,7260.0,10290.0,U,U,,,,,,
IN,Indiana,202412,Y,1785338.0,1642176.0,143162.0,960376.0,247618.0,4.0,0.053,121798.0,102764.0,86242.0,8596.0,4277.0,6161.0,U,U,,,,,,
KS,Kansas,202412,N,413111.0,335902.0,77209.0,133665.0,42207.0,0.0,0.009,27310.0,21842.0,13139.0,1088.0,2629.0,1751.0,U,U,,,,,,
KY,Kentucky,202412,Y,1385807.0,1252745.0,133062.0,757252.0,110511.0,4.0,0.019,38604.0,33236.0,30638.0,21.0,798.0,4549.0,U,U,,,,,,
LA,Louisiana,202412,Y,1533927.0,1385970.0,147957.0,820760.0,314700.0,4.0,0.083,124009.0,101713.0,87724.0,16107.0,5872.0,317.0,U,U,,,,,,
MA,Massachusetts,202412,Y,1667221.0,1469251.0,197970.0,955777.0,229096.0,1.0,0.005,59347.0,47171.0,39553.0,7950.0,4226.0,0.0,U,U,,,,,,
MD,Maryland,202412,Y,1489846.0,1291976.0,197870.0,803886.0,87478.0,16.0,0.309,128322.0,79459.0,58682.0,41809.0,5837.0,1217.0,U,U,,,,,,
ME,Maine,202412,Y,345763.0,317702.0,28061.0,205544.0,37081.0,17.0,0.21,33261.0,31116.0,24915.0,1143.0,803.0,199.0,U,U,,,,,,
MI,Michigan,202412,Y,2395841.0,2222494.0,173347.0,1464862.0,145395.0,0.0,0.014,178892.0,140251.0,102015.0,32447.0,5312.0,882.0,U,U,,,,,,
MN,Minnesota,202412,Y,1169718.0,1164706.0,5012.0,575329.0,32425.0,23.0,0.33,119980.0,94060.0,83812.0,21881.0,4039.0,0.0,U,U,,,,,,
MO,Missouri,202412,Y,1275036.0,1143560.0,131476.0,667346.0,103417.0,44.0,0.492,93781.0,53101.0,48247.0,23507.0,3059.0,14114.0,U,U,,,,,,
MS,Mississippi,202412,N,605422.0,520938.0,84484.0,204670.0,7521.0,0.0,0.047,34247.0,26993.0,14916.0,5974.0,1279.0,1.0,U,U,,,,Updated Renewal Outcomes Reported as of a Different Date Than Three Months After the End of the Original Reporting Period,Updated Renewal Outcomes Reported as of a Different Date Than Three Months After the End of the Original Reporting Period,Updated Renewal Outcomes Reported as of a Different Date Than Three Months After the End of the Original Reporting Period
MT,Montana,202412,Y,216770.0,196958.0,19812.0,124951.0,28845.0,32.0,0.6,28673.0,11324.0,5423.0,14701.0,1562.0,1086.0,U,U,,,,Updated Renewal Outcomes Reported as of a Different Date Than Three Months After the End of the Original Reporting Period,Updated Renewal Outcomes Reported as of a Different Date Than Three Months After the End of the Original Reporting Period,Updated Renewal Outcomes Reported as of a Different Date Than Three Months After the End of the Original Reporting Period
NC,North Carolina,202412,Y,2845108.0,2497522.0,347586.0,1419811.0,20223.0,0.0,0.005,285461.0,232812.0,232111.0,13327.0,3850.0,35472.0,U,U,,,,,,
ND,North Dakota,202412,Y,108618.0,103397.0,5221.0,55563.0,28680.0,12.0,0.361,6877.0,4912.0,1817.0,1392.0,567.0,6.0,U,U,,,,,,
NE,Nebraska,202412,Y,346843.0,309152.0,37691.0,168816.0,33610.0,5.0,0.1139,28725.0,18341.0,12550.0,3421.0,3056.0,3907.0,U,U,,,,,,
NH,New Hampshire,202412,Y,188207.0,168870.0,19337.0,97222.0,35458.0,7.0,0.09,12561.0,11348.0,10599.0,961.0,220.0,32.0,U,U,Includes Retroactive Enrollments,Includes Retroactive Enrollments,Includes Retroactive Enrollments,,,
NJ,New Jersey,202412,Y,1796634.0,1543150.0,253484.0,975806.0,150244.0,4.0,0.032,138878.0,92539.0,54079.0,23212.0,11338.0,11789.0,U,U,,,,,,
NM,New Mexico,202412,Y,734027.0,686825.0,47202.0,404357.0,186214.0,23.0,0.179,31800.0,18336.0,11406.0,12288.0,1170.0,6.0,U,U,,,,Updated Renewal Outcomes Reported as of a Different Date Than Three Months After the End of the Original Reporting Period,Updated Renewal Outcomes Reported as of a Different Date Than Three Months After the End of the Original Reporting Period,Updated Renewal Outcomes Reported as of a Different Date Than Three Months After the End of the Original Reporting Period
NV,Nevada,202412,Y,765943.0,713936.0,52007.0,435694.0,105491.0,61.0,0.33,55496.0,49269.0,44601.0,4829.0,1398.0,0.0,U,U,,,,,,
NY,New York,202412,Y,6650700.0,5974991.0,675709.0,4183435.0,696813.0,1.0,0.009,564794.0,442435.0,292963.0,49074.0,66220.0,7065.0,U,U,,,,,,
OH,Ohio,202412,Y,2838003.0,2596879.0,241124.0,1625759.0,187581.0,1.0,0.03,249764.0,219449.0,199473.0,22489.0,7551.0,275.0,U,U,Includes Individuals Enrolled At Any Time in Month (Not a Point-in-Time Count),Includes Individuals Enrolled At Any Time in Month (Not a Point-in-Time Count),Includes Individuals Enrolled At Any Time in Month (Not a Point-in-Time Count),,,
OK,Oklahoma,202412,Y,988875.0,904950.0,83925.0,465930.0,105657.0,24.0,0.126,82209.0,50561.0,35001.0,23344.0,7950.0,354.0,U,U,,,,,,
OR,Oregon,202412,Y,1317097.0,1128359.0,188738.0,834366.0,126642.0,12.0,0.24,40906.0,30602.0,14064.0,5947.0,4268.0,89.0,U,U,,,,,,
PA,Pennsylvania,202412,Y,3089741.0,2800122.0,289619.0,1637306.0,322588.0,25.0,0.345,218941.0,178021.0,43887.0,13268.0,21915.0,5737.0,U,U,,,,"Updated Renewal Outcomes May Include Eligibility Actions That Occurred After the Renewal was Processed (e.g., Outcomes Based on a Change in Circumstance or for Individuals Who Returned the Renewal During the Reconsideration Period)","Updated Renewal Outcomes May Include Eligibility Actions That Occurred After the Renewal was Processed (e.g., Outcomes Based on a Change in Circumstance or for Individuals Who Returned the Renewal During the Reconsideration Period)","Updated Renewal Outcomes May Include Eligibility Actions That Occurred After the Renewal was Processed (e.g., Outcomes Based on a Change in Circumstance or for Individuals Who Returned the Renewal During the Reconsideration Period)"
RI,Rhode Island,202412,Y,0.0,0.0,0.0,0.0,,,,13235.0,11223.0,10184.0,531.0,1359.0,122.0,U,U,Unable to Provide Data due to System Limitations,Unable to Provide Data due to System Limitations,Unable to Provide Data due to System Limitations,Updated Renewal Outcomes Reported as of a Different Date Than Three Months After the End of the Original Reporting Period,Updated Renewal Outcomes Reported as of a Different Date Than Three Months After the End of the Original Reporting Period,Updated Renewal Outcomes Reported as of a Different Date Than Three Months After the End of the Original Reporting Period
SC,South Carolina,202412,N,1063506.0,958795.0,104711.0,413921.0,126964.0,1.0,0.029,77713.0,55395.0,45838.0,2937.0,19152.0,229.0,U,U,,,,Updated Renewal Outcomes Reported as of a Different Date Than Three Months After the End of the Original Reporting Period,Updated Renewal Outcomes Reported as of a Different Date Than Three Months After the End of the Original Reporting Period,Updated Renewal Outcomes Reported as of a Different Date Than Three Months After the End of the Original Reporting Period
SD,South Dakota,202412,Y,143339.0,126952.0,16387.0,61375.0,,,,6234.0,3997.0,2063.0,1710.0,527.0,0.0,U,U,,,,,,
TN,Tennessee,202412,N,1446477.0,1274882.0,171595.0,595995.0,74417.0,0.0,0.001,79559.0,67840.0,55301.0,8226.0,3314.0,179.0,U,U,,,,,,
TX,Texas,202412,N,4214876.0,3858767.0,356109.0,995528.0,750380.0,0.0,0.007,342885.0,233768.0,49301.0,72402.0,33130.0,3585.0,U,U,,,,,,
UT,Utah,202412,Y,343270.0,306547.0,36723.0,166777.0,110892.0,19.0,0.208,34977.0,22424.0,13925.0,10288.0,2265.0,0.0,U,U,,,,,,
VA,Virginia,202412,Y,1809945.0,1609622.0,200323.0,948267.0,80411.0,1.0,0.027,136162.0,123804.0,76019.0,4082.0,4022.0,4254.0,U,U,,,,,,
VT,Vermont,202412,Y,157646.0,152450.0,5196.0,98566.0,26964.0,3.0,0.043,8702.0,8280.0,7681.0,335.0,83.0,4.0,U,U,,,,,,
WA,Washington,202412,Y,1842227.0,1781871.0,60356.0,999228.0,66340.0,1.0,0.132,133983.0,112708.0,98574.0,18273.0,2982.0,20.0,U,U,,,,Updated Renewal Outcomes Reported as of a Different Date Than Three Months After the End of the Original Reporting Period,Updated Renewal Outcomes Reported as of a Different Date Than Three Months After the End of the Original Reporting Period,Updated Renewal Outcomes Reported as of a Different Date Than Three Months After the End of the Original Reporting Period
WI,Wisconsin,202412,N,1197988.0,1117012.0,80976.0,634185.0,246424.0,15.0,0.167,68731.0,47543.0,20496.0,8760.0,12428.0,0.0,U,U,,,,,,
WV,West Virginia,202412,Y,512968.0,471636.0,41332.0,307485.0,34197.0,11.0,0.192,34476.0,27156.0,21986.0,6055.0,1249.0,16.0,U,U,Includes Individuals Enrolled At Any Time in Month (Not a Point-in-Time Count),Includes Individuals Enrolled At Any Time in Month (Not a Point-in-Time Count),Includes Individuals Enrolled At Any Time in Month (Not a Point-in-Time Count),,,
WY,Wyoming,202412,N,64041.0,58080.0,5961.0,20418.0,10781.0,1.0,0.003,6282.0,4161.0,2840.0,1125.0,634.0,362.0,U,U,,,,"Updated Renewal Outcomes May Include Eligibility Actions That Occurred After the Renewal was Processed (e.g., Outcomes Based on a Change in Circumstance or for Individuals Who Returned the Renewal During the Reconsideration Period)","Updated Renewal Outcomes May Include Eligibility Actions That Occurred After the Renewal was Processed (e.g., Outcomes Based on a Change in Circumstance or for Individuals Who Returned the Renewal During the Reconsideration Period)","Updated Renewal Outcomes May Include Eligibility Actions That Occurred After the Renewal was Processed (e.g., Outcomes Based on a Change in Circumstance or for Individuals Who Returned the Renewal During the Reconsideration Period)"
AK,Alaska,202501,Y,246432.0,231448.0,14984.0,148872.0,46656.0,50.0,0.45,31624.0,11259.0,7285.0,5854.0,3186.0,11325.0,U,U,,,,,,
AL,Alabama,202501,N,956651.0,771806.0,184845.0,275761.0,61864.0,3.0,0.157,118070.0,82808.0,43184.0,20560.0,14702.0,0.0,U,U,,,,,,
AR,Arkansas,202501,Y,825477.0,742682.0,82795.0,417581.0,206448.0,13.0,0.018,49781.0,45106.0,36106.0,1313.0,3241.0,121.0,U,U,,,,,,
AZ,Arizona,202501,Y,1872834.0,1754999.0,117835.0,1066666.0,80224.0,6.0,0.167,160274.0,112891.0,95711.0,30146.0,13114.0,4123.0,U,U,,,,,,
CA,California,202501,Y,13507653.0,12268267.0,1239386.0,8486501.0,322348.0,5.0,0.109,1321760.0,1057491.0,814963.0,140410.0,61442.0,62417.0,U,U,Includes Limited-Benefit Enrollees,Includes Limited-Benefit Enrollees,Includes Limited-Benefit Enrollees,,,
CO,Colorado,202501,Y,1220606.0,1066317.0,154289.0,686204.0,29695.0,3.0,0.027,90564.0,70964.0,52210.0,10297.0,8509.0,794.0,U,U,,,,,,
CT,Connecticut,202501,Y,929983.0,905866.0,24117.0,560440.0,166126.0,23.0,0.175,79067.0,71036.0,65938.0,1754.0,5248.0,1029.0,U,U,,,,,,
DC,District of Columbia,202501,Y,259022.0,241590.0,17432.0,162428.0,40248.0,0.0,0.02,19123.0,17579.0,16505.0,1220.0,87.0,237.0,U,U,,,,Updated Renewal Outcomes Reported as of a Different Date Than Three Months After the End of the Original Reporting Period,Updated Renewal Outcomes Reported as of a Different Date Than Three Months After the End of the Original Reporting Period,Updated Renewal Outcomes Reported as of a Different Date Than Three Months After the End of the Original Reporting Period
DE,Delaware,202501,Y,247850.0,235074.0,12776.0,137848.0,31323.0,1.0,0.314,16429.0,12970.0,6831.0,1961.0,1299.0,199.0,U,U,,,,,,
FL,Florida,202501,N,3739787.0,3572785.0,167002.0,1314689.0,2274426.0,13.0,0.222,163507.0,114482.0,44806.0,29935.0,18944.0,146.0,U,U,,,,Updated Renewal Outcomes Reported as of a Different Date Than Three Months After the End of the Original Reporting Period,Updated Renewal Outcomes Reported as of a Different Date Than Three Months After the End of the Original Reporting Period,Updated Renewal Outcomes Reported as of a Different Date Than Three Months After the End of the Original Reporting Period
GA,Georgia,202501,N,1953358.0,1722003.0,231355.0,563892.0,44262.0,23.0,0.006,209946.0,137438.0,109134.0,28970.0,38893.0,4645.0,U,U,,,,,,
HI,Hawaii,202501,Y,404525.0,381302.0,23223.0,249587.0,23039.0,22.0,0.22,26879.0,25435.0,22516.0,1112.0,268.0,64.0,U,U,,,,,,
IA,Iowa,202501,Y,682489.0,596380.0,86109.0,342766.0,28941.0,10.0,0.259,59486.0,51113.0,31887.0,5369.0,1961.0,1043.0,U,U,,,,,,
ID,Idaho,202501,Y,321003.0,300476.0,20527.0,162383.0,51779.0,31.0,0.071,18249.0,13077.0,8782.0,4222.0,950.0,0.0,U,U,,,,,,
IL,Illinois,202501,Y,3211905.0,2918728.0,293177.0,1778548.0,407702.0,21.0,0.368,174110.0,136054.0,110986.0,24378.0,6562.0,7116.0,U,U,,,,,,
IN,Indiana,202501,Y,1779742.0,1637502.0,142240.0,955371.0,282334.0,5.0,0.071,113036.0,95264.0,78765.0,6951.0,4047.0,6774.0,U,U,,,,,,
KS,Kansas,202501,N,421437.0,344329.0,77108.0,133311.0,37806.0,0.0,0.191,36356.0,26343.0,14359.0,2138.0,5585.0,2290.0,U,U,,,,,,
KY,Kentucky,202501,Y,1384411.0,1249299.0,135112.0,756266.0,130204.0,3.0,0.062,70736.0,61289.0,55609.0,18.0,1927.0,7502.0,U,U,,,,,,
LA,Louisiana,202501,Y,1527109.0,1379725.0,147384.0,815681.0,361285.0,4.0,0.08,96196.0,77684.0,63890.0,13315.0,4902.0,295.0,U,U,,,,,,
MA,Massachusetts,202501,Y,1649572.0,1458215.0,191357.0,948761.0,295399.0,2.0,0.027,125006.0,100440.0,71950.0,14915.0,9651.0,0.0,U,U,,,,,,
MD,Maryland,202501,Y,1477244.0,1277393.0,199851.0,793093.0,97729.0,19.0,0.342,107487.0,66946.0,47852.0,35166.0,4298.0,1077.0,U,U,,,,,,
ME,Maine,202501,Y,345420.0,317587.0,27833.0,205145.0,41209.0,12.0,0.17,31047.0,28904.0,23165.0,1156.0,784.0,203.0,U,U,,,,,,
MI,Michigan,202501,Y,2405020.0,2229690.0,175330.0,1472724.0,192301.0,0.0,0.006,181338.0,144821.0,98547.0,30099.0,4769.0,1649.0,U,U,,,,,,
MN,Minnesota,202501,Y,1169119.0,1164178.0,4941.0,575455.0,39203.0,24.0,0.36,98928.0,81147.0,70457.0,14809.0,2972.0,0.0,U,U,,,,,,
MO,Missouri,202501,Y,1277312.0,1145686.0,131626.0,672469.0,102940.0,58.0,0.524,128244.0,59145.0,52240.0,41206.0,3041.0,24852.0,U,U,,,,,,
MS,Mississippi,202501,N,605973.0,521165.0,84808.0,204271.0,8607.0,0.0,0.035,34881.0,27930.0,15095.0,5856.0,1093.0,2.0,U,U,,,,,,
MT,Montana,202501,Y,214191.0,194027.0,20164.0,121552.0,31314.0,29.0,0.47,11426.0,6755.0,3380.0,3208.0,684.0,779.0,U,U,,,,,,
NC,North Carolina,202501,Y,2863313.0,2514937.0,348376.0,1432952.0,27263.0,0.0,0.005,289202.0,232025.0,231287.0,13295.0,3610.0,40272.0,U,U,,,,,,
ND,North Dakota,202501,Y,109219.0,104033.0,5186.0,56047.0,29289.0,11.0,0.353,8185.0,5789.0,1895.0,1517.0,866.0,13.0,U,U,,,,,,
NE,Nebraska,202501,Y,346601.0,309233.0,37368.0,168497.0,36927.0,5.0,0.1069,23746.0,16549.0,10603.0,3151.0,2602.0,1444.0,U,U,,,,Updated Renewal Outcomes Reported as of a Different Date Than Three Months After the End of the Original Reporting Period,Updated Renewal Outcomes Reported as of a Different Date Than Three Months After the End of the Original Reporting Period,Updated Renewal Outcomes Reported as of a Different Date Than Three Months After the End of the Original Reporting Period
NH,New Hampshire,202501,Y,188905.0,169413.0,19492.0,97656.0,41436.0,7.0,0.11,10855.0,9946.0,9192.0,699.0,198.0,12.0,U,U,Includes Retroactive Enrollments,Includes Retroactive Enrollments,Includes Retroactive Enrollments,,,
NJ,New Jersey,202501,Y,1796993.0,1542980.0,254013.0,974364.0,176885.0,4.0,0.019,126848.0,83059.0,41822.0,20863.0,10301.0,12625.0,U,U,,,,,,
NM,New Mexico,202501,Y,728982.0,682897.0,46085.0,402411.0,242314.0,15.0,0.158,36325.0,22728.0,15415.0,12243.0,1347.0,7.0,U,U,,,,Updated Renewal Outcomes Reported as of a Different Date Than Three Months After the End of the Original Reporting Period,Updated Renewal Outcomes Reported as of a Different Date Than Three Months After the End of the Original Reporting Period,Updated Renewal Outcomes Reported as of a Different Date Than Three Months After the End of the Original Reporting Period
NV,Nevada,202501,Y,769660.0,717293.0,52367.0,438550.0,114602.0,59.0,0.31,52767.0,46932.0,42910.0,4527.0,1308.0,0.0,U,U,,,,Updated Renewal Outcomes Reported as of a Different Date Than Three Months After the End of the Original Reporting Period,Updated Renewal Outcomes Reported as of a Different Date Than Three Months After the End of the Original Reporting Period,Updated Renewal Outcomes Reported as of a Different Date Than Three Months After the End of the Original Reporting Period
NY,New York,202501,Y,6623067.0,5945383.0,677684.0,4157613.0,753143.0,1.0,0.01,448917.0,355669.0,224284.0,34295.0,52061.0,6892.0,U,U,,,,,,
OH,Ohio,202501,Y,2822877.0,2579924.0,242953.0,1612726.0,214775.0,2.0,0.04,233777.0,212249.0,199612.0,16890.0,4444.0,194.0,U,U,Includes Individuals Enrolled At Any Time in Month (Not a Point-in-Time Count),Includes Individuals Enrolled At Any Time in Month (Not a Point-in-Time Count),Includes Individuals Enrolled At Any Time in Month (Not a Point-in-Time Count),,,
OK,Oklahoma,202501,Y,993379.0,913858.0,79521.0,473040.0,218824.0,21.0,0.096,65330.0,35493.0,18600.0,24283.0,5305.0,249.0,U,U,,,,,,
OR,Oregon,202501,Y,1316486.0,1126652.0,189834.0,833157.0,153067.0,10.0,0.287,47947.0,40502.0,22651.0,4523.0,2838.0,84.0,U,U,,,,,,
PA,Pennsylvania,202501,Y,3110325.0,2814521.0,295804.0,1646257.0,369324.0,26.0,0.356,209857.0,174990.0,40581.0,12199.0,19828.0,2840.0,U,U,,,,"Updated Renewal Outcomes May Include Eligibility Actions That Occurred After the Renewal was Processed (e.g., Outcomes Based on a Change in Circumstance or for Individuals Who Returned the Renewal During the Reconsideration Period)","Updated Renewal Outcomes May Include Eligibility Actions That Occurred After the Renewal was Processed (e.g., Outcomes Based on a Change in Circumstance or for Individuals Who Returned the Renewal During the Reconsideration Period)","Updated Renewal Outcomes May Include Eligibility Actions That Occurred After the Renewal was Processed (e.g., Outcomes Based on a Change in Circumstance or for Individuals Who Returned the Renewal During the Reconsideration Period)"
RI,Rhode Island,202501,Y,312216.0,279404.0,32812.0,187788.0,,,,20336.0,19063.0,15619.0,5.0,1262.0,6.0,U,U,,,,Updated Renewal Outcomes Reported as of a Different Date Than Three Months After the End of the Original Reporting Period,Updated Renewal Outcomes Reported as of a Different Date Than Three Months After the End of the Original Reporting Period,Updated Renewal Outcomes Reported as of a Different Date Than Three Months After the End of the Original Reporting Period
SC,South Carolina,202501,N,1063741.0,957276.0,106465.0,414691.0,186696.0,6.0,0.241,76387.0,55578.0,45542.0,3089.0,17558.0,162.0,U,U,Includes Retroactive Enrollments,Includes Retroactive Enrollments,Includes Retroactive Enrollments,,,
SD,South Dakota,202501,Y,144398.0,128008.0,16390.0,62079.0,,,,6842.0,3830.0,1148.0,2329.0,683.0,0.0,U,U,,,,,,
TN,Tennessee,202501,N,1441443.0,1267680.0,173763.0,593788.0,91992.0,0.0,0.001,73290.0,63778.0,53146.0,6379.0,3054.0,79.0,U,U,,,,,,
TX,Texas,202501,N,4205298.0,3842314.0,362984.0,996167.0,852094.0,0.0,0.009,274079.0,188337.0,25505.0,51306.0,31296.0,3140.0,U,U,,,,,,
UT,Utah,202501,Y,342992.0,306602.0,36390.0,167673.0,128030.0,19.0,0.209,30179.0,20537.0,11475.0,8413.0,1229.0,0.0,U,U,,,,,,
VA,Virginia,202501,Y,1807197.0,1605665.0,201532.0,946801.0,92456.0,1.0,0.05,158869.0,137470.0,76696.0,13606.0,5979.0,1814.0,U,U,,,,,,
VT,Vermont,202501,Y,158483.0,153193.0,5290.0,99200.0,25676.0,1.0,0.012,11431.0,10017.0,8799.0,989.0,281.0,144.0,U,U,,,,,,
WA,Washington,202501,Y,1840117.0,1778763.0,61354.0,998411.0,76009.0,1.0,0.184,115909.0,102871.0,95321.0,10850.0,2169.0,19.0,U,U,,,,Updated Renewal Outcomes Reported as of a Different Date Than Three Months After the End of the Original Reporting Period,Updated Renewal Outcomes Reported as of a Different Date Than Three Months After the End of the Original Reporting Period,Updated Renewal Outcomes Reported as of a Different Date Than Three Months After the End of the Original Reporting Period
WI,Wisconsin,202501,N,1195211.0,1112962.0,82249.0,632521.0,315737.0,17.0,0.205,75623.0,54712.0,23619.0,10292.0,10619.0,0.0,U,U,,,,,,
WV,West Virginia,202501,Y,512308.0,471010.0,41298.0,306462.0,23496.0,11.0,0.089,22503.0,17208.0,12872.0,4361.0,927.0,7.0,U,U,Includes Individuals Enrolled At Any Time in Month (Not a Point-in-Time Count),Includes Individuals Enrolled At Any Time in Month (Not a Point-in-Time Count),Includes Individuals Enrolled At Any Time in Month (Not a Point-in-Time Count),,,
WY,Wyoming,202501,N,64227.0,58110.0,6117.0,20398.0,13768.0,1.0,0.012,5594.0,3727.0,2447.0,949.0,414.0,504.0,U,U,,,,"Updated Renewal Outcomes May Include Eligibility Actions That Occurred After the Renewal was Processed (e.g., Outcomes Based on a Change in Circumstance or for Individuals Who Returned the Renewal During the Reconsideration Period)","Updated Renewal Outcomes May Include Eligibility Actions That Occurred After the Renewal was Processed (e.g., Outcomes Based on a Change in Circumstance or for Individuals Who Returned the Renewal During the Reconsideration Period)","Updated Renewal Outcomes May Include Eligibility Actions That Occurred After the Renewal was Processed (e.g., Outcomes Based on a Change in Circumstance or for Individuals Who Returned the Renewal During the Reconsideration Period)"
AK,Alaska,202502,Y,243847.0,229186.0,14661.0,147203.0,40949.0,58.0,0.47,26854.0,9008.0,4067.0,4878.0,3032.0,9936.0,U,U,,,,,,
AL,Alabama,202502,N,955498.0,769769.0,185729.0,274876.0,50799.0,2.0,0.105,120009.0,83575.0,37747.0,21598.0,14836.0,0.0,U,U,,,,,,
AR,Arkansas,202502,Y,824245.0,741361.0,82884.0,415501.0,162889.0,9.0,0.013,54702.0,44586.0,38308.0,8413.0,1699.0,4.0,U,U,,,,,,
AZ,Arizona,202502,Y,1859290.0,1741232.0,118058.0,1058385.0,66351.0,4.0,0.128,157454.0,113906.0,95789.0,27789.0,13539.0,2220.0,U,U,,,,,,
CA,California,202502,Y,13498666.0,12262804.0,1235862.0,8487964.0,260844.0,13.0,0.023,996832.0,890478.0,755759.0,55742.0,23698.0,26914.0,U,U,Includes Limited-Benefit Enrollees,Includes Limited-Benefit Enrollees,Includes Limited-Benefit Enrollees,,,
CO,Colorado,202502,Y,1214270.0,1061620.0,152650.0,683682.0,25753.0,2.0,0.014,87308.0,69417.0,51770.0,10081.0,6954.0,856.0,U,U,,,,,,
CT,Connecticut,202502,Y,929063.0,904678.0,24385.0,559743.0,123848.0,18.0,0.138,100610.0,89324.0,82170.0,4809.0,5171.0,1306.0,U,U,,,,,,
DC,District of Columbia,202502,Y,260125.0,242721.0,17404.0,163580.0,32197.0,0.0,0.01,18673.0,17234.0,16080.0,1056.0,122.0,261.0,U,U,,,,Updated Renewal Outcomes Reported as of a Different Date Than Three Months After the End of the Original Reporting Period,Updated Renewal Outcomes Reported as of a Different Date Than Three Months After the End of the Original Reporting Period,Updated Renewal Outcomes Reported as of a Different Date Than Three Months After the End of the Original Reporting Period
DE,Delaware,202502,Y,247850.0,234793.0,13057.0,137856.0,24939.0,1.0,0.251,20791.0,16847.0,10513.0,2131.0,1604.0,209.0,U,U,,,,Updated Renewal Outcomes Reported as of a Different Date Than Three Months After the End of the Original Reporting Period,Updated Renewal Outcomes Reported as of a Different Date Than Three Months After the End of the Original Reporting Period,Updated Renewal Outcomes Reported as of a Different Date Than Three Months After the End of the Original Reporting Period
FL,Florida,202502,N,3737528.0,3570363.0,167165.0,1316771.0,1694272.0,18.0,0.25,229113.0,182273.0,49350.0,25024.0,21495.0,321.0,U,U,,,,Updated Renewal Outcomes Reported as of a Different Date Than Three Months After the End of the Original Reporting Period,Updated Renewal Outcomes Reported as of a Different Date Than Three Months After the End of the Original Reporting Period,Updated Renewal Outcomes Reported as of a Different Date Than Three Months After the End of the Original Reporting Period
GA,Georgia,202502,N,1948393.0,1719287.0,229106.0,562607.0,48585.0,19.0,0.02,200774.0,136666.0,108442.0,34698.0,24204.0,5206.0,U,U,,,,,,
HI,Hawaii,202502,Y,403422.0,379959.0,23463.0,248553.0,19830.0,13.0,0.23,16614.0,15842.0,13796.0,443.0,268.0,61.0,U,U,Includes Retroactive Enrollments,Includes Retroactive Enrollments,Includes Retroactive Enrollments,,,
IA,Iowa,202502,Y,682234.0,595865.0,86369.0,342689.0,23425.0,7.0,0.194,58552.0,45781.0,29684.0,8922.0,2553.0,1296.0,U,U,,,,,,
ID,Idaho,202502,Y,320307.0,299878.0,20429.0,161967.0,46073.0,33.0,0.071,17694.0,13114.0,9026.0,3758.0,822.0,0.0,U,U,,,,,,
IL,Illinois,202502,Y,3204871.0,2908569.0,296302.0,1777402.0,298852.0,20.0,0.341,263203.0,204413.0,163909.0,29908.0,11990.0,16892.0,U,U,,,,,,
IN,Indiana,202502,Y,1777256.0,1634823.0,142433.0,953155.0,242219.0,4.0,0.056,122328.0,99895.0,80198.0,7284.0,5099.0,10050.0,U,U,,,,,,
KS,Kansas,202502,N,421493.0,344365.0,77128.0,132571.0,31442.0,0.0,0.003,20986.0,17093.0,9049.0,922.0,2480.0,491.0,U,U,,,,,,
KY,Kentucky,202502,Y,1383093.0,1247786.0,135307.0,755024.0,100610.0,0.0,0.083,67936.0,59674.0,54681.0,16.0,1688.0,6558.0,U,U,,,,,,
LA,Louisiana,202502,Y,1526099.0,1378667.0,147432.0,814705.0,332386.0,3.0,0.063,127872.0,101915.0,85474.0,19096.0,6570.0,291.0,U,U,,,,,,
MA,Massachusetts,202502,Y,1643390.0,1449743.0,193647.0,943926.0,239104.0,1.0,0.011,73609.0,59983.0,44528.0,10821.0,2804.0,1.0,U,U,,,,Updated Renewal Outcomes Reported as of a Different Date Than Three Months After the End of the Original Reporting Period,Updated Renewal Outcomes Reported as of a Different Date Than Three Months After the End of the Original Reporting Period,Updated Renewal Outcomes Reported as of a Different Date Than Three Months After the End of the Original Reporting Period
MD,Maryland,202502,Y,1460943.0,1258976.0,201967.0,778784.0,66948.0,13.0,0.275,99340.0,60842.0,43386.0,33334.0,4066.0,1098.0,U,U,,,,,,
ME,Maine,202502,Y,345419.0,318229.0,27190.0,204925.0,30382.0,11.0,0.13,35221.0,32848.0,27075.0,1461.0,715.0,197.0,U,U,,,,,,
MI,Michigan,202502,Y,2402378.0,2226546.0,175832.0,1471261.0,160087.0,1.0,0.013,189013.0,149989.0,106273.0,30810.0,5957.0,2257.0,U,U,,,,Updated Renewal Outcomes Reported as of a Different Date Than Three Months After the End of the Original Reporting Period,Updated Renewal Outcomes Reported as of a Different Date Than Three Months After the End of the Original Reporting Period,Updated Renewal Outcomes Reported as of a Different Date Than Three Months After the End of the Original Reporting Period
MN,Minnesota,202502,Y,1168538.0,1163560.0,4978.0,572443.0,33669.0,20.0,0.4,104940.0,84588.0,75072.0,16985.0,3367.0,0.0,U,U,,,,,,
MO,Missouri,202502,Y,1313561.0,1182723.0,130838.0,717303.0,87319.0,56.0,0.515,110137.0,55565.0,49796.0,36189.0,2245.0,16138.0,U,U,,,,,,
MS,Mississippi,202502,N,605205.0,520124.0,85081.0,203349.0,7139.0,0.0,0.039,44438.0,36182.0,18957.0,7005.0,1251.0,0.0,U,U,,,,,,
MT,Montana,202502,Y,213918.0,193632.0,20286.0,121299.0,22650.0,25.0,0.39,11308.0,6632.0,2978.0,2973.0,987.0,716.0,U,U,Includes Individuals Enrolled At Any Time in Month (Not a Point-in-Time Count),Includes Individuals Enrolled At Any Time in Month (Not a Point-in-Time Count),Includes Individuals Enrolled At Any Time in Month (Not a Point-in-Time Count),,,
NC,North Carolina,202502,Y,2863257.0,2515649.0,347608.0,1430246.0,23176.0,0.0,0.005,299882.0,242856.0,242003.0,9594.0,5314.0,42118.0,U,U,,,,Updated Renewal Outcomes Reported as of a Different Date Than Three Months After the End of the Original Reporting Period,Updated Renewal Outcomes Reported as of a Different Date Than Three Months After the End of the Original Reporting Period,Updated Renewal Outcomes Reported as of a Different Date Than Three Months After the End of the Original Reporting Period
ND,North Dakota,202502,Y,107935.0,102755.0,5180.0,55155.0,22268.0,6.0,0.219,8405.0,6126.0,2523.0,1294.0,964.0,21.0,U,U,,,,,,
NE,Nebraska,202502,Y,347070.0,309542.0,37528.0,168388.0,29893.0,5.0,0.109,26028.0,19072.0,11680.0,3230.0,2572.0,1154.0,U,U,,,,Updated Renewal Outcomes Reported as of a Different Date Than Three Months After the End of the Original Reporting Period,Updated Renewal Outcomes Reported as of a Different Date Than Three Months After the End of the Original Reporting Period,Updated Renewal Outcomes Reported as of a Different Date Than Three Months After the End of the Original Reporting Period
NH,New Hampshire,202502,Y,188741.0,169349.0,19392.0,97524.0,34796.0,6.0,0.1,10796.0,9461.0,8303.0,1116.0,209.0,10.0,U,U,Includes Retroactive Enrollments,Includes Retroactive Enrollments,Includes Retroactive Enrollments,,,
NJ,New Jersey,202502,Y,1802826.0,1546343.0,256483.0,975826.0,144231.0,4.0,0.007,90151.0,58244.0,30918.0,16842.0,6916.0,8149.0,U,U,,,,,,
NM,New Mexico,202502,Y,723600.0,678229.0,45371.0,399898.0,193251.0,12.0,0.116,43475.0,27607.0,18996.0,14311.0,1525.0,32.0,U,U,,,,Updated Renewal Outcomes Reported as of a Different Date Than Three Months After the End of the Original Reporting Period,Updated Renewal Outcomes Reported as of a Different Date Than Three Months After the End of the Original Reporting Period,Updated Renewal Outcomes Reported as of a Different Date Than Three Months After the End of the Original Reporting Period
NV,Nevada,202502,Y,772086.0,719414.0,52672.0,440521.0,92205.0,44.0,0.28,65190.0,59211.0,53381.0,4517.0,1462.0,0.0,U,U,,,,,,
NY,New York,202502,Y,6611694.0,5930375.0,681319.0,4142587.0,617314.0,2.0,0.009,469226.0,363320.0,234217.0,37291.0,60885.0,7730.0,U,U,,,,,,
OH,Ohio,202502,Y,2818209.0,2573593.0,244616.0,1609118.0,174870.0,2.0,0.04,246834.0,214111.0,197289.0,24325.0,7695.0,703.0,U,U,Includes Individuals Enrolled At Any Time in Month (Not a Point-in-Time Count),Includes Individuals Enrolled At Any Time in Month (Not a Point-in-Time Count),Includes Individuals Enrolled At Any Time in Month (Not a Point-in-Time Count),,,
OK,Oklahoma,202502,Y,978307.0,898961.0,79346.0,464955.0,177897.0,16.0,0.087,63635.0,38026.0,26686.0,17049.0,8328.0,232.0,U,U,,,,,,
OR,Oregon,202502,Y,1318386.0,1127670.0,190716.0,834824.0,116970.0,6.0,0.206,76290.0,59193.0,35734.0,10573.0,6059.0,465.0,U,U,,,,,,
PA,Pennsylvania,202502,Y,3108474.0,2813682.0,294792.0,1645403.0,264238.0,29.0,0.359,225560.0,189679.0,42124.0,11863.0,19518.0,4500.0,U,U,,,,"Updated Renewal Outcomes May Include Eligibility Actions That Occurred After the Renewal was Processed (e.g., Outcomes Based on a Change in Circumstance or for Individuals Who Returned the Renewal During the Reconsideration Period)","Updated Renewal Outcomes May Include Eligibility Actions That Occurred After the Renewal was Processed (e.g., Outcomes Based on a Change in Circumstance or for Individuals Who Returned the Renewal During the Reconsideration Period)","Updated Renewal Outcomes May Include Eligibility Actions That Occurred After the Renewal was Processed (e.g., Outcomes Based on a Change in Circumstance or for Individuals Who Returned the Renewal During the Reconsideration Period)"
RI,Rhode Island,202502,Y,317094.0,283813.0,33281.0,191832.0,21469.0,10.0,0.191,12575.0,12516.0,12513.0,0.0,59.0,0.0,U,U,,,,Updated Renewal Outcomes Reported as of a Different Date Than Three Months After the End of the Original Reporting Period,Updated Renewal Outcomes Reported as of a Different Date Than Three Months After the End of the Original Reporting Period,Updated Renewal Outcomes Reported as of a Different Date Than Three Months After the End of the Original Reporting Period
SC,South Carolina,202502,N,1063443.0,955566.0,107877.0,415231.0,126382.0,2.0,0.038,76056.0,59691.0,51070.0,2553.0,13667.0,145.0,U,U,Includes Retroactive Enrollments,Includes Retroactive Enrollments,Includes Retroactive Enrollments,Updated Renewal Outcomes Reported as of a Different Date Than Three Months After the End of the Original Reporting Period,Updated Renewal Outcomes Reported as of a Different Date Than Three Months After the End of the Original Reporting Period,Updated Renewal Outcomes Reported as of a Different Date Than Three Months After the End of the Original Reporting Period
SD,South Dakota,202502,Y,145286.0,128684.0,16602.0,62815.0,,,,8822.0,4842.0,1297.0,3171.0,809.0,0.0,U,U,,,,,,
TN,Tennessee,202502,N,1442194.0,1269186.0,173008.0,592676.0,71608.0,0.0,0.001,83784.0,75475.0,60197.0,5695.0,2569.0,45.0,U,U,,,,,,
TX,Texas,202502,N,4198734.0,3829932.0,368802.0,985680.0,757155.0,1.0,0.009,289017.0,198724.0,26289.0,54504.0,32559.0,3230.0,U,U,,,,,,
UT,Utah,202502,Y,343600.0,307241.0,36359.0,168623.0,98812.0,12.0,0.153,30742.0,20999.0,11390.0,8440.0,1303.0,0.0,U,U,,,,,,
VA,Virginia,202502,Y,1799885.0,1597298.0,202587.0,942175.0,79296.0,1.0,0.018,151611.0,120536.0,59860.0,9411.0,5753.0,15911.0,U,U,,,,,,
VT,Vermont,202502,Y,157905.0,152610.0,5295.0,98671.0,18142.0,1.0,0.012,13641.0,11978.0,10639.0,1188.0,403.0,72.0,U,U,,,,,,
WA,Washington,202502,Y,1830502.0,1769021.0,61481.0,991864.0,63107.0,1.0,0.2,115704.0,102742.0,95515.0,10979.0,1966.0,17.0,U,U,,,,Updated Renewal Outcomes Reported as of a Different Date Than Three Months After the End of the Original Reporting Period,Updated Renewal Outcomes Reported as of a Different Date Than Three Months After the End of the Original Reporting Period,Updated Renewal Outcomes Reported as of a Different Date Than Three Months After the End of the Original Reporting Period
WI,Wisconsin,202502,N,1191546.0,1108523.0,83023.0,630798.0,244077.0,9.0,0.122,100180.0,65698.0,25548.0,10838.0,23644.0,0.0,U,U,,,,,,
WV,West Virginia,202502,Y,511219.0,469963.0,41256.0,305438.0,20988.0,11.0,0.115,32977.0,26303.0,19487.0,5315.0,1348.0,11.0,U,U,Includes Individuals Enrolled At Any Time in Month (Not a Point-in-Time Count),Includes Individuals Enrolled At Any Time in Month (Not a Point-in-Time Count),Includes Individuals Enrolled At Any Time in Month (Not a Point-in-Time Count),,,
WY,Wyoming,202502,N,63816.0,57698.0,6118.0,20289.0,11199.0,1.0,0.011,7354.0,5580.0,2675.0,1062.0,295.0,417.0,U,U,,,,"Updated Renewal Outcomes May Include Eligibility Actions That Occurred After the Renewal was Processed (e.g., Outcomes Based on a Change in Circumstance or for Individuals Who Returned the Renewal During the Reconsideration Period)","Updated Renewal Outcomes May Include Eligibility Actions That Occurred After the Renewal was Processed (e.g., Outcomes Based on a Change in Circumstance or for Individuals Who Returned the Renewal During the Reconsideration Period)","Updated Renewal Outcomes May Include Eligibility Actions That Occurred After the Renewal was Processed (e.g., Outcomes Based on a Change in Circumstance or for Individuals Who Returned the Renewal During the Reconsideration Period)"
AK,Alaska,202503,Y,243077.0,228508.0,14569.0,146693.0,38729.0,26.0,0.34,27389.0,12518.0,7573.0,4007.0,3295.0,7569.0,U,U,,,,,,
AL,Alabama,202503,N,953505.0,767428.0,186077.0,273984.0,47907.0,2.0,0.08,172855.0,127482.0,37535.0,26975.0,18398.0,0.0,U,U,,,,,,
AR,Arkansas,202503,Y,828054.0,744815.0,83239.0,417397.0,174710.0,11.0,0.015,56981.0,47448.0,40399.0,7934.0,1598.0,1.0,U,U,,,,,,
AZ,Arizona,202503,Y,1849039.0,1731858.0,117181.0,1052982.0,73898.0,4.0,0.117,165853.0,125577.0,105397.0,16802.0,20248.0,3226.0,U,U,,,,,,
CA,California,202503,Y,13476132.0,12241886.0,1234246.0,8477293.0,279655.0,4.0,0.016,1034952.0,928768.0,794012.0,55207.0,27253.0,23724.0,U,U,Includes Limited-Benefit Enrollees,Includes Limited-Benefit Enrollees,Includes Limited-Benefit Enrollees,,,
CO,Colorado,202503,Y,1214035.0,1061370.0,152665.0,683872.0,26463.0,2.0,0.022,87791.0,68376.0,49055.0,9932.0,9076.0,407.0,U,U,,,,,,
CT,Connecticut,202503,Y,927823.0,903080.0,24743.0,558367.0,117677.0,15.0,0.152,106605.0,91127.0,82907.0,7794.0,6209.0,1475.0,U,U,,,,,,
DC,District of Columbia,202503,Y,261474.0,243989.0,17485.0,164728.0,33017.0,0.0,0.01,18958.0,17238.0,15870.0,1150.0,181.0,389.0,U,U,,,,Updated Renewal Outcomes Reported as of a Different Date Than Three Months After the End of the Original Reporting Period,Updated Renewal Outcomes Reported as of a Different Date Than Three Months After the End of the Original Reporting Period,Updated Renewal Outcomes Reported as of a Different Date Than Three Months After the End of the Original Reporting Period
DE,Delaware,202503,Y,247380.0,234184.0,13196.0,137769.0,22681.0,1.0,0.223,21464.0,17242.0,9177.0,2259.0,1768.0,195.0,U,U,,,,,,
FL,Florida,202503,N,3735641.0,3569105.0,166536.0,1317855.0,1468788.0,20.0,0.202,168462.0,124054.0,34599.0,21470.0,22757.0,181.0,U,U,,,,Updated Renewal Outcomes Reported as of a Different Date Than Three Months After the End of the Original Reporting Period,Updated Renewal Outcomes Reported as of a Different Date Than Three Months After the End of the Original Reporting Period,Updated Renewal Outcomes Reported as of a Different Date Than Three Months After the End of the Original Reporting Period
GA,Georgia,202503,N,1943066.0,1720148.0,222918.0,562985.0,46544.0,22.0,0.007,216344.0,145058.0,110175.0,35611.0,28095.0,7580.0,U,U,,,,,,
HI,Hawaii,202503,Y,401480.0,377995.0,23485.0,246923.0,19526.0,1.0,0.12,23780.0,20903.0,16572.0,1989.0,691.0,197.0,U,U,Includes Retroactive Enrollments,Includes Retroactive Enrollments,Includes Retroactive Enrollments,,,
IA,Iowa,202503,Y,677395.0,591157.0,86238.0,340125.0,24301.0,5.0,0.135,43847.0,32975.0,20695.0,8362.0,1087.0,1423.0,U,U,,,,,,
ID,Idaho,202503,Y,321720.0,301261.0,20459.0,163154.0,54252.0,27.0,0.068,21585.0,15983.0,10457.0,4292.0,1310.0,0.0,U,U,,,,,,
IL,Illinois,202503,Y,3194479.0,2894353.0,300126.0,1772652.0,314021.0,18.0,0.313,271250.0,212237.0,167339.0,32220.0,14883.0,11910.0,U,U,,,,,,
IN,Indiana,202503,Y,1781352.0,1633331.0,148021.0,954104.0,240819.0,5.0,0.07,135635.0,78962.0,57969.0,44708.0,5214.0,6751.0,U,U,,,,,,
KS,Kansas,202503,N,420083.0,343671.0,76412.0,131569.0,35217.0,0.0,0.004,39321.0,27413.0,13608.0,5903.0,3974.0,2031.0,U,U,,,,,,
KY,Kentucky,202503,Y,1380611.0,1243884.0,136727.0,751775.0,98994.0,0.0,0.084,76683.0,67120.0,61144.0,15.0,1693.0,7855.0,U,U,,,,,,
LA,Louisiana,202503,Y,1518605.0,1372332.0,146273.0,807791.0,325092.0,3.0,0.063,121515.0,104846.0,93636.0,11063.0,5338.0,268.0,U,U,,,,,,
MA,Massachusetts,202503,Y,1638219.0,1447002.0,191217.0,939560.0,259898.0,1.0,0.007,77216.0,59692.0,46271.0,14194.0,3330.0,0.0,U,U,,,,Updated Renewal Outcomes Reported as of a Different Date Than Three Months After the End of the Original Reporting Period,Updated Renewal Outcomes Reported as of a Different Date Than Three Months After the End of the Original Reporting Period,Updated Renewal Outcomes Reported as of a Different Date Than Three Months After the End of the Original Reporting Period
MD,Maryland,202503,Y,1453118.0,1248720.0,204398.0,770176.0,68636.0,9.0,0.208,92804.0,59512.0,41525.0,28520.0,3712.0,1060.0,U,U,,,,,,
ME,Maine,202503,Y,346294.0,318636.0,27658.0,205127.0,32468.0,10.0,0.15,32436.0,30211.0,25217.0,1392.0,591.0,242.0,U,U,,,,,,
MI,Michigan,202503,Y,2397016.0,2220841.0,176175.0,1467313.0,161198.0,1.0,0.014,208069.0,167817.0,115926.0,33187.0,6318.0,747.0,U,U,,,,,,
MN,Minnesota,202503,Y,1165733.0,1160699.0,5034.0,567443.0,33734.0,16.0,0.42,96902.0,81651.0,72802.0,13082.0,2169.0,0.0,U,U,,,,,,
MO,Missouri,202503,Y,1264707.0,1133825.0,130882.0,671232.0,100711.0,58.0,0.534,150464.0,96532.0,73021.0,37500.0,2393.0,14039.0,U,U,,,,,,
MS,Mississippi,202503,N,604179.0,519398.0,84781.0,202814.0,6895.0,0.0,0.05,44794.0,36032.0,13931.0,7396.0,1366.0,0.0,U,U,,,,,,
MT,Montana,202503,Y,215429.0,194674.0,20755.0,121903.0,22159.0,23.0,0.37,7266.0,3401.0,1688.0,2254.0,746.0,865.0,U,U,Includes Individuals Enrolled At Any Time in Month (Not a Point-in-Time Count),Includes Individuals Enrolled At Any Time in Month (Not a Point-in-Time Count),Includes Individuals Enrolled At Any Time in Month (Not a Point-in-Time Count),,,
NC,North Carolina,202503,Y,2869860.0,2522468.0,347392.0,1434781.0,24286.0,0.0,0.006,276089.0,231319.0,230131.0,7510.0,6470.0,30790.0,U,U,,,,,,
ND,North Dakota,202503,Y,108079.0,102882.0,5197.0,55262.0,22479.0,5.0,0.203,10073.0,7256.0,3023.0,1660.0,1133.0,24.0,U,U,,,,,,
NE,Nebraska,202503,Y,346177.0,310047.0,36130.0,168548.0,30271.0,5.0,0.104,25775.0,19447.0,11951.0,2898.0,2545.0,885.0,U,U,,,,Updated Renewal Outcomes Reported as of a Different Date Than Three Months After the End of the Original Reporting Period,Updated Renewal Outcomes Reported as of a Different Date Than Three Months After the End of the Original Reporting Period,Updated Renewal Outcomes Reported as of a Different Date Than Three Months After the End of the Original Reporting Period
NH,New Hampshire,202503,Y,188266.0,168922.0,19344.0,97169.0,31651.0,6.0,0.07,11546.0,10169.0,8942.0,1125.0,238.0,14.0,U,U,Includes Retroactive Enrollments,Includes Retroactive Enrollments,Includes Retroactive Enrollments,,,
NJ,New Jersey,202503,Y,1810539.0,1551755.0,258784.0,978415.0,143989.0,4.0,0.007,127519.0,82182.0,43920.0,22235.0,9258.0,13844.0,U,U,,,,,,
NM,New Mexico,202503,Y,714262.0,669441.0,44821.0,394252.0,161097.0,14.0,0.102,41511.0,26768.0,16950.0,13059.0,1674.0,10.0,U,U,,,,Updated Renewal Outcomes Reported as of a Different Date Than Three Months After the End of the Original Reporting Period,Updated Renewal Outcomes Reported as of a Different Date Than Three Months After the End of the Original Reporting Period,Updated Renewal Outcomes Reported as of a Different Date Than Three Months After the End of the Original Reporting Period
NV,Nevada,202503,Y,772211.0,719195.0,53016.0,440237.0,90823.0,42.0,0.3,95796.0,83904.0,79284.0,10318.0,1574.0,0.0,U,U,,,,,,
NY,New York,202503,Y,6610162.0,5929535.0,680627.0,4140257.0,650382.0,1.0,0.013,464241.0,375693.0,237085.0,32816.0,49590.0,6142.0,U,U,,,,,,
OH,Ohio,202503,Y,2813897.0,2571272.0,242625.0,1606562.0,166548.0,1.0,0.03,268930.0,232348.0,216257.0,26999.0,8104.0,1479.0,U,U,Includes Individuals Enrolled At Any Time in Month (Not a Point-in-Time Count),Includes Individuals Enrolled At Any Time in Month (Not a Point-in-Time Count),Includes Individuals Enrolled At Any Time in Month (Not a Point-in-Time Count),,,
OK,Oklahoma,202503,Y,979463.0,896265.0,83198.0,463461.0,193478.0,16.0,0.087,55423.0,34584.0,23047.0,13500.0,6530.0,809.0,U,U,,,,Updated Renewal Outcomes Reported as of a Different Date Than Three Months After the End of the Original Reporting Period,Updated Renewal Outcomes Reported as of a Different Date Than Three Months After the End of the Original Reporting Period,Updated Renewal Outcomes Reported as of a Different Date Than Three Months After the End of the Original Reporting Period
OR,Oregon,202503,Y,1310574.0,1120280.0,190294.0,829205.0,123461.0,6.0,0.217,22971.0,18348.0,14622.0,2873.0,1698.0,52.0,U,U,,,,,,
PA,Pennsylvania,202503,Y,3101521.0,2808943.0,292578.0,1642785.0,281989.0,21.0,0.296,240602.0,198455.0,40915.0,14813.0,23994.0,3340.0,U,U,,,,"Updated Renewal Outcomes May Include Eligibility Actions That Occurred After the Renewal was Processed (e.g., Outcomes Based on a Change in Circumstance or for Individuals Who Returned the Renewal During the Reconsideration Period)","Updated Renewal Outcomes May Include Eligibility Actions That Occurred After the Renewal was Processed (e.g., Outcomes Based on a Change in Circumstance or for Individuals Who Returned the Renewal During the Reconsideration Period)","Updated Renewal Outcomes May Include Eligibility Actions That Occurred After the Renewal was Processed (e.g., Outcomes Based on a Change in Circumstance or for Individuals Who Returned the Renewal During the Reconsideration Period)"
RI,Rhode Island,202503,Y,317723.0,284846.0,32877.0,192846.0,17636.0,11.0,0.157,13686.0,13501.0,13492.0,0.0,185.0,0.0,U,U,,,,Updated Renewal Outcomes Reported as of a Different Date Than Three Months After the End of the Original Reporting Period,Updated Renewal Outcomes Reported as of a Different Date Than Three Months After the End of the Original Reporting Period,Updated Renewal Outcomes Reported as of a Different Date Than Three Months After the End of the Original Reporting Period
SC,South Carolina,202503,N,1060197.0,951171.0,109026.0,412941.0,126989.0,2.0,0.034,85790.0,69228.0,60217.0,3462.0,12936.0,164.0,U,U,Includes Retroactive Enrollments,Includes Retroactive Enrollments,Includes Retroactive Enrollments,Updated Renewal Outcomes Reported as of a Different Date Than Three Months After the End of the Original Reporting Period,Updated Renewal Outcomes Reported as of a Different Date Than Three Months After the End of the Original Reporting Period,Updated Renewal Outcomes Reported as of a Different Date Than Three Months After the End of the Original Reporting Period
SD,South Dakota,202503,Y,144264.0,128040.0,16224.0,62770.0,,,,10678.0,6292.0,1573.0,3371.0,1015.0,0.0,U,U,,,,,,
TN,Tennessee,202503,N,1445222.0,1270089.0,175133.0,592888.0,73748.0,0.0,0.001,76224.0,68037.0,53309.0,5320.0,2826.0,41.0,U,U,,,,,,
TX,Texas,202503,N,4204178.0,3855585.0,348593.0,988106.0,736858.0,0.0,0.007,254996.0,174089.0,26210.0,49490.0,28593.0,2824.0,U,U,,,,,,
UT,Utah,202503,Y,344200.0,308052.0,36148.0,169277.0,101779.0,11.0,0.142,29220.0,19810.0,10792.0,8107.0,1303.0,0.0,U,U,,,,,,
VA,Virginia,202503,Y,1793436.0,1590758.0,202678.0,938512.0,81553.0,1.0,0.011,144908.0,121231.0,56070.0,17210.0,5550.0,917.0,U,U,,,,,,
VT,Vermont,202503,Y,157441.0,152101.0,5340.0,98285.0,19104.0,1.0,0.023,13641.0,11978.0,10639.0,1188.0,403.0,72.0,U,U,,,,,,
WA,Washington,202503,Y,1826997.0,1764731.0,62266.0,989532.0,69495.0,1.0,0.22,112989.0,98036.0,90629.0,12799.0,2125.0,29.0,U,U,,,,Updated Renewal Outcomes Reported as of a Different Date Than Three Months After the End of the Original Reporting Period,Updated Renewal Outcomes Reported as of a Different Date Than Three Months After the End of the Original Reporting Period,Updated Renewal Outcomes Reported as of a Different Date Than Three Months After the End of the Original Reporting Period
WI,Wisconsin,202503,N,1175930.0,1092952.0,82978.0,622445.0,247635.0,9.0,0.104,108250.0,66607.0,22405.0,11132.0,30511.0,0.0,U,U,,,,,,
WV,West Virginia,202503,Y,509613.0,468941.0,40672.0,305670.0,21009.0,7.0,0.067,29106.0,23590.0,17431.0,4215.0,1297.0,4.0,U,U,Includes Individuals Enrolled At Any Time in Month (Not a Point-in-Time Count),Includes Individuals Enrolled At Any Time in Month (Not a Point-in-Time Count),Includes Individuals Enrolled At Any Time in Month (Not a Point-in-Time Count),,,
WY,Wyoming,202503,N,63417.0,57366.0,6051.0,20144.0,12254.0,2.0,0.023,6324.0,3978.0,2106.0,1587.0,314.0,445.0,U,U,,,,"Updated Renewal Outcomes May Include Eligibility Actions That Occurred After the Renewal was Processed (e.g., Outcomes Based on a Change in Circumstance or for Individuals Who Returned the Renewal During the Reconsideration Period)","Updated Renewal Outcomes May Include Eligibility Actions That Occurred After the Renewal was Processed (e.g., Outcomes Based on a Change in Circumstance or for Individuals Who Returned the Renewal During the Reconsideration Period)","Updated Renewal Outcomes May Include Eligibility Actions That Occurred After the Renewal was Processed (e.g., Outcomes Based on a Change in Circumstance or for Individuals Who Returned the Renewal During the Reconsideration Period)"
AK,Alaska,202504,Y,238271.0,224131.0,14140.0,143386.0,36885.0,34.0,0.36,21081.0,7813.0,4254.0,2903.0,2597.0,7768.0,U,U,,,,,,
AL,Alabama,202504,N,961550.0,775147.0,186403.0,277537.0,57830.0,2.0,0.103,109305.0,77045.0,39628.0,13209.0,19051.0,0.0,U,U,,,,,,
AR,Arkansas,202504,Y,825857.0,746164.0,79693.0,414647.0,186118.0,12.0,0.019,49645.0,40807.0,33987.0,6903.0,1935.0,0.0,U,U,,,,,,
AZ,Arizona,202504,Y,1830028.0,1713183.0,116845.0,1037876.0,73754.0,4.0,0.118,152124.0,110310.0,93352.0,28657.0,10888.0,2269.0,U,U,,,,,,
CA,California,202504,Y,13429081.0,12199798.0,1229283.0,8452995.0,294165.0,4.0,0.018,928250.0,833899.0,704431.0,51120.0,22961.0,20270.0,U,U,Includes Limited-Benefit Enrollees,Includes Limited-Benefit Enrollees,Includes Limited-Benefit Enrollees,,,
CO,Colorado,202504,Y,1215244.0,1067897.0,147347.0,685467.0,27512.0,2.0,0.028,84376.0,68645.0,46947.0,10004.0,5395.0,332.0,U,U,,,,,,
CT,Connecticut,202504,Y,920084.0,894937.0,25147.0,552774.0,126820.0,18.0,0.156,75019.0,66466.0,60166.0,3721.0,4125.0,707.0,U,U,,,,,,
DC,District of Columbia,202504,Y,261668.0,244138.0,17530.0,164506.0,32540.0,0.0,0.01,18888.0,14845.0,12805.0,2952.0,459.0,632.0,U,U,,,,Updated Renewal Outcomes Reported as of a Different Date Than Three Months After the End of the Original Reporting Period,Updated Renewal Outcomes Reported as of a Different Date Than Three Months After the End of the Original Reporting Period,Updated Renewal Outcomes Reported as of a Different Date Than Three Months After the End of the Original Reporting Period
DE,Delaware,202504,Y,246306.0,232967.0,13339.0,137511.0,23782.0,2.0,0.248,21758.0,16957.0,10271.0,2825.0,1817.0,159.0,U,U,,,,,,
FL,Florida,202504,N,3715495.0,3547116.0,168379.0,1306616.0,1300233.0,12.0,0.145,185697.0,139257.0,39516.0,3451.0,42473.0,516.0,U,U,,,,,,
GA,Georgia,202504,N,1934702.0,1727644.0,207058.0,562648.0,41240.0,35.0,0.009,206697.0,139539.0,101236.0,35471.0,23233.0,8454.0,U,U,,,,,,
HI,Hawaii,202504,Y,399412.0,375712.0,23700.0,245120.0,30205.0,8.0,0.23,27038.0,24441.0,21402.0,1931.0,584.0,82.0,U,U,Includes Retroactive Enrollments,Includes Retroactive Enrollments,Includes Retroactive Enrollments,,,
IA,Iowa,202504,Y,675144.0,589030.0,86114.0,338205.0,25170.0,3.0,0.091,66785.0,48976.0,28385.0,9684.0,2864.0,5261.0,U,U,,,,,,
ID,Idaho,202504,Y,320470.0,300434.0,20036.0,162949.0,51300.0,22.0,0.07,20630.0,15470.0,10278.0,3917.0,1243.0,0.0,U,U,,,,,,
IL,Illinois,202504,Y,3166113.0,2868482.0,297631.0,1754292.0,259604.0,17.0,0.227,225769.0,175603.0,140295.0,28571.0,10748.0,10847.0,U,U,,,,,,
IN,Indiana,202504,Y,1754412.0,1608177.0,146235.0,936366.0,236622.0,4.0,0.059,110932.0,63365.0,49134.0,39438.0,4323.0,3806.0,U,U,,,,,,
KS,Kansas,202504,N,419648.0,343628.0,76020.0,130704.0,37994.0,0.0,0.003,42542.0,32408.0,15127.0,1447.0,4942.0,3745.0,U,U,,,,,,
KY,Kentucky,202504,Y,1381447.0,1249062.0,132385.0,752521.0,77590.0,0.0,0.002,75162.0,64601.0,58317.0,24.0,1774.0,8763.0,U,U,,,,,,
LA,Louisiana,202504,Y,1505887.0,1359775.0,146112.0,796082.0,350926.0,3.0,0.061,148454.0,118931.0,96179.0,22104.0,7053.0,366.0,U,U,,,,,,
MA,Massachusetts,202504,Y,1627008.0,1437219.0,189789.0,932784.0,225627.0,1.0,0.004,125320.0,102234.0,81813.0,18077.0,5009.0,0.0,U,U,,,,Updated Renewal Outcomes Reported as of a Different Date Than Three Months After the End of the Original Reporting Period,Updated Renewal Outcomes Reported as of a Different Date Than Three Months After the End of the Original Reporting Period,Updated Renewal Outcomes Reported as of a Different Date Than Three Months After the End of the Original Reporting Period
MD,Maryland,202504,Y,1444536.0,1238876.0,205660.0,760958.0,65686.0,3.0,0.075,94536.0,61486.0,43051.0,28222.0,3881.0,947.0,U,U,,,,,,
ME,Maine,202504,Y,345544.0,318177.0,27367.0,204301.0,29803.0,9.0,0.16,31153.0,28964.0,24601.0,1400.0,539.0,250.0,U,U,,,,,,
MI,Michigan,202504,Y,2384020.0,2208236.0,175784.0,1457544.0,158320.0,1.0,0.017,201667.0,161119.0,109831.0,33207.0,6135.0,1206.0,U,U,,,,,,
MN,Minnesota,202504,Y,1163256.0,1158273.0,4983.0,563840.0,32959.0,8.0,0.29,92189.0,78763.0,70419.0,11289.0,2137.0,0.0,U,U,,,,,,
MO,Missouri,202504,Y,1254723.0,1127289.0,127434.0,667267.0,93807.0,46.0,0.501,99029.0,56738.0,47592.0,21282.0,1884.0,19125.0,U,U,,,,,,
MS,Mississippi,202504,N,601719.0,517051.0,84668.0,201520.0,7570.0,0.0,0.051,41486.0,33405.0,13923.0,6905.0,1176.0,0.0,U,U,,,,,,
MT,Montana,202504,Y,217801.0,196817.0,20984.0,123351.0,21165.0,23.0,0.33,7719.0,4739.0,2107.0,1510.0,857.0,613.0,U,U,Includes Individuals Enrolled At Any Time in Month (Not a Point-in-Time Count),Includes Individuals Enrolled At Any Time in Month (Not a Point-in-Time Count),Includes Individuals Enrolled At Any Time in Month (Not a Point-in-Time Count),,,
NC,North Carolina,202504,Y,2877267.0,2530876.0,346391.0,1440477.0,23108.0,0.0,0.007,265289.0,196121.0,194967.0,7965.0,7324.0,53879.0,U,U,,,,,,
ND,North Dakota,202504,Y,107439.0,102310.0,5129.0,55116.0,23290.0,0.0,0.195,8958.0,6808.0,3111.0,1309.0,827.0,14.0,U,U,,,,,,
NE,Nebraska,202504,Y,344450.0,308538.0,35912.0,167234.0,30418.0,7.0,0.1343,25204.0,19356.0,12353.0,2670.0,2624.0,554.0,U,U,,,,,,
NH,New Hampshire,202504,Y,187860.0,168488.0,19372.0,96939.0,28769.0,4.0,0.05,11395.0,9803.0,8432.0,1294.0,296.0,2.0,U,U,Includes Retroactive Enrollments,Includes Retroactive Enrollments,Includes Retroactive Enrollments,,,
NJ,New Jersey,202504,Y,1812275.0,1551352.0,260923.0,977369.0,132232.0,4.0,0.004,160404.0,107500.0,61939.0,24111.0,14541.0,14252.0,U,U,,,,,,
NM,New Mexico,202504,Y,710463.0,668838.0,41625.0,392809.0,151513.0,8.0,0.064,42704.0,28419.0,19061.0,12573.0,1710.0,2.0,U,U,,,,,,
NV,Nevada,202504,Y,770180.0,718076.0,52104.0,438714.0,97184.0,43.0,0.3,77523.0,69103.0,64063.0,6937.0,1483.0,0.0,U,U,,,,,,
NY,New York,202504,Y,6616210.0,5935321.0,680889.0,4140828.0,606914.0,2.0,0.011,436092.0,350707.0,225519.0,30320.0,48902.0,6163.0,U,U,,,,,,
OH,Ohio,202504,Y,2802277.0,2561911.0,240366.0,1597985.0,153706.0,1.0,0.02,205456.0,181003.0,166710.0,17075.0,6888.0,490.0,U,U,Includes Individuals Enrolled At Any Time in Month (Not a Point-in-Time Count),Includes Individuals Enrolled At Any Time in Month (Not a Point-in-Time Count),Includes Individuals Enrolled At Any Time in Month (Not a Point-in-Time Count),,,
OK,Oklahoma,202504,Y,993802.0,912502.0,81300.0,474717.0,184198.0,8.0,0.066,52013.0,34992.0,23913.0,11494.0,5142.0,385.0,U,U,,,,,,
OR,Oregon,202504,Y,1315595.0,1126114.0,189481.0,834726.0,115629.0,5.0,0.179,7812.0,6237.0,4260.0,1206.0,355.0,14.0,U,U,,,,,,
PA,Pennsylvania,202504,Y,3097376.0,2807525.0,289851.0,1642745.0,265937.0,14.0,0.221,210240.0,178395.0,35648.0,11223.0,18286.0,2336.0,U,U,,,,"Updated Renewal Outcomes May Include Eligibility Actions That Occurred After the Renewal was Processed (e.g., Outcomes Based on a Change in Circumstance or for Individuals Who Returned the Renewal During the Reconsideration Period)","Updated Renewal Outcomes May Include Eligibility Actions That Occurred After the Renewal was Processed (e.g., Outcomes Based on a Change in Circumstance or for Individuals Who Returned the Renewal During the Reconsideration Period)","Updated Renewal Outcomes May Include Eligibility Actions That Occurred After the Renewal was Processed (e.g., Outcomes Based on a Change in Circumstance or for Individuals Who Returned the Renewal During the Reconsideration Period)"
RI,Rhode Island,202504,Y,318588.0,285386.0,33202.0,193839.0,19944.0,11.0,0.153,27456.0,23665.0,21647.0,2623.0,1137.0,31.0,U,U,,,,Updated Renewal Outcomes Reported as of a Different Date Than Three Months After the End of the Original Reporting Period,Updated Renewal Outcomes Reported as of a Different Date Than Three Months After the End of the Original Reporting Period,Updated Renewal Outcomes Reported as of a Different Date Than Three Months After the End of the Original Reporting Period
SC,South Carolina,202504,N,1059225.0,949739.0,109486.0,412382.0,128560.0,2.0,0.045,59972.0,47457.0,36669.0,4740.0,7603.0,172.0,U,U,Includes Retroactive Enrollments,Includes Retroactive Enrollments,Includes Retroactive Enrollments,,,
SD,South Dakota,202504,Y,142487.0,126750.0,15737.0,61677.0,,,,11122.0,6632.0,2675.0,3655.0,835.0,0.0,U,U,,,,,,
TN,Tennessee,202504,N,1441774.0,1265926.0,175848.0,589593.0,66775.0,0.0,0.001,31907.0,26154.0,16963.0,3085.0,2611.0,57.0,U,U,,,,,,
TX,Texas,202504,N,4212692.0,3862541.0,350151.0,988517.0,724917.0,0.0,0.008,281317.0,190725.0,26313.0,58137.0,29541.0,2914.0,U,U,,,,,,
UT,Utah,202504,Y,341957.0,305958.0,35999.0,167867.0,96976.0,11.0,0.139,28580.0,19712.0,5805.0,7540.0,1328.0,0.0,U,U,,,,,,
VA,Virginia,202504,Y,1780997.0,1579352.0,201645.0,931772.0,82820.0,1.0,0.011,174212.0,138045.0,67590.0,10960.0,6713.0,18494.0,U,U,,,,,,
VT,Vermont,202504,Y,157141.0,151766.0,5375.0,98059.0,19377.0,1.0,0.012,15822.0,13640.0,11839.0,1504.0,522.0,156.0,U,U,,,,,,
WA,Washington,202504,Y,1821905.0,1763606.0,58299.0,986145.0,67133.0,1.0,0.23,105901.0,92498.0,85514.0,11134.0,2181.0,88.0,U,U,,,,Updated Renewal Outcomes Reported as of a Different Date Than Three Months After the End of the Original Reporting Period,Updated Renewal Outcomes Reported as of a Different Date Than Three Months After the End of the Original Reporting Period,Updated Renewal Outcomes Reported as of a Different Date Than Three Months After the End of the Original Reporting Period
WI,Wisconsin,202504,N,1157206.0,1067716.0,89490.0,611564.0,251024.0,7.0,0.094,100543.0,69467.0,34002.0,10489.0,20587.0,0.0,U,U,,,,,,
WV,West Virginia,202504,Y,503701.0,463666.0,40035.0,301956.0,19105.0,1.0,0.042,25868.0,21068.0,15208.0,3634.0,1157.0,9.0,U,U,Includes Individuals Enrolled At Any Time in Month (Not a Point-in-Time Count),Includes Individuals Enrolled At Any Time in Month (Not a Point-in-Time Count),Includes Individuals Enrolled At Any Time in Month (Not a Point-in-Time Count),,,
WY,Wyoming,202504,N,63078.0,56972.0,6106.0,19954.0,11489.0,1.0,0.02,4718.0,3004.0,1771.0,1043.0,275.0,396.0,U,U,,,,"Updated Renewal Outcomes May Include Eligibility Actions That Occurred After the Renewal was Processed (e.g., Outcomes Based on a Change in Circumstance or for Individuals Who Returned the Renewal During the Reconsideration Period)","Updated Renewal Outcomes May Include Eligibility Actions That Occurred After the Renewal was Processed (e.g., Outcomes Based on a Change in Circumstance or for Individuals Who Returned the Renewal During the Reconsideration Period)","Updated Renewal Outcomes May Include Eligibility Actions That Occurred After the Renewal was Processed (e.g., Outcomes Based on a Change in Circumstance or for Individuals Who Returned the Renewal During the Reconsideration Period)"
AK,Alaska,202505,Y,225031.0,211333.0,13698.0,138325.0,35028.0,18.0,0.26,17113.0,9511.0,6353.0,2332.0,2115.0,3155.0,U,U,,,,,,
AL,Alabama,202505,N,947601.0,761378.0,186223.0,272751.0,53914.0,2.0,0.108,147477.0,107961.0,37957.0,16354.0,23162.0,0.0,U,U,,,,,,
AR,Arkansas,202505,Y,821900.0,741988.0,79912.0,409974.0,175702.0,11.0,0.016,52233.0,44499.0,37247.0,6417.0,1315.0,2.0,U,U,,,,,,
AZ,Arizona,202505,Y,1818912.0,1702775.0,116137.0,1031406.0,65662.0,3.0,0.089,230498.0,169721.0,147411.0,42112.0,14901.0,3764.0,U,U,,,,,,
CA,California,202505,Y,13409214.0,12183309.0,1225905.0,8444108.0,274623.0,4.0,0.063,969274.0,883017.0,770177.0,41841.0,24646.0,19770.0,U,U,Includes Limited-Benefit Enrollees,Includes Limited-Benefit Enrollees,Includes Limited-Benefit Enrollees,,,
CO,Colorado,202505,Y,1211048.0,1066598.0,144450.0,682786.0,25586.0,2.0,0.038,74292.0,60549.0,44320.0,6822.0,6530.0,391.0,U,U,,,,,,
CT,Connecticut,202505,Y,918345.0,893063.0,25282.0,551447.0,111007.0,20.0,0.165,85045.0,76083.0,69072.0,4274.0,3923.0,765.0,U,U,,,,,,
DC,District of Columbia,202505,Y,260734.0,243211.0,17523.0,163884.0,32328.0,0.0,0.01,15144.0,12229.0,10647.0,2174.0,272.0,469.0,U,U,,,,Updated Renewal Outcomes Reported as of a Different Date Than Three Months After the End of the Original Reporting Period,Updated Renewal Outcomes Reported as of a Different Date Than Three Months After the End of the Original Reporting Period,Updated Renewal Outcomes Reported as of a Different Date Than Three Months After the End of the Original Reporting Period
DE,Delaware,202505,Y,245472.0,232080.0,13392.0,136812.0,23363.0,2.0,0.231,16386.0,13053.0,6826.0,1788.0,1381.0,164.0,U,U,,,,,,
FL,Florida,202505,N,3699610.0,3532443.0,167167.0,1302576.0,1191841.0,12.0,0.141,167237.0,125560.0,38487.0,3216.0,38318.0,143.0,U,U,,,,,,
GA,Georgia,202505,N,1927756.0,1723236.0,204520.0,561041.0,60839.0,33.0,0.008,202397.0,144273.0,112900.0,30369.0,21961.0,5794.0,U,U,,,,,,
HI,Hawaii,202505,Y,395873.0,372190.0,23683.0,242432.0,18587.0,7.0,0.22,41406.0,38061.0,33496.0,2345.0,906.0,94.0,U,U,Includes Retroactive Enrollments,Includes Retroactive Enrollments,Includes Retroactive Enrollments,,,
IA,Iowa,202505,Y,673680.0,587212.0,86468.0,337226.0,21004.0,1.0,0.029,47547.0,35293.0,22260.0,7553.0,2028.0,2673.0,U,U,,,,,,
ID,Idaho,202505,Y,318814.0,298932.0,19882.0,162078.0,46575.0,22.0,0.066,22334.0,16021.0,10832.0,5100.0,1213.0,678.0,U,U,,,,,,
IL,Illinois,202505,Y,3143847.0,2843834.0,300013.0,1741002.0,248462.0,17.0,0.234,231675.0,184177.0,142799.0,28048.0,9679.0,9771.0,U,U,,,,,,
IN,Indiana,202505,Y,1725367.0,1580144.0,145223.0,912345.0,236852.0,4.0,0.074,112387.0,63507.0,49124.0,41915.0,3892.0,3073.0,U,U,,,,,,
KS,Kansas,202505,N,414728.0,339887.0,74841.0,128775.0,33213.0,0.0,0.003,44881.0,34615.0,15227.0,1790.0,5647.0,2829.0,U,U,,,,,,
KY,Kentucky,202505,Y,1376902.0,1244849.0,132053.0,748814.0,67530.0,0.0,0.003,54344.0,46409.0,41702.0,21.0,1358.0,6556.0,U,U,,,,,,
LA,Louisiana,202505,Y,1494228.0,1349845.0,144383.0,786972.0,355141.0,3.0,0.06,131689.0,105367.0,83452.0,20033.0,5964.0,325.0,U,U,,,,,,
MA,Massachusetts,202505,Y,1618344.0,1428803.0,189541.0,926509.0,216179.0,1.0,0.03,125320.0,102234.0,81813.0,18077.0,5009.0,0.0,U,U,,,,,,
MD,Maryland,202505,Y,1434297.0,1228521.0,205776.0,752164.0,60811.0,1.0,0.033,89496.0,64517.0,45180.0,20439.0,3544.0,996.0,U,U,,,,,,
ME,Maine,202505,Y,344515.0,317135.0,27380.0,203236.0,29631.0,8.0,0.16,28593.0,26940.0,23184.0,907.0,581.0,165.0,U,U,,,,,,
MI,Michigan,202505,Y,2367798.0,2194757.0,173041.0,1445882.0,147582.0,1.0,0.014,193647.0,146136.0,108899.0,1719.0,4965.0,40827.0,U,U,,,,,,
MN,Minnesota,202505,Y,1161679.0,1156765.0,4914.0,561029.0,23341.0,4.0,0.18,87597.0,74819.0,66790.0,10864.0,1914.0,0.0,U,U,,,,,,
MO,Missouri,202505,Y,1251938.0,1120662.0,131276.0,666446.0,73931.0,39.0,0.448,105066.0,58523.0,53065.0,21431.0,2584.0,22528.0,U,U,,,,,,
MS,Mississippi,202505,N,599964.0,515498.0,84466.0,200959.0,7126.0,0.0,0.029,39835.0,32538.0,15411.0,6174.0,1121.0,2.0,U,U,,,,,,
MT,Montana,202505,Y,218838.0,197553.0,21285.0,123967.0,19332.0,22.0,0.33,6586.0,4002.0,2222.0,1570.0,783.0,231.0,U,U,Includes Individuals Enrolled At Any Time in Month (Not a Point-in-Time Count),Includes Individuals Enrolled At Any Time in Month (Not a Point-in-Time Count),Includes Individuals Enrolled At Any Time in Month (Not a Point-in-Time Count),,,
NC,North Carolina,202505,Y,2881447.0,2534269.0,347178.0,1443220.0,21360.0,0.0,0.004,283396.0,210743.0,209582.0,8777.0,7893.0,55983.0,U,U,,,,,,
ND,North Dakota,202505,Y,107330.0,102168.0,5162.0,55148.0,22297.0,0.0,0.196,9384.0,7231.0,3480.0,1270.0,858.0,25.0,U,U,,,,,,
NE,Nebraska,202505,Y,343735.0,306738.0,36997.0,166038.0,29187.0,8.0,0.142,23525.0,18523.0,11626.0,2430.0,2271.0,301.0,U,U,,,,,,
NH,New Hampshire,202505,Y,187021.0,167632.0,19389.0,96302.0,27049.0,3.0,0.06,10959.0,9506.0,8020.0,1144.0,309.0,0.0,U,U,Includes Retroactive Enrollments,Includes Retroactive Enrollments,Includes Retroactive Enrollments,,,
NJ,New Jersey,202505,Y,1808396.0,1547512.0,260884.0,975038.0,117826.0,4.0,0.007,149548.0,88758.0,57013.0,27884.0,10786.0,22120.0,U,U,,,,,,
NM,New Mexico,202505,Y,702063.0,660228.0,41835.0,387037.0,154128.0,6.0,0.045,46974.0,32626.0,22108.0,12920.0,1427.0,1.0,U,U,,,,,,
NV,Nevada,202505,Y,766543.0,714910.0,51633.0,436165.0,82560.0,38.0,0.27,61771.0,56692.0,48136.0,3528.0,1551.0,0.0,U,U,,,,,,
NY,New York,202505,Y,6606942.0,5928101.0,678841.0,4135481.0,565870.0,0.0,0.008,413011.0,318165.0,208055.0,45384.0,45775.0,3687.0,U,U,,,,,,
OH,Ohio,202505,Y,2797622.0,2557516.0,240106.0,1593705.0,139352.0,1.0,0.01,225899.0,201619.0,187586.0,16339.0,6413.0,1528.0,U,U,Includes Individuals Enrolled At Any Time in Month (Not a Point-in-Time Count),Includes Individuals Enrolled At Any Time in Month (Not a Point-in-Time Count),Includes Individuals Enrolled At Any Time in Month (Not a Point-in-Time Count),,,
OK,Oklahoma,202505,Y,1010069.0,929813.0,80256.0,487548.0,165713.0,5.0,0.063,58590.0,38192.0,26591.0,13306.0,6758.0,334.0,U,U,,,,,,
OR,Oregon,202505,Y,1319921.0,1130366.0,189555.0,839283.0,111222.0,5.0,0.198,11073.0,8698.0,6458.0,1626.0,739.0,10.0,U,U,,,,,,
PA,Pennsylvania,202505,Y,3077895.0,2788645.0,289250.0,1630860.0,258670.0,17.0,0.242,200186.0,167136.0,37807.0,13114.0,18888.0,1048.0,U,U,,,,"Updated Renewal Outcomes May Include Eligibility Actions That Occurred After the Renewal was Processed (e.g., Outcomes Based on a Change in Circumstance or for Individuals Who Returned the Renewal During the Reconsideration Period)","Updated Renewal Outcomes May Include Eligibility Actions That Occurred After the Renewal was Processed (e.g., Outcomes Based on a Change in Circumstance or for Individuals Who Returned the Renewal During the Reconsideration Period)","Updated Renewal Outcomes May Include Eligibility Actions That Occurred After the Renewal was Processed (e.g., Outcomes Based on a Change in Circumstance or for Individuals Who Returned the Renewal During the Reconsideration Period)"
RI,Rhode Island,202505,Y,317946.0,285523.0,32423.0,194256.0,20318.0,12.0,0.166,24538.0,19593.0,18086.0,3756.0,1168.0,21.0,U,U,,,,Updated Renewal Outcomes Reported as of a Different Date Than Three Months After the End of the Original Reporting Period,Updated Renewal Outcomes Reported as of a Different Date Than Three Months After the End of the Original Reporting Period,Updated Renewal Outcomes Reported as of a Different Date Than Three Months After the End of the Original Reporting Period
SC,South Carolina,202505,N,1044110.0,934119.0,109991.0,402059.0,119619.0,2.0,0.038,82046.0,63205.0,50825.0,10366.0,8386.0,89.0,U,U,Includes Retroactive Enrollments,Includes Retroactive Enrollments,Includes Retroactive Enrollments,,,
SD,South Dakota,202505,Y,140819.0,125478.0,15341.0,60884.0,,,,11426.0,7240.0,3221.0,3447.0,739.0,0.0,U,U,,,,,,
TN,Tennessee,202505,N,1439118.0,1262471.0,176647.0,587698.0,60566.0,0.0,0.001,82116.0,73483.0,56802.0,5760.0,2839.0,34.0,U,U,,,,,,
TX,Texas,202505,N,4204878.0,3856349.0,348529.0,985551.0,707396.0,0.0,0.01,298258.0,204073.0,28027.0,59911.0,31342.0,2932.0,U,U,,,,,,
UT,Utah,202505,Y,340844.0,304927.0,35917.0,167277.0,105119.0,15.0,0.176,26640.0,18401.0,13203.0,7032.0,1207.0,0.0,U,U,,,,,,
VA,Virginia,202505,Y,1754761.0,1555890.0,198871.0,916777.0,78687.0,1.0,0.018,193650.0,168518.0,98705.0,15176.0,7190.0,2766.0,U,U,,,,,,
VT,Vermont,202505,Y,156150.0,150737.0,5413.0,97324.0,17223.0,1.0,0.007,11400.0,9250.0,7623.0,1538.0,511.0,101.0,U,U,,,,,,
WA,Washington,202505,Y,1807787.0,1748509.0,59278.0,976959.0,65269.0,1.0,0.212,112012.0,97951.0,90590.0,11994.0,2047.0,20.0,U,U,,,,Updated Renewal Outcomes Reported as of a Different Date Than Three Months After the End of the Original Reporting Period,Updated Renewal Outcomes Reported as of a Different Date Than Three Months After the End of the Original Reporting Period,Updated Renewal Outcomes Reported as of a Different Date Than Three Months After the End of the Original Reporting Period
WI,Wisconsin,202505,N,1143506.0,1049086.0,94420.0,602163.0,241343.0,8.0,0.112,87894.0,61284.0,34090.0,9529.0,17081.0,0.0,U,U,,,,,,
WV,West Virginia,202505,Y,503031.0,462965.0,40066.0,301586.0,18645.0,4.0,0.012,27864.0,22169.0,16147.0,4363.0,1325.0,7.0,U,U,Includes Individuals Enrolled At Any Time in Month (Not a Point-in-Time Count),Includes Individuals Enrolled At Any Time in Month (Not a Point-in-Time Count),Includes Individuals Enrolled At Any Time in Month (Not a Point-in-Time Count),,,
WY,Wyoming,202505,N,62762.0,56896.0,5866.0,19890.0,10634.0,1.0,0.01,4752.0,3066.0,2130.0,758.0,576.0,352.0,U,U,,,,"Updated Renewal Outcomes May Include Eligibility Actions That Occurred After the Renewal was Processed (e.g., Outcomes Based on a Change in Circumstance or for Individuals Who Returned the Renewal During the Reconsideration Period)","Updated Renewal Outcomes May Include Eligibility Actions That Occurred After the Renewal was Processed (e.g., Outcomes Based on a Change in Circumstance or for Individuals Who Returned the Renewal During the Reconsideration Period)","Updated Renewal Outcomes May Include Eligibility Actions That Occurred After the Renewal was Processed (e.g., Outcomes Based on a Change in Circumstance or for Individuals Who Returned the Renewal During the Reconsideration Period)"
AK,Alaska,202506,Y,224980.0,211659.0,13321.0,134963.0,35279.0,12.0,0.2,16112.0,9491.0,6246.0,1925.0,2310.0,2386.0,U,U,,,,,,
AL,Alabama,202506,N,946316.0,759359.0,186957.0,271847.0,47309.0,1.0,0.071,107356.0,75867.0,38735.0,12641.0,18848.0,0.0,U,U,,,,,,
AR,Arkansas,202506,Y,821198.0,741050.0,80148.0,408291.0,128192.0,2.0,0.001,53097.0,45478.0,39645.0,6173.0,1445.0,1.0,U,U,,,,,,
AZ,Arizona,202506,Y,1793424.0,1678419.0,115005.0,1016785.0,60453.0,3.0,0.109,66387.0,44654.0,33464.0,13866.0,6572.0,1295.0,U,U,,,,,,
CA,California,202506,Y,13382455.0,12156059.0,1226396.0,8434821.0,256492.0,3.0,0.15,848211.0,776398.0,666439.0,35044.0,20067.0,16702.0,U,U,Includes Limited-Benefit Enrollees,Includes Limited-Benefit Enrollees,Includes Limited-Benefit Enrollees,,,
CO,Colorado,202506,Y,1211357.0,1068294.0,143063.0,682375.0,24589.0,2.0,0.043,80338.0,65700.0,48407.0,7158.0,7174.0,306.0,U,U,,,,,,
CT,Connecticut,202506,Y,916189.0,891132.0,25057.0,550065.0,111146.0,20.0,0.12,78578.0,70854.0,64080.0,3370.0,3535.0,819.0,U,U,,,,,,
DC,District of Columbia,202506,Y,260002.0,242480.0,17522.0,163299.0,32438.0,0.0,0.02,18059.0,14391.0,12392.0,2665.0,343.0,660.0,U,U,,,,Updated Renewal Outcomes Reported as of a Different Date Than Three Months After the End of the Original Reporting Period,Updated Renewal Outcomes Reported as of a Different Date Than Three Months After the End of the Original Reporting Period,Updated Renewal Outcomes Reported as of a Different Date Than Three Months After the End of the Original Reporting Period
DE,Delaware,202506,Y,244962.0,231565.0,13397.0,136636.0,29607.0,2.0,0.301,15214.0,12149.0,6579.0,1751.0,1168.0,146.0,U,U,,,,Updated Renewal Outcomes Reported as of a Different Date Than Three Months After the End of the Original Reporting Period,Updated Renewal Outcomes Reported as of a Different Date Than Three Months After the End of the Original Reporting Period,Updated Renewal Outcomes Reported as of a Different Date Than Three Months After the End of the Original Reporting Period
FL,Florida,202506,N,3695066.0,3529355.0,165711.0,1303452.0,1254331.0,11.0,0.124,168019.0,127873.0,39947.0,20924.0,19176.0,46.0,U,U,,,,,,
GA,Georgia,202506,N,1921784.0,1719814.0,201970.0,561046.0,41817.0,23.0,0.008,203608.0,143028.0,108184.0,24440.0,28111.0,8029.0,U,U,,,,,,
HI,Hawaii,202506,Y,394045.0,370469.0,23576.0,241481.0,16958.0,5.0,0.19,36856.0,34396.0,31511.0,1717.0,668.0,75.0,U,U,Includes Retroactive Enrollments,Includes Retroactive Enrollments,Includes Retroactive Enrollments,,,
IA,Iowa,202506,Y,671287.0,585095.0,86192.0,335877.0,20741.0,0.0,0.006,50336.0,37514.0,25023.0,7898.0,2063.0,2861.0,U,U,,,,,,
ID,Idaho,202506,Y,315910.0,296251.0,19659.0,160521.0,44258.0,22.0,0.069,18754.0,13603.0,9530.0,4347.0,804.0,0.0,U,U,,,,,,
IL,Illinois,202506,Y,3122783.0,2820385.0,302398.0,1727650.0,239088.0,20.0,0.249,206377.0,163229.0,128591.0,28088.0,6327.0,8733.0,U,U,,,,,,
IN,Indiana,202506,Y,1683055.0,1546043.0,137012.0,895284.0,244022.0,5.0,0.076,131954.0,75614.0,56536.0,45470.0,4142.0,6728.0,U,U,,,,,,
KS,Kansas,202506,N,413232.0,339002.0,74230.0,127900.0,33316.0,0.0,0.008,38257.0,28382.0,14690.0,2930.0,4502.0,2443.0,U,U,,,,,,
KY,Kentucky,202506,Y,1371559.0,1237894.0,133665.0,744001.0,63949.0,0.0,0.005,43078.0,37641.0,34566.0,6.0,908.0,4523.0,U,U,,,,,,
LA,Louisiana,202506,Y,1480362.0,1337888.0,142474.0,775596.0,327493.0,3.0,0.039,108675.0,82226.0,60487.0,20470.0,5696.0,283.0,U,U,,,,,,
MA,Massachusetts,202506,Y,1612336.0,1423645.0,188691.0,922785.0,198978.0,1.0,0.05,102098.0,75047.0,55516.0,22595.0,3596.0,860.0,U,U,,,,,,
MD,Maryland,202506,Y,1433995.0,1228932.0,205063.0,752237.0,57658.0,2.0,0.044,101722.0,73943.0,52536.0,23224.0,3446.0,1109.0,U,U,,,,,,
ME,Maine,202506,Y,343303.0,315919.0,27384.0,202257.0,27675.0,9.0,0.15,23190.0,21694.0,18543.0,841.0,488.0,167.0,U,U,,,,,,
MI,Michigan,202506,Y,2356885.0,2184986.0,171899.0,1438095.0,134283.0,0.0,0.009,162412.0,121976.0,93832.0,29263.0,8994.0,2179.0,U,U,,,,,,
MN,Minnesota,202506,Y,1160311.0,1155354.0,4957.0,558254.0,22727.0,8.0,0.27,73958.0,65192.0,58571.0,7437.0,1329.0,0.0,U,U,,,,,,
MO,Missouri,202506,Y,1252768.0,1120340.0,132428.0,670738.0,75666.0,25.0,0.32,81593.0,49563.0,44656.0,14847.0,1452.0,15731.0,U,U,,,,,,
MS,Mississippi,202506,N,599086.0,514646.0,84440.0,200682.0,12623.0,0.0,0.028,52478.0,43873.0,25558.0,7059.0,1546.0,0.0,U,U,,,,,,
MT,Montana,202506,Y,218953.0,197661.0,21292.0,123904.0,20271.0,23.0,0.35,9578.0,5977.0,3519.0,2500.0,831.0,270.0,U,U,Includes Individuals Enrolled At Any Time in Month (Not a Point-in-Time Count),Includes Individuals Enrolled At Any Time in Month (Not a Point-in-Time Count),Includes Individuals Enrolled At Any Time in Month (Not a Point-in-Time Count),,,
NC,North Carolina,202506,Y,2883870.0,2536796.0,347074.0,1443837.0,20560.0,0.0,0.005,247092.0,187502.0,186492.0,8430.0,6882.0,44278.0,U,U,,,,,,
ND,North Dakota,202506,Y,107267.0,102075.0,5192.0,55108.0,21624.0,0.0,0.197,9301.0,7113.0,3574.0,1335.0,837.0,16.0,U,U,,,,,,
NE,Nebraska,202506,Y,341200.0,304276.0,36924.0,164755.0,28014.0,8.0,0.148,26145.0,20965.0,12945.0,2676.0,2291.0,213.0,U,U,,,,,,
NH,New Hampshire,202506,Y,186006.0,166937.0,19069.0,95597.0,28120.0,4.0,0.05,10672.0,9272.0,8122.0,1135.0,265.0,0.0,U,U,Includes Retroactive Enrollments,Includes Retroactive Enrollments,Includes Retroactive Enrollments,,,
NJ,New Jersey,202506,Y,1785639.0,1525454.0,260185.0,960723.0,110920.0,4.0,0.006,128220.0,71788.0,47699.0,21775.0,4943.0,29714.0,U,U,,,,,,
NM,New Mexico,202506,Y,697723.0,655866.0,41857.0,384060.0,148134.0,7.0,0.061,40395.0,28013.0,19227.0,11263.0,1119.0,0.0,U,U,,,,,,
NV,Nevada,202506,Y,755561.0,704584.0,50977.0,428349.0,107712.0,57.0,0.31,82869.0,70325.0,63486.0,10638.0,1906.0,0.0,U,U,,,,,,
NY,New York,202506,Y,6591502.0,5912933.0,678569.0,4120198.0,570550.0,1.0,0.02,406591.0,312191.0,201526.0,49725.0,43313.0,1362.0,U,U,,,,,,
OH,Ohio,202506,Y,2790508.0,2550678.0,239830.0,1588355.0,132972.0,1.0,0.01,223656.0,200373.0,187465.0,16196.0,6002.0,1085.0,U,U,Includes Individuals Enrolled At Any Time in Month (Not a Point-in-Time Count),Includes Individuals Enrolled At Any Time in Month (Not a Point-in-Time Count),Includes Individuals Enrolled At Any Time in Month (Not a Point-in-Time Count),,,
OK,Oklahoma,202506,Y,1008700.0,933812.0,74888.0,485674.0,180814.0,17.0,0.073,61977.0,36968.0,24796.0,15121.0,9554.0,334.0,U,U,,,,,,
OR,Oregon,202506,Y,1324553.0,1135009.0,189544.0,844199.0,145417.0,9.0,0.344,87920.0,68952.0,57141.0,14086.0,4644.0,238.0,U,U,,,,,,
PA,Pennsylvania,202506,Y,3053056.0,2771907.0,281149.0,1619806.0,245660.0,16.0,0.242,201902.0,167980.0,42726.0,14630.0,18528.0,764.0,U,U,,,,"Updated Renewal Outcomes May Include Eligibility Actions That Occurred After the Renewal was Processed (e.g., Outcomes Based on a Change in Circumstance or for Individuals Who Returned the Renewal During the Reconsideration Period)","Updated Renewal Outcomes May Include Eligibility Actions That Occurred After the Renewal was Processed (e.g., Outcomes Based on a Change in Circumstance or for Individuals Who Returned the Renewal During the Reconsideration Period)","Updated Renewal Outcomes May Include Eligibility Actions That Occurred After the Renewal was Processed (e.g., Outcomes Based on a Change in Circumstance or for Individuals Who Returned the Renewal During the Reconsideration Period)"
RI,Rhode Island,202506,Y,313733.0,281007.0,32726.0,191503.0,15267.0,11.0,0.235,22943.0,18186.0,16227.0,2681.0,2045.0,31.0,U,U,,,,Updated Renewal Outcomes Reported as of a Different Date Than Three Months After the End of the Original Reporting Period,Updated Renewal Outcomes Reported as of a Different Date Than Three Months After the End of the Original Reporting Period,Updated Renewal Outcomes Reported as of a Different Date Than Three Months After the End of the Original Reporting Period
SC,South Carolina,202506,N,1037384.0,927687.0,109697.0,398634.0,116560.0,1.0,0.015,85093.0,65148.0,54029.0,3296.0,16567.0,82.0,U,U,Includes Retroactive Enrollments,Includes Retroactive Enrollments,Includes Retroactive Enrollments,,,
SD,South Dakota,202506,Y,139653.0,124650.0,15003.0,60601.0,,,,11388.0,6723.0,2527.0,4017.0,648.0,0.0,U,U,,,,,,
TN,Tennessee,202506,N,1436320.0,1258067.0,178253.0,586690.0,59615.0,0.0,0.001,83120.0,73685.0,56383.0,4600.0,4791.0,44.0,U,U,,,,,,
TX,Texas,202506,N,4191556.0,3845473.0,346083.0,985319.0,705866.0,1.0,0.017,266802.0,182555.0,27671.0,51882.0,29917.0,2448.0,U,U,,,,,,
UT,Utah,202506,Y,339725.0,303645.0,36080.0,166416.0,93509.0,16.0,0.174,26385.0,18104.0,10762.0,7083.0,1198.0,0.0,U,U,,,,,,
VA,Virginia,202506,Y,1737098.0,1539273.0,197825.0,906430.0,63926.0,1.0,0.005,121482.0,102529.0,50836.0,15143.0,2979.0,831.0,U,U,,,,,,
VT,Vermont,202506,Y,155323.0,149943.0,5380.0,96685.0,16600.0,1.0,0.011,10115.0,8063.0,6220.0,1469.0,502.0,81.0,U,U,,,,,,
WA,Washington,202506,Y,1798235.0,1738190.0,60045.0,970852.0,62722.0,1.0,0.212,122484.0,107719.0,100220.0,12645.0,2095.0,25.0,U,U,,,,Updated Renewal Outcomes Reported as of a Different Date Than Three Months After the End of the Original Reporting Period,Updated Renewal Outcomes Reported as of a Different Date Than Three Months After the End of the Original Reporting Period,Updated Renewal Outcomes Reported as of a Different Date Than Three Months After the End of the Original Reporting Period
WI,Wisconsin,202506,N,1137320.0,1039498.0,97822.0,598309.0,254724.0,10.0,0.158,78388.0,56720.0,32979.0,7987.0,13681.0,0.0,U,U,,,,,,
WV,West Virginia,202506,Y,501577.0,461629.0,39948.0,301046.0,18537.0,2.0,0.022,27695.0,22213.0,16713.0,4164.0,1300.0,18.0,U,U,Includes Individuals Enrolled At Any Time in Month (Not a Point-in-Time Count),Includes Individuals Enrolled At Any Time in Month (Not a Point-in-Time Count),Includes Individuals Enrolled At Any Time in Month (Not a Point-in-Time Count),,,
WY,Wyoming,202506,N,62202.0,56293.0,5909.0,19744.0,9879.0,1.0,0.011,5631.0,3517.0,1902.0,1092.0,735.0,287.0,U,U,,,,"Updated Renewal Outcomes May Include Eligibility Actions That Occurred After the Renewal was Processed (e.g., Outcomes Based on a Change in Circumstance or for Individuals Who Returned the Renewal During the Reconsideration Period)","Updated Renewal Outcomes May Include Eligibility Actions That Occurred After the Renewal was Processed (e.g., Outcomes Based on a Change in Circumstance or for Individuals Who Returned the Renewal During the Reconsideration Period)","Updated Renewal Outcomes May Include Eligibility Actions That Occurred After the Renewal was Processed (e.g., Outcomes Based on a Change in Circumstance or for Individuals Who Returned the Renewal During the Reconsideration Period)"
AK,Alaska,202507,Y,220373.0,207221.0,13152.0,132025.0,36010.0,10.0,0.16,16030.0,9912.0,5742.0,1441.0,2074.0,2603.0,U,U,,,,,,
AL,Alabama,202507,N,948369.0,760049.0,188320.0,272605.0,52843.0,2.0,0.094,120819.0,87916.0,45342.0,12167.0,20736.0,0.0,U,U,,,,,,
AR,Arkansas,202507,Y,818956.0,738379.0,80577.0,405009.0,132096.0,1.0,0.012,50949.0,43741.0,37569.0,5955.0,1251.0,2.0,U,U,,,,,,
AZ,Arizona,202507,Y,1788695.0,1674282.0,114413.0,1012493.0,64091.0,4.0,0.129,226923.0,171889.0,147715.0,23250.0,27698.0,4086.0,U,U,,,,,,
CA,California,202507,Y,13394082.0,12165425.0,1228657.0,8448107.0,272635.0,3.0,0.243,853834.0,562259.0,237409.0,176310.0,44565.0,70700.0,U,U,Includes Limited-Benefit Enrollees,Includes Limited-Benefit Enrollees,Includes Limited-Benefit Enrollees,,,
CO,Colorado,202507,Y,1211065.0,1069623.0,141442.0,682346.0,28382.0,3.0,0.025,87076.0,70771.0,51699.0,7560.0,8486.0,259.0,U,U,,,,,,
CT,Connecticut,202507,Y,915836.0,890819.0,25017.0,549594.0,119957.0,24.0,0.119,96159.0,87026.0,78900.0,3518.0,4637.0,978.0,U,U,,,,,,
DC,District of Columbia,202507,Y,259767.0,242427.0,17340.0,163309.0,38382.0,0.0,0.02,21904.0,17794.0,15122.0,3004.0,345.0,761.0,U,U,,,,Updated Renewal Outcomes Reported as of a Different Date Than Three Months After the End of the Original Reporting Period,Updated Renewal Outcomes Reported as of a Different Date Than Three Months After the End of the Original Reporting Period,Updated Renewal Outcomes Reported as of a Different Date Than Three Months After the End of the Original Reporting Period
DE,Delaware,202507,Y,244501.0,231021.0,13480.0,136331.0,32096.0,2.0,0.319,16416.0,13331.0,7399.0,1838.0,1170.0,77.0,U,U,,,,Updated Renewal Outcomes Reported as of a Different Date Than Three Months After the End of the Original Reporting Period,Updated Renewal Outcomes Reported as of a Different Date Than Three Months After the End of the Original Reporting Period,Updated Renewal Outcomes Reported as of a Different Date Than Three Months After the End of the Original Reporting Period
FL,Florida,202507,N,3671259.0,3506368.0,164891.0,1293382.0,1779660.0,18.0,0.178,188605.0,143157.0,54163.0,25012.0,20354.0,82.0,U,U,,,,,,
GA,Georgia,202507,N,1919391.0,1720189.0,199202.0,561608.0,47825.0,21.0,0.009,187204.0,137508.0,106318.0,20951.0,21935.0,6810.0,U,U,,,,,,
HI,Hawaii,202507,Y,392938.0,369385.0,23553.0,240603.0,20983.0,9.0,0.23,36119.0,33819.0,30912.0,1685.0,554.0,61.0,U,U,Includes Retroactive Enrollments,Includes Retroactive Enrollments,Includes Retroactive Enrollments,,,
IA,Iowa,202507,Y,671481.0,585421.0,86060.0,336065.0,22839.0,0.0,0.009,56759.0,41331.0,25563.0,9484.0,2193.0,3751.0,U,U,,,,,,
ID,Idaho,202507,Y,316230.0,296661.0,19569.0,161329.0,53010.0,20.0,0.069,19464.0,14457.0,10490.0,4038.0,969.0,391.0,U,U,,,,,,
IL,Illinois,202507,Y,3113340.0,2809169.0,304171.0,1720416.0,233751.0,19.0,0.243,255612.0,206743.0,166096.0,25413.0,7514.0,15942.0,U,U,,,,,,
IN,Indiana,202507,Y,1656610.0,1523457.0,133153.0,880441.0,259520.0,5.0,0.075,121070.0,69266.0,49527.0,40189.0,4153.0,7462.0,U,U,,,,,,
KS,Kansas,202507,N,410031.0,336575.0,73456.0,126282.0,35824.0,0.0,0.002,31779.0,23007.0,11442.0,2676.0,3250.0,2846.0,U,U,,,,,,
KY,Kentucky,202507,Y,1370654.0,1236124.0,134530.0,742462.0,66899.0,1.0,0.002,48216.0,43141.0,36360.0,3651.0,1424.0,0.0,U,U,,,,,,
LA,Louisiana,202507,Y,1462342.0,1320698.0,141644.0,760839.0,343542.0,3.0,0.054,106875.0,81652.0,58734.0,19174.0,5841.0,208.0,U,U,,,,,,
MA,Massachusetts,202507,Y,1608884.0,1420646.0,188238.0,920063.0,230882.0,1.0,0.012,50551.0,39910.0,31639.0,8709.0,1425.0,507.0,U,U,,,,,,
MD,Maryland,202507,Y,1424578.0,1221209.0,203369.0,745510.0,68351.0,2.0,0.076,111452.0,84001.0,59110.0,22142.0,4075.0,1234.0,U,U,,,,,,
ME,Maine,202507,Y,343220.0,315529.0,27691.0,202005.0,30187.0,11.0,0.18,29948.0,27636.0,24308.0,1116.0,448.0,748.0,U,U,,,,,,
MI,Michigan,202507,Y,2349132.0,2178393.0,170739.0,1432581.0,145378.0,1.0,0.017,187844.0,156618.0,111287.0,21048.0,8342.0,1836.0,U,U,,,,,,
MN,Minnesota,202507,Y,1168373.0,1163530.0,4843.0,562848.0,24229.0,7.0,0.27,85225.0,75038.0,67332.0,8331.0,1856.0,0.0,U,U,,,,,,
MO,Missouri,202507,Y,1260863.0,1127404.0,133459.0,675371.0,74271.0,17.0,0.228,80251.0,50732.0,43403.0,14554.0,1540.0,13425.0,U,U,,,,,,
MS,Mississippi,202507,N,599061.0,514528.0,84533.0,200846.0,9334.0,0.0,0.046,51568.0,45920.0,19696.0,4503.0,1143.0,2.0,U,U,,,,,,
MT,Montana,202507,Y,217768.0,196605.0,21163.0,123336.0,21012.0,24.0,0.34,10683.0,7436.0,4712.0,1984.0,1065.0,198.0,U,U,Includes Individuals Enrolled At Any Time in Month (Not a Point-in-Time Count),Includes Individuals Enrolled At Any Time in Month (Not a Point-in-Time Count),Includes Individuals Enrolled At Any Time in Month (Not a Point-in-Time Count),,,
NC,North Carolina,202507,Y,2887045.0,2540321.0,346724.0,1444981.0,22976.0,0.0,0.006,238559.0,169797.0,168705.0,11874.0,8520.0,48368.0,U,U,,,,,,
ND,North Dakota,202507,Y,107198.0,102034.0,5164.0,55090.0,22948.0,0.0,0.191,9945.0,7522.0,3376.0,1344.0,1054.0,25.0,U,U,,,,,,
NE,Nebraska,202507,Y,340661.0,303625.0,37036.0,164550.0,29474.0,8.0,0.145,30984.0,24228.0,15275.0,3798.0,2724.0,234.0,U,U,,,,,,
NH,New Hampshire,202507,Y,185960.0,166903.0,19057.0,95692.0,35224.0,6.0,0.08,10720.0,6816.0,2667.0,3262.0,642.0,0.0,U,U,Includes Retroactive Enrollments,Includes Retroactive Enrollments,Includes Retroactive Enrollments,,,
NJ,New Jersey,202507,Y,1769135.0,1509832.0,259303.0,951559.0,114092.0,4.0,0.007,101466.0,59814.0,33878.0,17906.0,7382.0,16364.0,U,U,,,,,,
NM,New Mexico,202507,Y,694763.0,652578.0,42185.0,381832.0,149679.0,15.0,0.062,35859.0,24137.0,14430.0,10568.0,1154.0,0.0,U,U,,,,,,
NV,Nevada,202507,Y,749193.0,699556.0,49637.0,424806.0,113474.0,64.0,0.35,64787.0,54154.0,49260.0,9481.0,1152.0,0.0,U,U,,,,,,
NY,New York,202507,Y,6551887.0,5875131.0,676756.0,4090871.0,613277.0,1.0,0.014,431731.0,322520.0,194521.0,63532.0,44431.0,1248.0,U,U,,,,,,
OH,Ohio,202507,Y,2777854.0,2538501.0,239353.0,1579715.0,145705.0,1.0,0.01,244214.0,217134.0,202654.0,18617.0,6893.0,1570.0,U,U,Includes Individuals Enrolled At Any Time in Month (Not a Point-in-Time Count),Includes Individuals Enrolled At Any Time in Month (Not a Point-in-Time Count),Includes Individuals Enrolled At Any Time in Month (Not a Point-in-Time Count),,,
OK,Oklahoma,202507,Y,1002153.0,929044.0,73109.0,480459.0,198063.0,24.0,0.091,61687.0,37172.0,25586.0,15599.0,8736.0,180.0,U,U,,,,,,
OR,Oregon,202507,Y,1317200.0,1130081.0,187119.0,839609.0,205477.0,12.0,0.514,86396.0,67799.0,55871.0,14840.0,3664.0,93.0,U,U,,,,,,
PA,Pennsylvania,202507,Y,3054730.0,2774744.0,279986.0,1621574.0,284550.0,13.0,0.221,212911.0,176753.0,44574.0,15568.0,19821.0,769.0,U,U,,,,"Updated Renewal Outcomes May Include Eligibility Actions That Occurred After the Renewal was Processed (e.g., Outcomes Based on a Change in Circumstance or for Individuals Who Returned the Renewal During the Reconsideration Period)","Updated Renewal Outcomes May Include Eligibility Actions That Occurred After the Renewal was Processed (e.g., Outcomes Based on a Change in Circumstance or for Individuals Who Returned the Renewal During the Reconsideration Period)","Updated Renewal Outcomes May Include Eligibility Actions That Occurred After the Renewal was Processed (e.g., Outcomes Based on a Change in Circumstance or for Individuals Who Returned the Renewal During the Reconsideration Period)"
RI,Rhode Island,202507,Y,307370.0,273694.0,33676.0,185995.0,18596.0,8.0,0.138,22489.0,18062.0,16593.0,2700.0,1708.0,19.0,U,U,,,,Updated Renewal Outcomes Reported as of a Different Date Than Three Months After the End of the Original Reporting Period,Updated Renewal Outcomes Reported as of a Different Date Than Three Months After the End of the Original Reporting Period,Updated Renewal Outcomes Reported as of a Different Date Than Three Months After the End of the Original Reporting Period
SC,South Carolina,202507,N,1034953.0,924280.0,110673.0,397564.0,118620.0,1.0,0.016,84977.0,64348.0,49198.0,5033.0,15388.0,208.0,U,U,Includes Retroactive Enrollments,Includes Retroactive Enrollments,Includes Retroactive Enrollments,,,
SD,South Dakota,202507,Y,139110.0,124421.0,14689.0,60505.0,,,,11951.0,9533.0,6579.0,1758.0,660.0,0.0,U,U,,,,,,
TN,Tennessee,202507,N,1438184.0,1258608.0,179576.0,587143.0,68267.0,0.0,0.001,67720.0,59880.0,46519.0,4481.0,3341.0,18.0,U,U,,,,,,
TX,Texas,202507,N,4200014.0,3854537.0,345477.0,988444.0,807957.0,1.0,0.025,291657.0,194928.0,25641.0,60017.0,34185.0,2527.0,U,U,,,,,,
UT,Utah,202507,Y,339046.0,303265.0,35781.0,165797.0,106688.0,12.0,0.157,28186.0,18816.0,11394.0,8124.0,1246.0,0.0,U,U,,,,,,
VA,Virginia,202507,Y,1723777.0,1526616.0,197161.0,898749.0,75111.0,1.0,0.008,136564.0,115981.0,57261.0,16579.0,3269.0,735.0,U,U,,,,,,
VT,Vermont,202507,Y,154784.0,149450.0,5334.0,96347.0,19424.0,1.0,0.015,9223.0,7780.0,6300.0,1066.0,366.0,11.0,U,U,,,,,,
WA,Washington,202507,Y,1799915.0,1738846.0,61069.0,972324.0,67601.0,1.0,0.219,117683.0,104215.0,96745.0,11359.0,2077.0,32.0,U,U,,,,Updated Renewal Outcomes Reported as of a Different Date Than Three Months After the End of the Original Reporting Period,Updated Renewal Outcomes Reported as of a Different Date Than Three Months After the End of the Original Reporting Period,Updated Renewal Outcomes Reported as of a Different Date Than Three Months After the End of the Original Reporting Period
WI,Wisconsin,202507,N,1132861.0,1033465.0,99396.0,592830.0,267274.0,12.0,0.179,61374.0,43864.0,22405.0,7430.0,10080.0,0.0,U,U,,,,,,
WV,West Virginia,202507,Y,501077.0,461142.0,39935.0,300898.0,36946.0,4.0,0.117,34940.0,28449.0,21510.0,5045.0,1438.0,8.0,U,U,Includes Individuals Enrolled At Any Time in Month (Not a Point-in-Time Count),Includes Individuals Enrolled At Any Time in Month (Not a Point-in-Time Count),Includes Individuals Enrolled At Any Time in Month (Not a Point-in-Time Count),,,
WY,Wyoming,202507,N,62021.0,56121.0,5900.0,19673.0,11585.0,1.0,0.002,5951.0,3621.0,2350.0,952.0,400.0,978.0,U,U,,,,"Updated Renewal Outcomes May Include Eligibility Actions That Occurred After the Renewal was Processed (e.g., Outcomes Based on a Change in Circumstance or for Individuals Who Returned the Renewal During the Reconsideration Period)","Updated Renewal Outcomes May Include Eligibility Actions That Occurred After the Renewal was Processed (e.g., Outcomes Based on a Change in Circumstance or for Individuals Who Returned the Renewal During the Reconsideration Period)","Updated Renewal Outcomes May Include Eligibility Actions That Occurred After the Renewal was Processed (e.g., Outcomes Based on a Change in Circumstance or for Individuals Who Returned the Renewal During the Reconsideration Period)"
AK,Alaska,202508,Y,218824.0,205768.0,13056.0,130918.0,32485.0,10.0,0.15,17959.0,10272.0,6339.0,2553.0,1916.0,3218.0,U,U,,,,,,
AL,Alabama,202508,N,947380.0,758080.0,189300.0,271805.0,48657.0,2.0,0.081,110647.0,80859.0,43661.0,10442.0,19346.0,0.0,U,U,,,,,,
AR,Arkansas,202508,Y,815146.0,733824.0,81322.0,399859.0,144881.0,1.0,0.016,53723.0,46166.0,40524.0,6303.0,1254.0,0.0,U,U,,,,,,
AZ,Arizona,202508,Y,1761638.0,1646143.0,115495.0,994249.0,63710.0,5.0,0.149,189852.0,146663.0,128853.0,21198.0,17416.0,4575.0,U,U,,,,,,
CA,California,202508,Y,13292415.0,12061800.0,1230615.0,8371954.0,256354.0,2.0,0.197,823204.0,555366.0,284625.0,175616.0,34065.0,58157.0,U,U,Includes Limited-Benefit Enrollees,Includes Limited-Benefit Enrollees,Includes Limited-Benefit Enrollees,,,
CO,Colorado,202508,Y,1208383.0,1068445.0,139938.0,680339.0,27568.0,6.0,0.049,82610.0,66463.0,48566.0,7310.0,8554.0,283.0,U,U,,,,,,
CT,Connecticut,202508,Y,915136.0,890315.0,24821.0,548880.0,119433.0,23.0,0.088,89089.0,80741.0,73726.0,3753.0,3754.0,841.0,U,U,,,,,,
DC,District of Columbia,202508,Y,258668.0,241742.0,16926.0,162866.0,37269.0,0.0,0.02,20662.0,17172.0,14706.0,2671.0,197.0,622.0,U,U,,,,Updated Renewal Outcomes Reported as of a Different Date Than Three Months After the End of the Original Reporting Period,Updated Renewal Outcomes Reported as of a Different Date Than Three Months After the End of the Original Reporting Period,Updated Renewal Outcomes Reported as of a Different Date Than Three Months After the End of the Original Reporting Period
DE,Delaware,202508,Y,244057.0,230525.0,13532.0,136102.0,19532.0,2.0,0.259,18495.0,15495.0,9588.0,1748.0,1214.0,38.0,U,U,,,,,,
FL,Florida,202508,N,3674391.0,3509167.0,165224.0,1296547.0,2016107.0,27.0,0.236,199175.0,149967.0,48446.0,25079.0,24090.0,39.0,U,U,,,,,,
GA,Georgia,202508,N,1904949.0,1708613.0,196336.0,557109.0,39491.0,33.0,0.008,210782.0,145801.0,113097.0,31880.0,30006.0,3095.0,U,U,,,,,,
HI,Hawaii,202508,Y,391691.0,367988.0,23703.0,239288.0,24004.0,23.0,0.26,36003.0,32491.0,27648.0,2414.0,750.0,348.0,U,U,Includes Retroactive Enrollments,Includes Retroactive Enrollments,Includes Retroactive Enrollments,,,
IA,Iowa,202508,Y,671247.0,584895.0,86352.0,336070.0,22595.0,0.0,0.009,61485.0,50831.0,31197.0,7841.0,1933.0,880.0,U,U,,,,,,
ID,Idaho,202508,Y,315337.0,295855.0,19482.0,160937.0,51563.0,25.0,0.067,18584.0,13472.0,10054.0,4195.0,917.0,0.0,U,U,,,,,,
IL,Illinois,202508,Y,3103271.0,2797602.0,305669.0,1714051.0,232744.0,19.0,0.239,244128.0,201194.0,160448.0,24833.0,7848.0,10253.0,U,U,,,,,,
IN,Indiana,202508,Y,1622884.0,1494002.0,128882.0,864367.0,262072.0,6.0,0.095,116656.0,68019.0,50761.0,36200.0,4222.0,8215.0,U,U,,,,,,
KS,Kansas,202508,N,401051.0,327782.0,73269.0,125586.0,33172.0,0.0,0.006,36356.0,28668.0,17779.0,2410.0,3427.0,1851.0,U,U,,,,,,
KY,Kentucky,202508,Y,1365810.0,1230861.0,134949.0,738041.0,61661.0,1.0,0.02,46202.0,41710.0,35608.0,3197.0,1295.0,0.0,U,U,,,,,,
LA,Louisiana,202508,Y,1454019.0,1313190.0,140829.0,754263.0,333751.0,3.0,0.049,99575.0,79473.0,60340.0,15105.0,4771.0,226.0,U,U,,,,,,
MA,Massachusetts,202508,Y,1600469.0,1413708.0,186761.0,913872.0,217814.0,1.0,0.015,94534.0,67424.0,52938.0,20689.0,6032.0,389.0,U,U,,,,,,
MD,Maryland,202508,Y,1421219.0,1219178.0,202041.0,742997.0,62540.0,2.0,0.05,108942.0,82910.0,61156.0,21075.0,3910.0,1047.0,U,U,,,,,,
ME,Maine,202508,Y,343306.0,315678.0,27628.0,202002.0,41785.0,9.0,0.21,37527.0,34852.0,30892.0,1822.0,420.0,433.0,U,U,,,,,,
MI,Michigan,202508,Y,2349062.0,2178293.0,170769.0,1431969.0,138509.0,1.0,0.018,204489.0,170678.0,121818.0,22923.0,8754.0,2134.0,U,U,,,,,,
MN,Minnesota,202508,Y,1169830.0,1165002.0,4828.0,561919.0,21257.0,11.0,0.37,81597.0,71492.0,64610.0,8518.0,1587.0,0.0,U,U,,,,,,
MO,Missouri,202508,Y,1267548.0,1133484.0,134064.0,680080.0,65820.0,13.0,0.181,88992.0,54891.0,48665.0,16392.0,2157.0,15552.0,U,U,,,,,,
MS,Mississippi,202508,N,598813.0,514133.0,84680.0,200813.0,7132.0,0.0,0.057,45793.0,37871.0,21994.0,6395.0,1527.0,0.0,U,U,,,,,,
MT,Montana,202508,Y,215391.0,194504.0,20887.0,121902.0,21572.0,24.0,0.36,11586.0,8286.0,4896.0,2192.0,926.0,182.0,U,U,Includes Individuals Enrolled At Any Time in Month (Not a Point-in-Time Count),Includes Individuals Enrolled At Any Time in Month (Not a Point-in-Time Count),Includes Individuals Enrolled At Any Time in Month (Not a Point-in-Time Count),,,
NC,North Carolina,202508,Y,2885483.0,2537907.0,347576.0,1446414.0,22038.0,0.0,0.005,231764.0,165818.0,164774.0,12247.0,8374.0,45325.0,U,U,,,,,,
ND,North Dakota,202508,Y,107232.0,102041.0,5191.0,55133.0,23268.0,0.0,0.217,9780.0,7538.0,3519.0,1336.0,894.0,12.0,U,U,,,,,,
NE,Nebraska,202508,Y,340223.0,303085.0,37138.0,164746.0,23864.0,6.0,0.118,30149.0,23507.0,14895.0,3583.0,2656.0,403.0,U,U,,,,,,
NH,New Hampshire,202508,Y,183946.0,164820.0,19126.0,94102.0,33316.0,4.0,0.05,11944.0,7518.0,3437.0,3736.0,685.0,5.0,U,U,Includes Retroactive Enrollments,Includes Retroactive Enrollments,Includes Retroactive Enrollments,,,
NJ,New Jersey,202508,Y,1767650.0,1507519.0,260131.0,951004.0,113645.0,4.0,0.007,110814.0,72390.0,47701.0,15237.0,6764.0,16423.0,U,U,,,,,,
NM,New Mexico,202508,Y,690503.0,648150.0,42353.0,379054.0,138904.0,7.0,0.05,60707.0,50196.0,40307.0,9479.0,1030.0,2.0,U,U,,,,,,
NV,Nevada,202508,Y,742475.0,693668.0,48807.0,420487.0,98902.0,59.0,0.34,55102.0,46267.0,41938.0,7699.0,1136.0,0.0,U,U,,,,,,
NY,New York,202508,Y,6558504.0,5883536.0,674968.0,4091694.0,566891.0,0.0,0.009,419628.0,308804.0,180471.0,65957.0,43063.0,1804.0,U,U,,,,,,
OH,Ohio,202508,Y,2781898.0,2541724.0,240174.0,1585922.0,151589.0,1.0,0.02,246217.0,220386.0,207122.0,17065.0,7258.0,1508.0,U,U,Includes Individuals Enrolled At Any Time in Month (Not a Point-in-Time Count),Includes Individuals Enrolled At Any Time in Month (Not a Point-in-Time Count),Includes Individuals Enrolled At Any Time in Month (Not a Point-in-Time Count),,,
OK,Oklahoma,202508,Y,992278.0,917491.0,74787.0,471167.0,191816.0,43.0,0.121,61764.0,37839.0,24620.0,16214.0,7344.0,367.0,U,U,,,,,,
OR,Oregon,202508,Y,1310037.0,1125335.0,184702.0,835149.0,165356.0,17.0,0.422,87852.0,75199.0,60887.0,9514.0,2921.0,218.0,U,U,,,,,,
PA,Pennsylvania,202508,Y,3042995.0,2762788.0,280207.0,1613232.0,317000.0,15.0,0.29,220901.0,181683.0,42530.0,16932.0,20838.0,1448.0,U,U,,,,"Updated Renewal Outcomes May Include Eligibility Actions That Occurred After the Renewal was Processed (e.g., Outcomes Based on a Change in Circumstance or for Individuals Who Returned the Renewal During the Reconsideration Period)","Updated Renewal Outcomes May Include Eligibility Actions That Occurred After the Renewal was Processed (e.g., Outcomes Based on a Change in Circumstance or for Individuals Who Returned the Renewal During the Reconsideration Period)","Updated Renewal Outcomes May Include Eligibility Actions That Occurred After the Renewal was Processed (e.g., Outcomes Based on a Change in Circumstance or for Individuals Who Returned the Renewal During the Reconsideration Period)"
RI,Rhode Island,202508,Y,305293.0,272057.0,33236.0,184648.0,14732.0,11.0,0.156,19356.0,16445.0,15502.0,1278.0,1620.0,13.0,U,U,,,,Updated Renewal Outcomes Reported as of a Different Date Than Three Months After the End of the Original Reporting Period,Updated Renewal Outcomes Reported as of a Different Date Than Three Months After the End of the Original Reporting Period,Updated Renewal Outcomes Reported as of a Different Date Than Three Months After the End of the Original Reporting Period
SC,South Carolina,202508,N,1029840.0,918535.0,111305.0,395976.0,118061.0,1.0,0.017,82896.0,62357.0,52668.0,4289.0,15802.0,448.0,U,U,Includes Retroactive Enrollments,Includes Retroactive Enrollments,Includes Retroactive Enrollments,,,
SD,South Dakota,202508,Y,136904.0,122863.0,14041.0,59954.0,,,,13027.0,9859.0,6624.0,2583.0,585.0,0.0,U,U,,,,,,
TN,Tennessee,202508,N,1435315.0,1254112.0,181203.0,585414.0,64730.0,0.0,0.0,69566.0,62545.0,50236.0,4736.0,2274.0,11.0,U,U,,,,,,
TX,Texas,202508,N,4192882.0,3847392.0,345490.0,985916.0,776480.0,1.0,0.019,366112.0,257480.0,40407.0,41785.0,36073.0,30774.0,U,U,,,,,,
UT,Utah,202508,Y,339044.0,303173.0,35871.0,166177.0,108382.0,15.0,0.158,28949.0,19479.0,11300.0,8071.0,1399.0,0.0,U,U,,,,,,
VA,Virginia,202508,Y,1713390.0,1517188.0,196202.0,893261.0,62978.0,1.0,0.004,147080.0,125191.0,60671.0,17402.0,4197.0,290.0,U,U,,,,,,
VT,Vermont,202508,Y,154415.0,149044.0,5371.0,96067.0,17198.0,1.0,0.021,11960.0,9941.0,7941.0,1566.0,435.0,18.0,U,U,,,,,,
WA,Washington,202508,Y,1793685.0,1731787.0,61898.0,967970.0,60585.0,1.0,0.202,114092.0,101004.0,93640.0,11092.0,1976.0,20.0,U,U,,,,Updated Renewal Outcomes Reported as of a Different Date Than Three Months After the End of the Original Reporting Period,Updated Renewal Outcomes Reported as of a Different Date Than Three Months After the End of the Original Reporting Period,Updated Renewal Outcomes Reported as of a Different Date Than Three Months After the End of the Original Reporting Period
WI,Wisconsin,202508,N,1131202.0,1031752.0,99450.0,590242.0,270363.0,12.0,0.212,57307.0,43434.0,22219.0,7185.0,6688.0,0.0,U,U,,,,,,
WV,West Virginia,202508,Y,498894.0,459501.0,39393.0,300250.0,30986.0,4.0,0.07,35813.0,28861.0,22444.0,5418.0,1524.0,10.0,U,U,Includes Individuals Enrolled At Any Time in Month (Not a Point-in-Time Count),Includes Individuals Enrolled At Any Time in Month (Not a Point-in-Time Count),Includes Individuals Enrolled At Any Time in Month (Not a Point-in-Time Count),,,
WY,Wyoming,202508,N,61564.0,55597.0,5967.0,19542.0,11046.0,1.0,0.003,5704.0,3467.0,2270.0,1051.0,569.0,617.0,U,U,,,,"Updated Renewal Outcomes May Include Eligibility Actions That Occurred After the Renewal was Processed (e.g., Outcomes Based on a Change in Circumstance or for Individuals Who Returned the Renewal During the Reconsideration Period)","Updated Renewal Outcomes May Include Eligibility Actions That Occurred After the Renewal was Processed (e.g., Outcomes Based on a Change in Circumstance or for Individuals Who Returned the Renewal During the Reconsideration Period)","Updated Renewal Outcomes May Include Eligibility Actions That Occurred After the Renewal was Processed (e.g., Outcomes Based on a Change in Circumstance or for Individuals Who Returned the Renewal During the Reconsideration Period)"
AK,Alaska,202509,Y,215641.0,202632.0,13009.0,128923.0,35506.0,15.0,0.23,14717.0,7840.0,4815.0,1009.0,1706.0,4162.0,U,U,,,,,,
AL,Alabama,202509,N,947718.0,756883.0,190835.0,271496.0,52908.0,3.0,0.277,106479.0,78273.0,42363.0,9435.0,18771.0,0.0,U,U,,,,,,
AR,Arkansas,202509,Y,814767.0,732961.0,81806.0,398298.0,206239.0,12.0,0.019,52006.0,45065.0,39251.0,5804.0,1137.0,0.0,U,U,,,,,,
AZ,Arizona,202509,Y,1744625.0,1628913.0,115712.0,983678.0,64355.0,4.0,0.131,111475.0,78609.0,67983.0,19665.0,8026.0,5175.0,U,U,,,,,,
CA,California,202509,Y,13214259.0,11978256.0,1236003.0,8321991.0,259913.0,2.0,0.004,851451.0,631720.0,379642.0,146145.0,28649.0,44937.0,U,U,Includes Limited-Benefit Enrollees,Includes Limited-Benefit Enrollees,Includes Limited-Benefit Enrollees,,,
CO,Colorado,202509,Y,1197220.0,1057804.0,139416.0,672601.0,26401.0,6.0,0.083,88284.0,73364.0,56392.0,8109.0,6478.0,333.0,U,U,Includes Retroactive Enrollments,Includes Retroactive Enrollments,Includes Retroactive Enrollments,,,
CT,Connecticut,202509,Y,914518.0,889736.0,24782.0,548365.0,127998.0,19.0,0.099,89231.0,79855.0,73405.0,4302.0,4131.0,943.0,U,U,,,,,,
DC,District of Columbia,202509,Y,258880.0,242408.0,16472.0,163198.0,43218.0,0.0,0.03,18749.0,17150.0,15888.0,1304.0,70.0,225.0,U,U,,,,Updated Renewal Outcomes Reported as of a Different Date Than Three Months After the End of the Original Reporting Period,Updated Renewal Outcomes Reported as of a Different Date Than Three Months After the End of the Original Reporting Period,Updated Renewal Outcomes Reported as of a Different Date Than Three Months After the End of the Original Reporting Period
DE,Delaware,202509,Y,243805.0,230166.0,13639.0,135838.0,20787.0,2.0,0.272,18176.0,14803.0,7776.0,2069.0,1278.0,26.0,U,U,,,,,,
FL,Florida,202509,N,3639607.0,3476089.0,163518.0,1297338.0,2296413.0,31.0,0.248,180407.0,137504.0,44724.0,24547.0,18270.0,86.0,U,U,,,,,,
GA,Georgia,202509,N,1906009.0,1711876.0,194133.0,559451.0,31369.0,38.0,0.008,210677.0,147078.0,115018.0,28555.0,30832.0,4212.0,U,U,,,,,,
HI,Hawaii,202509,Y,390360.0,366401.0,23959.0,237802.0,27107.0,29.0,0.26,40547.0,36278.0,27844.0,3228.0,869.0,172.0,U,U,Includes Retroactive Enrollments,Includes Retroactive Enrollments,Includes Retroactive Enrollments,,,
IA,Iowa,202509,Y,672580.0,586619.0,85961.0,337283.0,21631.0,0.0,0.005,65844.0,54784.0,33299.0,7922.0,2091.0,1047.0,U,U,,,,,,
ID,Idaho,202509,Y,315251.0,295732.0,19519.0,161143.0,46189.0,38.0,0.068,23647.0,19057.0,15794.0,3881.0,709.0,367.0,U,U,,,,,,
IL,Illinois,202509,Y,3081581.0,2773141.0,308440.0,1700121.0,242216.0,19.0,0.245,221017.0,172291.0,128752.0,29861.0,8242.0,10623.0,U,U,,,,,,
IN,Indiana,202509,Y,1598756.0,1472252.0,126504.0,853010.0,275076.0,6.0,0.118,116660.0,46146.0,21863.0,57801.0,3189.0,9524.0,U,U,,,,,,
KS,Kansas,202509,N,407696.0,334795.0,72901.0,124741.0,32413.0,0.0,0.003,32956.0,25703.0,16017.0,2188.0,3014.0,2051.0,U,U,,,,,,
KY,Kentucky,202509,Y,1364425.0,1227929.0,136496.0,737760.0,64137.0,0.0,0.011,90922.0,79915.0,70502.0,7983.0,3023.0,1.0,U,U,,,,,,
LA,Louisiana,202509,Y,1451091.0,1310796.0,140295.0,753697.0,381243.0,3.0,0.058,99418.0,71345.0,46727.0,21695.0,5934.0,444.0,U,U,,,,,,
MA,Massachusetts,202509,Y,1599046.0,1411397.0,187649.0,909970.0,243717.0,1.0,0.019,85211.0,55631.0,43282.0,16679.0,12635.0,266.0,U,U,,,,,,
MD,Maryland,202509,Y,1419315.0,1218641.0,200674.0,741726.0,65196.0,3.0,0.09,112025.0,82411.0,57256.0,23820.0,4515.0,1279.0,U,U,,,,,,
ME,Maine,202509,Y,342717.0,315226.0,27491.0,201614.0,48991.0,12.0,0.27,36825.0,34664.0,30040.0,1364.0,430.0,367.0,U,U,,,,,,
MI,Michigan,202509,Y,2345745.0,2174909.0,170836.0,1430567.0,144987.0,1.0,0.02,209902.0,172042.0,129052.0,28924.0,6548.0,2388.0,U,U,,,,,,
MN,Minnesota,202509,Y,1172422.0,1167709.0,4713.0,562513.0,21521.0,7.0,0.28,83723.0,69113.0,60245.0,12690.0,1920.0,0.0,U,U,,,,,,
MO,Missouri,202509,Y,1267813.0,1133687.0,134126.0,680489.0,66260.0,14.0,0.18,78709.0,49357.0,44593.0,14305.0,1658.0,13389.0,U,U,,,,,,
MS,Mississippi,202509,N,597348.0,512797.0,84551.0,200424.0,6629.0,0.0,0.034,48384.0,40871.0,20431.0,5986.0,1525.0,2.0,U,U,,,,,,
MT,Montana,202509,Y,214206.0,193524.0,20682.0,121445.0,24666.0,24.0,0.38,12080.0,8797.0,5464.0,2120.0,966.0,197.0,U,U,Includes Individuals Enrolled At Any Time in Month (Not a Point-in-Time Count),Includes Individuals Enrolled At Any Time in Month (Not a Point-in-Time Count),Includes Individuals Enrolled At Any Time in Month (Not a Point-in-Time Count),,,
NC,North Carolina,202509,Y,2883258.0,2535360.0,347898.0,1447498.0,21988.0,0.0,0.005,218370.0,152240.0,151269.0,12239.0,7640.0,46251.0,U,U,,,,,,
ND,North Dakota,202509,Y,107356.0,102021.0,5335.0,55103.0,26223.0,1.0,0.287,9448.0,7139.0,3445.0,1399.0,891.0,19.0,U,U,,,,,,
NE,Nebraska,202509,Y,338698.0,301632.0,37066.0,164080.0,22984.0,6.0,0.105,29507.0,22873.0,19704.0,3531.0,2962.0,141.0,U,U,,,,,,
NH,New Hampshire,202509,Y,181858.0,162604.0,19254.0,92764.0,37531.0,4.0,0.08,12329.0,8131.0,3305.0,3488.0,696.0,14.0,U,U,Includes Retroactive Enrollments,Includes Retroactive Enrollments,Includes Retroactive Enrollments,,,
NJ,New Jersey,202509,Y,1772830.0,1511726.0,261104.0,953901.0,119298.0,4.0,0.009,105708.0,53434.0,28332.0,15356.0,6828.0,30090.0,U,U,,,,,,
NM,New Mexico,202509,Y,689106.0,646450.0,42656.0,377929.0,158070.0,7.0,0.062,32184.0,23957.0,16014.0,7267.0,960.0,0.0,U,U,,,,,,
NV,Nevada,202509,Y,738352.0,689962.0,48390.0,417728.0,114212.0,66.0,0.32,55102.0,46267.0,41938.0,7699.0,1136.0,0.0,U,U,,,,,,
NY,New York,202509,Y,6545793.0,5873147.0,672646.0,4076879.0,616527.0,1.0,0.03,427706.0,311619.0,171528.0,67818.0,44256.0,4013.0,U,U,,,,,,
OH,Ohio,202509,Y,2775847.0,2534444.0,241403.0,1579596.0,194511.0,2.0,0.03,244214.0,215905.0,193373.0,18938.0,7006.0,2365.0,U,U,Includes Individuals Enrolled At Any Time in Month (Not a Point-in-Time Count),Includes Individuals Enrolled At Any Time in Month (Not a Point-in-Time Count),Includes Individuals Enrolled At Any Time in Month (Not a Point-in-Time Count),,,
OK,Oklahoma,202509,Y,989984.0,910072.0,79912.0,469289.0,188356.0,48.0,0.154,65101.0,40235.0,25258.0,16684.0,7877.0,305.0,U,U,,,,,,
OR,Oregon,202509,Y,1309058.0,1125025.0,184033.0,834843.0,188110.0,17.0,0.408,75825.0,59718.0,48836.0,12027.0,3896.0,184.0,U,U,,,,,,
PA,Pennsylvania,202509,Y,3037911.0,2757077.0,280834.0,1610394.0,305613.0,16.0,0.282,208440.0,171477.0,44157.0,15526.0,19240.0,2197.0,U,U,,,,"Updated Renewal Outcomes May Include Eligibility Actions That Occurred After the Renewal was Processed (e.g., Outcomes Based on a Change in Circumstance or for Individuals Who Returned the Renewal During the Reconsideration Period)","Updated Renewal Outcomes May Include Eligibility Actions That Occurred After the Renewal was Processed (e.g., Outcomes Based on a Change in Circumstance or for Individuals Who Returned the Renewal During the Reconsideration Period)","Updated Renewal Outcomes May Include Eligibility Actions That Occurred After the Renewal was Processed (e.g., Outcomes Based on a Change in Circumstance or for Individuals Who Returned the Renewal During the Reconsideration Period)"
RI,Rhode Island,202509,Y,304391.0,271469.0,32922.0,184613.0,16701.0,11.0,0.155,18554.0,15109.0,13911.0,2083.0,1347.0,15.0,U,U,,,,Updated Renewal Outcomes Reported as of a Different Date Than Three Months After the End of the Original Reporting Period,Updated Renewal Outcomes Reported as of a Different Date Than Three Months After the End of the Original Reporting Period,Updated Renewal Outcomes Reported as of a Different Date Than Three Months After the End of the Original Reporting Period
SC,South Carolina,202509,N,1021467.0,909458.0,112009.0,392609.0,128908.0,1.0,0.024,86386.0,63866.0,52836.0,4016.0,18152.0,352.0,U,U,Includes Retroactive Enrollments,Includes Retroactive Enrollments,Includes Retroactive Enrollments,,,
SD,South Dakota,202509,Y,136318.0,122307.0,14011.0,59621.0,,,,10922.0,8715.0,6532.0,1855.0,352.0,0.0,U,U,,,,,,
TN,Tennessee,202509,N,1434452.0,1251458.0,182994.0,584792.0,64725.0,0.0,0.001,95012.0,84659.0,67060.0,6627.0,3707.0,19.0,U,U,,,,,,
TX,Texas,202509,N,4198271.0,3851991.0,346280.0,989536.0,827907.0,1.0,0.031,306798.0,199186.0,27987.0,68792.0,35966.0,2854.0,U,U,,,,,,
UT,Utah,202509,Y,337687.0,302064.0,35623.0,165673.0,115872.0,18.0,0.195,30185.0,20617.0,12127.0,8213.0,1355.0,0.0,U,U,,,,,,
VA,Virginia,202509,Y,1707737.0,1512223.0,195514.0,891275.0,70690.0,1.0,0.011,144497.0,124763.0,67609.0,15554.0,3981.0,199.0,U,U,,,,,,
VT,Vermont,202509,Y,153802.0,148404.0,5398.0,95658.0,18797.0,2.0,0.034,12340.0,10861.0,9434.0,1185.0,294.0,0.0,U,U,,,,,,
WA,Washington,202509,Y,1793406.0,1730508.0,62898.0,968172.0,61999.0,1.0,0.228,108628.0,95270.0,88445.0,11341.0,1988.0,29.0,U,U,,,,Updated Renewal Outcomes Reported as of a Different Date Than Three Months After the End of the Original Reporting Period,Updated Renewal Outcomes Reported as of a Different Date Than Three Months After the End of the Original Reporting Period,Updated Renewal Outcomes Reported as of a Different Date Than Three Months After the End of the Original Reporting Period
WI,Wisconsin,202509,N,1132761.0,1033372.0,99389.0,591340.0,271179.0,16.0,0.2,58196.0,43159.0,21760.0,7582.0,7455.0,0.0,U,U,,,,,,
WV,West Virginia,202509,Y,498188.0,458947.0,39241.0,300159.0,24391.0,4.0,0.076,32289.0,26343.0,19499.0,4475.0,1460.0,11.0,U,U,Includes Individuals Enrolled At Any Time in Month (Not a Point-in-Time Count),Includes Individuals Enrolled At Any Time in Month (Not a Point-in-Time Count),Includes Individuals Enrolled At Any Time in Month (Not a Point-in-Time Count),,,
WY,Wyoming,202509,N,60384.0,54433.0,5951.0,19259.0,12548.0,1.0,0.004,5817.0,3340.0,681.0,1214.0,582.0,681.0,U,U,,,,"Updated Renewal Outcomes May Include Eligibility Actions That Occurred After the Renewal was Processed (e.g., Outcomes Based on a Change in Circumstance or for Individuals Who Returned the Renewal During the Reconsideration Period)","Updated Renewal Outcomes May Include Eligibility Actions That Occurred After the Renewal was Processed (e.g., Outcomes Based on a Change in Circumstance or for Individuals Who Returned the Renewal During the Reconsideration Period)","Updated Renewal Outcomes May Include Eligibility Actions That Occurred After the Renewal was Processed (e.g., Outcomes Based on a Change in Circumstance or for Individuals Who Returned the Renewal During the Reconsideration Period)"
AK,Alaska,202510,Y,214818.0,201848.0,12970.0,128294.0,37455.0,19.0,0.19,17047.0,8694.0,4587.0,2172.0,2009.0,4172.0,U,U,,,,,,
AL,Alabama,202510,N,947046.0,754925.0,192121.0,270861.0,49595.0,1.0,0.07,100725.0,74170.0,40942.0,8475.0,18080.0,0.0,U,U,,,,,,
AR,Arkansas,202510,Y,811928.0,729524.0,82404.0,395260.0,197526.0,8.0,0.011,51893.0,45093.0,39424.0,5584.0,1216.0,0.0,U,U,,,,,,
AZ,Arizona,202510,Y,1720153.0,1605769.0,114384.0,968155.0,65860.0,5.0,0.152,178455.0,132365.0,118883.0,27315.0,11410.0,7365.0,U,U,,,,,,
CA,California,202510,Y,13189926.0,11944258.0,1245668.0,8314624.0,268127.0,5.0,0.013,864933.0,579455.0,398359.0,128156.0,16812.0,140510.0,U,U,Includes Limited-Benefit Enrollees,Includes Limited-Benefit Enrollees,Includes Limited-Benefit Enrollees,,,
CO,Colorado,202510,Y,1192039.0,1053380.0,138659.0,670091.0,28420.0,6.0,0.047,92335.0,73766.0,53970.0,9135.0,8581.0,853.0,U,U,,,,,,
CT,Connecticut,202510,Y,913090.0,888296.0,24794.0,547584.0,144513.0,19.0,0.079,114550.0,98091.0,90172.0,4879.0,10463.0,1117.0,U,U,,,,,,
DC,District of Columbia,202510,Y,259301.0,242920.0,16381.0,163769.0,39554.0,0.0,0.02,32663.0,30584.0,28933.0,1653.0,110.0,316.0,U,U,,,,Updated Renewal Outcomes Reported as of a Different Date Than Three Months After the End of the Original Reporting Period,Updated Renewal Outcomes Reported as of a Different Date Than Three Months After the End of the Original Reporting Period,Updated Renewal Outcomes Reported as of a Different Date Than Three Months After the End of the Original Reporting Period
DE,Delaware,202510,Y,242745.0,228908.0,13837.0,135025.0,18459.0,2.0,0.226,19316.0,15829.0,8746.0,2031.0,1440.0,16.0,U,U,,,,,,
FL,Florida,202510,N,3648091.0,3485075.0,163016.0,1292135.0,1843708.0,22.0,0.188,192991.0,146852.0,45700.0,21371.0,24672.0,96.0,U,U,,,,,,
GA,Georgia,202510,N,1895046.0,1703918.0,191128.0,557376.0,37564.0,35.0,0.004,205312.0,143706.0,110799.0,27776.0,29439.0,4391.0,U,U,,,,,,
HI,Hawaii,202510,Y,390044.0,365969.0,24075.0,237410.0,26614.0,42.0,0.25,38684.0,34685.0,29652.0,3005.0,810.0,184.0,U,U,Includes Retroactive Enrollments,Includes Retroactive Enrollments,Includes Retroactive Enrollments,,,
IA,Iowa,202510,Y,671561.0,585871.0,85690.0,337339.0,22070.0,0.0,0.001,60348.0,51244.0,34114.0,6551.0,1961.0,592.0,U,U,,,,,,
ID,Idaho,202510,Y,314788.0,295134.0,19654.0,161317.0,43907.0,61.0,0.063,23939.0,19519.0,16352.0,3572.0,848.0,0.0,U,U,,,,,,
IL,Illinois,202510,Y,3055971.0,2743539.0,312432.0,1684616.0,234372.0,17.0,0.218,213528.0,172421.0,138414.0,20322.0,6717.0,14068.0,U,U,,,,,,
IN,Indiana,202510,Y,1587156.0,1460721.0,126435.0,846554.0,263115.0,5.0,0.07,112784.0,40938.0,20522.0,51664.0,2769.0,17413.0,U,U,,,,,,
KS,Kansas,202510,N,408796.0,335844.0,72952.0,127507.0,32456.0,0.0,0.002,34051.0,28473.0,18880.0,1875.0,3097.0,606.0,U,U,,,,,,
KY,Kentucky,202510,Y,1352717.0,1217122.0,135595.0,732302.0,82612.0,0.0,0.002,120126.0,98381.0,87284.0,14669.0,5183.0,1893.0,U,U,,,,,,
LA,Louisiana,202510,Y,1428636.0,1288804.0,139832.0,735605.0,384887.0,3.0,0.054,118283.0,85386.0,51296.0,25706.0,6348.0,843.0,U,U,,,,,,
MA,Massachusetts,202510,Y,1602141.0,1409698.0,192443.0,909701.0,249083.0,2.0,0.027,104160.0,67504.0,46919.0,18134.0,17797.0,725.0,U,U,,,,,,
MD,Maryland,202510,Y,1410807.0,1212370.0,198437.0,735859.0,65506.0,2.0,0.05,98021.0,71524.0,53476.0,21419.0,4212.0,866.0,U,U,,,,,,
ME,Maine,202510,Y,341564.0,313956.0,27608.0,201056.0,48096.0,10.0,0.26,37089.0,34072.0,29938.0,1761.0,728.0,528.0,U,U,,,,,,
MI,Michigan,202510,Y,2309880.0,2141597.0,168283.0,1408035.0,143678.0,1.0,0.016,173966.0,139691.0,101808.0,25193.0,6734.0,2348.0,U,U,,,,,,
MN,Minnesota,202510,Y,1168806.0,1164216.0,4590.0,559208.0,23919.0,5.0,0.21,93891.0,77741.0,67551.0,12870.0,3280.0,0.0,U,U,,,,,,
MO,Missouri,202510,Y,1266885.0,1133330.0,133555.0,681408.0,66382.0,13.0,0.192,98748.0,63911.0,56559.0,16339.0,2301.0,16197.0,U,U,,,,,,
MS,Mississippi,202510,N,595171.0,510814.0,84357.0,199654.0,6764.0,0.0,0.026,42365.0,35827.0,22098.0,5274.0,1263.0,1.0,U,U,,,,,,
MT,Montana,202510,Y,212952.0,192428.0,20524.0,120899.0,21828.0,20.0,0.33,13337.0,8587.0,5791.0,3876.0,696.0,178.0,U,U,Includes Individuals Enrolled At Any Time in Month (Not a Point-in-Time Count),Includes Individuals Enrolled At Any Time in Month (Not a Point-in-Time Count),Includes Individuals Enrolled At Any Time in Month (Not a Point-in-Time Count),,,
NC,North Carolina,202510,Y,2877160.0,2529637.0,347523.0,1445917.0,22314.0,0.0,0.018,236756.0,161102.0,159860.0,13549.0,8535.0,53570.0,U,U,,,,,,
ND,North Dakota,202510,Y,107030.0,101607.0,5423.0,54821.0,26999.0,10.0,0.324,9255.0,7051.0,3310.0,1265.0,918.0,21.0,U,U,,,,,,
NE,Nebraska,202510,Y,336989.0,300013.0,36976.0,163412.0,20588.0,6.0,0.099,29538.0,22665.0,19332.0,3687.0,2949.0,237.0,U,U,,,,,,
NH,New Hampshire,202510,Y,180045.0,160893.0,19152.0,91774.0,37598.0,4.0,0.06,13797.0,8686.0,3630.0,4262.0,843.0,6.0,U,U,Includes Retroactive Enrollments,Includes Retroactive Enrollments,Includes Retroactive Enrollments,,,
NJ,New Jersey,202510,Y,1772553.0,1511559.0,260994.0,952994.0,122052.0,4.0,0.016,95284.0,53619.0,33221.0,12438.0,8332.0,20895.0,U,U,,,,,,
NM,New Mexico,202510,Y,687427.0,644329.0,43098.0,376901.0,159700.0,6.0,0.048,30873.0,22515.0,13409.0,7350.0,1008.0,0.0,U,U,,,,,,
NV,Nevada,202510,Y,742058.0,694145.0,47913.0,421477.0,125983.0,71.0,0.3,53414.0,45837.0,41770.0,5817.0,1760.0,0.0,U,U,,,,,,
NY,New York,202510,Y,6539403.0,5868490.0,670913.0,4066815.0,649645.0,1.0,0.048,410324.0,300547.0,161424.0,64735.0,42979.0,2063.0,U,U,,,,,,
OH,Ohio,202510,Y,2768467.0,2525747.0,242720.0,1575837.0,181797.0,3.0,0.04,250202.0,211307.0,160932.0,25221.0,8186.0,5488.0,U,U,Includes Individuals Enrolled At Any Time in Month (Not a Point-in-Time Count),Includes Individuals Enrolled At Any Time in Month (Not a Point-in-Time Count),Includes Individuals Enrolled At Any Time in Month (Not a Point-in-Time Count),,,
OK,Oklahoma,202510,Y,989060.0,919727.0,69333.0,472353.0,185426.0,54.0,0.168,67279.0,42194.0,26462.0,16116.0,8592.0,377.0,U,U,,,,,,
OR,Oregon,202510,Y,1308135.0,1124118.0,184017.0,834743.0,171201.0,12.0,0.322,91801.0,74922.0,57545.0,13370.0,3335.0,174.0,U,U,,,,,,
PA,Pennsylvania,202510,Y,3032947.0,2750634.0,282313.0,1606935.0,239496.0,11.0,0.181,218496.0,181252.0,46353.0,14438.0,19135.0,3671.0,U,U,,,,"Updated Renewal Outcomes May Include Eligibility Actions That Occurred After the Renewal was Processed (e.g., Outcomes Based on a Change in Circumstance or for Individuals Who Returned the Renewal During the Reconsideration Period)","Updated Renewal Outcomes May Include Eligibility Actions That Occurred After the Renewal was Processed (e.g., Outcomes Based on a Change in Circumstance or for Individuals Who Returned the Renewal During the Reconsideration Period)","Updated Renewal Outcomes May Include Eligibility Actions That Occurred After the Renewal was Processed (e.g., Outcomes Based on a Change in Circumstance or for Individuals Who Returned the Renewal During the Reconsideration Period)"
RI,Rhode Island,202510,Y,304076.0,271087.0,32989.0,184656.0,17114.0,11.0,0.155,17894.0,15039.0,13256.0,1365.0,1455.0,35.0,U,U,,,,,,
SC,South Carolina,202510,N,1013659.0,901217.0,112442.0,389029.0,130771.0,1.0,0.023,85311.0,63346.0,49914.0,5679.0,15824.0,462.0,U,U,Includes Retroactive Enrollments,Includes Retroactive Enrollments,Includes Retroactive Enrollments,,,
SD,South Dakota,202510,Y,136919.0,122794.0,14125.0,60011.0,,,,9886.0,7411.0,5869.0,2180.0,295.0,0.0,U,U,,,,,,
TN,Tennessee,202510,N,1424658.0,1241101.0,183557.0,581045.0,69601.0,0.0,0.002,109370.0,98044.0,76219.0,7128.0,4167.0,31.0,U,U,,,,,,
TX,Texas,202510,N,4168710.0,3821947.0,346763.0,987637.0,765889.0,1.0,0.019,374370.0,248683.0,34140.0,81215.0,40848.0,3624.0,U,U,,,,,,
UT,Utah,202510,Y,335404.0,300108.0,35296.0,164825.0,95160.0,9.0,0.122,31046.0,21514.0,12663.0,8168.0,1364.0,0.0,U,U,,,,,,
VA,Virginia,202510,Y,1698230.0,1503428.0,194802.0,886524.0,69867.0,1.0,0.013,160423.0,144606.0,78229.0,10365.0,4799.0,653.0,U,U,,,,,,
VT,Vermont,202510,Y,152726.0,147321.0,5405.0,94792.0,22459.0,2.0,0.048,9869.0,8369.0,6633.0,1151.0,327.0,22.0,U,U,,,,,,
WA,Washington,202510,Y,1792490.0,1729143.0,63347.0,968602.0,60985.0,1.0,0.136,117775.0,104167.0,96544.0,11512.0,2063.0,33.0,U,U,,,,Updated Renewal Outcomes Reported as of a Different Date Than Three Months After the End of the Original Reporting Period,Updated Renewal Outcomes Reported as of a Different Date Than Three Months After the End of the Original Reporting Period,Updated Renewal Outcomes Reported as of a Different Date Than Three Months After the End of the Original Reporting Period
WI,Wisconsin,202510,N,1130766.0,1031259.0,99507.0,590226.0,237336.0,5.0,0.056,60832.0,45246.0,22679.0,7556.0,8030.0,0.0,U,U,,,,,,
WV,West Virginia,202510,Y,497764.0,458072.0,39692.0,299992.0,22038.0,4.0,0.037,33212.0,26583.0,19558.0,5002.0,1620.0,7.0,U,U,Includes Individuals Enrolled At Any Time in Month (Not a Point-in-Time Count),Includes Individuals Enrolled At Any Time in Month (Not a Point-in-Time Count),Includes Individuals Enrolled At Any Time in Month (Not a Point-in-Time Count),,,
WY,Wyoming,202510,N,60444.0,54504.0,5940.0,19301.0,12623.0,1.0,0.0,5459.0,2881.0,1730.0,1092.0,652.0,834.0,U,U,,,,"Updated Renewal Outcomes May Include Eligibility Actions That Occurred After the Renewal was Processed (e.g., Outcomes Based on a Change in Circumstance or for Individuals Who Returned the Renewal During the Reconsideration Period)","Updated Renewal Outcomes May Include Eligibility Actions That Occurred After the Renewal was Processed (e.g., Outcomes Based on a Change in Circumstance or for Individuals Who Returned the Renewal During the Reconsideration Period)","Updated Renewal Outcomes May Include Eligibility Actions That Occurred After the Renewal was Processed (e.g., Outcomes Based on a Change in Circumstance or for Individuals Who Returned the Renewal During the Reconsideration Period)"
AK,Alaska,202511,Y,212388.0,199460.0,12928.0,126678.0,27460.0,17.0,0.2,18550.0,10445.0,6026.0,1354.0,2373.0,4378.0,U,U,,,,,,
AL,Alabama,202511,N,945436.0,752535.0,192901.0,270176.0,38101.0,1.0,0.058,96927.0,70219.0,38805.0,8848.0,17860.0,0.0,U,U,,,,,,
AR,Arkansas,202511,Y,806626.0,723536.0,83090.0,390180.0,168864.0,11.0,0.063,49192.0,42747.0,37902.0,5012.0,1433.0,0.0,U,U,,,,,,
AZ,Arizona,202511,Y,1693731.0,1579905.0,113826.0,952155.0,54440.0,6.0,0.159,176703.0,134960.0,124030.0,23542.0,9640.0,8561.0,U,U,,,,,,
CA,California,202511,Y,12778416.0,11554412.0,1224004.0,8131488.0,228369.0,9.0,0.023,835824.0,606133.0,378591.0,143369.0,26559.0,59763.0,U,U,,,,,,
CO,Colorado,202511,Y,1186276.0,1046707.0,139569.0,661809.0,24993.0,10.0,0.066,90273.0,75149.0,55305.0,4383.0,10340.0,401.0,U,U,,,,,,
CT,Connecticut,202511,Y,907051.0,882013.0,25038.0,542719.0,125549.0,10.0,0.08,106526.0,95780.0,88481.0,5082.0,4595.0,1069.0,U,U,,,,,,
DC,District of Columbia,202511,Y,258617.0,242274.0,16343.0,163384.0,29528.0,0.0,0.01,24480.0,22177.0,20464.0,1904.0,70.0,329.0,U,U,,,,Updated Renewal Outcomes Reported as of a Different Date Than Three Months After the End of the Original Reporting Period,Updated Renewal Outcomes Reported as of a Different Date Than Three Months After the End of the Original Reporting Period,Updated Renewal Outcomes Reported as of a Different Date Than Three Months After the End of the Original Reporting Period
DE,Delaware,202511,Y,241168.0,227234.0,13934.0,134084.0,13820.0,2.0,0.189,17430.0,14033.0,7955.0,1982.0,1403.0,12.0,U,U,,,,,,
FL,Florida,202511,N,3611012.0,3447907.0,163105.0,1279890.0,1247420.0,18.0,0.164,155346.0,116203.0,36719.0,21929.0,17204.0,10.0,U,U,,,,,,
GA,Georgia,202511,N,1888985.0,1698374.0,190611.0,556554.0,32830.0,31.0,0.005,184750.0,130441.0,103646.0,25543.0,24372.0,4394.0,U,U,,,,,,
HI,Hawaii,202511,Y,389135.0,364787.0,24348.0,236351.0,25713.0,143.0,0.31,36753.0,32371.0,27332.0,3464.0,667.0,251.0,U,U,Includes Retroactive Enrollments,Includes Retroactive Enrollments,Includes Retroactive Enrollments,,,
IA,Iowa,202511,Y,670680.0,585282.0,85398.0,337979.0,18117.0,0.0,0.001,55647.0,46169.0,31438.0,7414.0,1644.0,420.0,U,U,,,,,,
ID,Idaho,202511,Y,313479.0,293777.0,19702.0,160558.0,35716.0,57.0,0.061,22577.0,17844.0,14815.0,3947.0,786.0,0.0,U,U,,,,,,
IL,Illinois,202511,Y,3038514.0,2719408.0,319106.0,1672688.0,192183.0,19.0,0.242,216947.0,171489.0,143452.0,22023.0,6695.0,16740.0,U,U,,,,,,
IN,Indiana,202511,Y,1557726.0,1431868.0,125858.0,830842.0,197437.0,4.0,0.058,115273.0,39739.0,20624.0,55379.0,2666.0,17489.0,U,U,,,,,,
KS,Kansas,202511,N,407753.0,335135.0,72618.0,127035.0,23536.0,0.0,0.005,39631.0,33239.0,22218.0,2251.0,3564.0,577.0,U,U,,,,,,
KY,Kentucky,202511,Y,1333620.0,1200890.0,132730.0,726420.0,94236.0,0.0,0.002,61033.0,53079.0,49506.0,4735.0,2272.0,947.0,U,U,,,,,,
LA,Louisiana,202511,Y,1412524.0,1274536.0,137988.0,725785.0,280263.0,2.0,0.049,80827.0,53273.0,33083.0,21633.0,4500.0,1421.0,U,U,,,,,,
MA,Massachusetts,202511,Y,1598183.0,1405793.0,192390.0,906553.0,210251.0,2.0,0.027,90667.0,67409.0,55076.0,13854.0,6348.0,3056.0,U,U,,,,,,
MD,Maryland,202511,Y,1407895.0,1209670.0,198225.0,734159.0,63310.0,4.0,0.098,123004.0,89731.0,64261.0,27208.0,4480.0,1585.0,U,U,,,,,,
ME,Maine,202511,Y,341522.0,314237.0,27285.0,201053.0,39622.0,9.0,0.23,30489.0,27246.0,22380.0,2392.0,558.0,293.0,U,U,,,,,,
MI,Michigan,202511,Y,2299761.0,2131207.0,168554.0,1402822.0,119207.0,1.0,0.012,175186.0,138218.0,104961.0,28311.0,6373.0,2284.0,U,U,,,,,,
MN,Minnesota,202511,Y,1163157.0,1158706.0,4451.0,555917.0,18559.0,26.0,0.43,104330.0,85792.0,75229.0,15076.0,3462.0,0.0,U,U,,,,,,
MO,Missouri,202511,Y,1266828.0,1133140.0,133688.0,684317.0,53687.0,10.0,0.152,109064.0,69225.0,60952.0,17877.0,2388.0,19574.0,U,U,,,,,,
MS,Mississippi,202511,N,593696.0,509631.0,84065.0,199184.0,6279.0,0.0,0.019,40056.0,34072.0,22436.0,4750.0,1234.0,0.0,U,U,,,,,,
MT,Montana,202511,Y,213187.0,192806.0,20381.0,121613.0,17690.0,21.0,0.34,15396.0,9255.0,5506.0,4919.0,871.0,351.0,U,U,Includes Individuals Enrolled At Any Time in Month (Not a Point-in-Time Count),Includes Individuals Enrolled At Any Time in Month (Not a Point-in-Time Count),Includes Individuals Enrolled At Any Time in Month (Not a Point-in-Time Count),Updated Renewal Outcomes Reported as of a Different Date Than Three Months After the End of the Original Reporting Period,Updated Renewal Outcomes Reported as of a Different Date Than Three Months After the End of the Original Reporting Period,Updated Renewal Outcomes Reported as of a Different Date Than Three Months After the End of the Original Reporting Period
NC,North Carolina,202511,Y,2873645.0,2527040.0,346605.0,1448458.0,17978.0,0.0,0.006,240408.0,169718.0,168515.0,12102.0,7652.0,50936.0,U,U,,,,,,
ND,North Dakota,202511,Y,106318.0,100854.0,5464.0,54367.0,19164.0,5.0,0.193,8274.0,6248.0,3034.0,1348.0,645.0,33.0,U,U,,,,,,
NE,Nebraska,202511,Y,336259.0,299026.0,37233.0,163310.0,17377.0,8.0,0.122,28139.0,21378.0,18191.0,3562.0,2911.0,288.0,U,U,,,,,,
NH,New Hampshire,202511,Y,178670.0,159398.0,19272.0,91050.0,34348.0,5.0,0.05,13640.0,7592.0,1660.0,5205.0,840.0,3.0,U,U,Includes Retroactive Enrollments,Includes Retroactive Enrollments,Includes Retroactive Enrollments,,,
NJ,New Jersey,202511,Y,1775442.0,1514284.0,261158.0,954229.0,109380.0,3.0,0.029,127583.0,82320.0,64069.0,18329.0,7067.0,19867.0,U,U,,,,,,
NM,New Mexico,202511,Y,683227.0,640061.0,43166.0,374328.0,116324.0,7.0,0.033,32373.0,23889.0,16082.0,7709.0,775.0,0.0,U,U,,,,,,
NV,Nevada,202511,Y,727457.0,679632.0,47825.0,410957.0,89766.0,73.0,0.35,52679.0,45929.0,41416.0,5485.0,1265.0,0.0,U,U,,,,,,
NY,New York,202511,Y,6561223.0,5894332.0,666891.0,4084942.0,627944.0,2.0,0.034,400866.0,292364.0,169970.0,61584.0,44569.0,2349.0,U,U,,,,,,
OH,Ohio,202511,Y,2751300.0,2508352.0,242948.0,1566577.0,184278.0,3.0,0.04,269222.0,211421.0,153332.0,41906.0,6561.0,9334.0,U,U,Includes Individuals Enrolled At Any Time in Month (Not a Point-in-Time Count),Includes Individuals Enrolled At Any Time in Month (Not a Point-in-Time Count),Includes Individuals Enrolled At Any Time in Month (Not a Point-in-Time Count),,,
OK,Oklahoma,202511,Y,987037.0,913130.0,73907.0,475708.0,143526.0,56.0,0.161,63886.0,36678.0,20415.0,19664.0,7194.0,350.0,U,U,,,,,,
OR,Oregon,202511,Y,1308255.0,1124039.0,184216.0,835992.0,122147.0,10.0,0.292,83582.0,67358.0,52880.0,11475.0,4749.0,0.0,U,U,,,,,,
PA,Pennsylvania,202511,Y,3011909.0,2732233.0,279676.0,1596680.0,184513.0,6.0,0.099,185233.0,149690.0,41449.0,13687.0,17207.0,4649.0,U,U,,,,"Updated Renewal Outcomes May Include Eligibility Actions That Occurred After the Renewal was Processed (e.g., Outcomes Based on a Change in Circumstance or for Individuals Who Returned the Renewal During the Reconsideration Period)","Updated Renewal Outcomes May Include Eligibility Actions That Occurred After the Renewal was Processed (e.g., Outcomes Based on a Change in Circumstance or for Individuals Who Returned the Renewal During the Reconsideration Period)","Updated Renewal Outcomes May Include Eligibility Actions That Occurred After the Renewal was Processed (e.g., Outcomes Based on a Change in Circumstance or for Individuals Who Returned the Renewal During the Reconsideration Period)"
RI,Rhode Island,202511,Y,297814.0,263719.0,34095.0,178880.0,21308.0,9.0,0.156,15278.0,12991.0,11746.0,1343.0,888.0,56.0,U,U,,,,Updated Renewal Outcomes Reported as of a Different Date Than Three Months After the End of the Original Reporting Period,Updated Renewal Outcomes Reported as of a Different Date Than Three Months After the End of the Original Reporting Period,Updated Renewal Outcomes Reported as of a Different Date Than Three Months After the End of the Original Reporting Period
SC,South Carolina,202511,N,1007906.0,894171.0,113735.0,386527.0,110637.0,3.0,0.052,86125.0,64785.0,53541.0,5128.0,15557.0,655.0,U,U,Includes Retroactive Enrollments,Includes Retroactive Enrollments,Includes Retroactive Enrollments,,,
SD,South Dakota,202511,Y,136379.0,122031.0,14348.0,59843.0,,,,10931.0,8807.0,6110.0,1696.0,428.0,0.0,U,U,,,,,,
TN,Tennessee,202511,N,1416620.0,1233717.0,182903.0,578977.0,56012.0,0.0,0.002,147609.0,132637.0,106691.0,10631.0,4273.0,68.0,U,U,,,,,,
TX,Texas,202511,N,4123943.0,3776984.0,346959.0,979819.0,598433.0,1.0,0.021,321082.0,215151.0,26206.0,49319.0,36626.0,19986.0,U,U,,,,,,
UT,Utah,202511,Y,334123.0,298758.0,35365.0,164765.0,80040.0,12.0,0.139,31437.0,21106.0,12585.0,8903.0,1428.0,0.0,U,U,,,,,,
VA,Virginia,202511,Y,1698956.0,1503054.0,195902.0,887545.0,54248.0,1.0,0.014,152771.0,126984.0,74424.0,19638.0,4581.0,1568.0,U,U,,,,,,
VT,Vermont,202511,Y,151811.0,146362.0,5449.0,94088.0,25122.0,3.0,0.069,11438.0,9641.0,7944.0,1441.0,335.0,21.0,U,U,,,,,,
WA,Washington,202511,Y,1786767.0,1722640.0,64127.0,965784.0,52383.0,1.0,0.188,130421.0,115992.0,107782.0,12330.0,2079.0,20.0,U,U,,,,Updated Renewal Outcomes Reported as of a Different Date Than Three Months After the End of the Original Reporting Period,Updated Renewal Outcomes Reported as of a Different Date Than Three Months After the End of the Original Reporting Period,Updated Renewal Outcomes Reported as of a Different Date Than Three Months After the End of the Original Reporting Period
WI,Wisconsin,202511,N,1129918.0,1030040.0,99878.0,589831.0,200651.0,6.0,0.069,59524.0,43376.0,23137.0,9020.0,7128.0,0.0,U,U,,,,,,
WV,West Virginia,202511,Y,491398.0,451904.0,39494.0,296148.0,19542.0,4.0,0.03,28942.0,22785.0,17362.0,4641.0,1508.0,8.0,U,U,Includes Individuals Enrolled At Any Time in Month (Not a Point-in-Time Count),Includes Individuals Enrolled At Any Time in Month (Not a Point-in-Time Count),Includes Individuals Enrolled At Any Time in Month (Not a Point-in-Time Count),,,
WY,Wyoming,202511,N,59940.0,54143.0,5797.0,19190.0,10564.0,1.0,0.007,5833.0,3027.0,711.0,1027.0,731.0,1048.0,U,U,,,,"Updated Renewal Outcomes May Include Eligibility Actions That Occurred After the Renewal was Processed (e.g., Outcomes Based on a Change in Circumstance or for Individuals Who Returned the Renewal During the Reconsideration Period)","Updated Renewal Outcomes May Include Eligibility Actions That Occurred After the Renewal was Processed (e.g., Outcomes Based on a Change in Circumstance or for Individuals Who Returned the Renewal During the Reconsideration Period)","Updated Renewal Outcomes May Include Eligibility Actions That Occurred After the Renewal was Processed (e.g., Outcomes Based on a Change in Circumstance or for Individuals Who Returned the Renewal During the Reconsideration Period)"
AK,Alaska,202512,Y,212089.0,199113.0,12976.0,126490.0,33122.0,14.0,0.18,18105.0,10305.0,5569.0,1182.0,2361.0,4257.0,U,U,,,,,,
AL,Alabama,202512,N,945191.0,750744.0,194447.0,269962.0,46256.0,2.0,0.104,112157.0,80205.0,46978.0,10545.0,21407.0,0.0,U,U,,,,,,
AR,Arkansas,202512,Y,807724.0,723941.0,83783.0,390668.0,191815.0,15.0,0.038,54095.0,46446.0,41824.0,6193.0,1456.0,0.0,U,U,,,,,,
AZ,Arizona,202512,Y,1678092.0,1565458.0,112634.0,943470.0,57830.0,5.0,0.148,101453.0,71015.0,61124.0,17733.0,8074.0,4631.0,U,U,,,,,,
CA,California,202512,Y,12731627.0,11498458.0,1233169.0,8103203.0,266661.0,7.0,0.025,1097366.0,748626.0,480881.0,227310.0,35739.0,85691.0,U,U,,,,,,
CO,Colorado,202512,Y,1193308.0,1052954.0,140354.0,666657.0,29087.0,9.0,0.091,100564.0,83049.0,62666.0,8069.0,8986.0,460.0,U,U,,,,,,
CT,Connecticut,202512,Y,907009.0,881656.0,25353.0,541683.0,155574.0,3.0,0.06,104099.0,93338.0,86806.0,4753.0,4960.0,1048.0,U,U,,,,,,
DC,District of Columbia,202512,Y,258572.0,242180.0,16392.0,163686.0,41352.0,0.0,0.02,33408.0,30382.0,28829.0,2503.0,161.0,362.0,U,U,,,,Updated Renewal Outcomes Reported as of a Different Date Than Three Months After the End of the Original Reporting Period,Updated Renewal Outcomes Reported as of a Different Date Than Three Months After the End of the Original Reporting Period,Updated Renewal Outcomes Reported as of a Different Date Than Three Months After the End of the Original Reporting Period
DE,Delaware,202512,Y,240456.0,226467.0,13989.0,133749.0,23431.0,2.0,0.207,18591.0,14770.0,7698.0,2382.0,1429.0,10.0,U,U,,,,,,
FL,Florida,202512,N,3592110.0,3431155.0,160955.0,1275071.0,1957860.0,30.0,0.231,165970.0,122835.0,39911.0,23786.0,19333.0,16.0,U,U,,,,,,
GA,Georgia,202512,N,1882498.0,1692481.0,190017.0,557379.0,34097.0,40.0,0.003,211117.0,143996.0,111082.0,29630.0,31173.0,6318.0,U,U,,,,,,
HI,Hawaii,202512,Y,388228.0,363466.0,24762.0,235107.0,30947.0,196.0,0.35,40422.0,35553.0,29301.0,3672.0,814.0,383.0,U,U,Includes Retroactive Enrollments,Includes Retroactive Enrollments,Includes Retroactive Enrollments,,,
IA,Iowa,202512,Y,671552.0,586048.0,85504.0,339119.0,23153.0,1.0,0.049,42878.0,34795.0,25295.0,6064.0,1416.0,603.0,U,U,,,,,,
ID,Idaho,202512,Y,313952.0,294104.0,19848.0,160909.0,53277.0,35.0,0.061,17267.0,11880.0,7914.0,4516.0,871.0,525.0,U,U,,,,,,
IL,Illinois,202512,Y,3023402.0,2700951.0,322451.0,1663288.0,239844.0,23.0,0.249,222861.0,176157.0,143827.0,29309.0,6660.0,10735.0,U,U,,,,,,
IN,Indiana,202512,Y,1538217.0,1412073.0,126144.0,821135.0,273723.0,11.0,0.149,119279.0,41729.0,22903.0,56197.0,2634.0,18719.0,U,U,,,,,,
KS,Kansas,202512,N,406032.0,333442.0,72590.0,126091.0,31197.0,0.0,0.002,30480.0,24946.0,16277.0,1997.0,3039.0,498.0,U,U,,,,,,
KY,Kentucky,202512,Y,1327761.0,1194495.0,133266.0,724079.0,98655.0,0.0,0.003,66573.0,59435.0,54970.0,5333.0,1802.0,3.0,U,U,,,,,,
LA,Louisiana,202512,Y,1403139.0,1265315.0,137824.0,720769.0,373947.0,4.0,0.076,115141.0,103052.0,54061.0,3894.0,5141.0,3054.0,U,U,,,,,,
MA,Massachusetts,202512,Y,1588695.0,1396994.0,191701.0,901604.0,255394.0,2.0,0.032,111210.0,87830.0,72961.0,12641.0,5338.0,5401.0,U,U,,,,,,
MD,Maryland,202512,Y,1406894.0,1208676.0,198218.0,733970.0,75954.0,3.0,0.084,115503.0,81300.0,60214.0,28510.0,4444.0,1249.0,U,U,,,,,,
ME,Maine,202512,Y,339610.0,312572.0,27038.0,199680.0,47205.0,13.0,0.23,32070.0,29348.0,24217.0,1985.0,417.0,320.0,U,U,,,,,,
MI,Michigan,202512,Y,2301457.0,2132117.0,169340.0,1406221.0,135048.0,1.0,0.018,182893.0,142939.0,103847.0,30779.0,6953.0,2222.0,U,U,,,,,,
MN,Minnesota,202512,Y,1158399.0,1154038.0,4361.0,553678.0,25363.0,30.0,0.42,112113.0,90599.0,80079.0,18601.0,2913.0,0.0,U,U,,,,,,
MO,Missouri,202512,Y,1264714.0,1131455.0,133259.0,685803.0,69068.0,14.0,0.166,94822.0,62692.0,55418.0,16335.0,2066.0,13729.0,U,U,,,,,,
MS,Mississippi,202512,N,593107.0,509186.0,83921.0,198698.0,7019.0,0.0,0.018,35583.0,29369.0,19258.0,4823.0,1390.0,1.0,U,U,,,,,,
MT,Montana,202512,Y,213386.0,193114.0,20272.0,122236.0,25994.0,24.0,0.39,17359.0,10729.0,7051.0,5682.0,728.0,220.0,U,U,Includes Individuals Enrolled At Any Time in Month (Not a Point-in-Time Count),Includes Individuals Enrolled At Any Time in Month (Not a Point-in-Time Count),Includes Individuals Enrolled At Any Time in Month (Not a Point-in-Time Count),,,
NC,North Carolina,202512,Y,2881668.0,2535205.0,346463.0,1458919.0,19764.0,0.0,0.006,287018.0,201385.0,200047.0,14688.0,9389.0,61556.0,U,U,,,,,,
ND,North Dakota,202512,Y,106248.0,100706.0,5542.0,54402.0,28101.0,13.0,0.388,8766.0,6745.0,3494.0,1354.0,623.0,44.0,U,U,,,,,,
NE,Nebraska,202512,Y,336922.0,299325.0,37597.0,163751.0,21638.0,10.0,0.145,27465.0,21026.0,18109.0,3413.0,2757.0,269.0,U,U,,,,,,
NH,New Hampshire,202512,Y,177423.0,158237.0,19186.0,90385.0,42228.0,6.0,0.05,12991.0,8091.0,3439.0,4093.0,782.0,25.0,U,U,Includes Retroactive Enrollments,Includes Retroactive Enrollments,Includes Retroactive Enrollments,,,
NJ,New Jersey,202512,Y,1767641.0,1507882.0,259759.0,950971.0,143208.0,4.0,0.095,147491.0,84689.0,58440.0,25071.0,9222.0,28509.0,U,U,,,,,,
NM,New Mexico,202512,Y,682701.0,638988.0,43713.0,374156.0,145638.0,10.0,0.043,38565.0,29184.0,21014.0,8454.0,927.0,0.0,U,U,,,,,,
NV,Nevada,202512,Y,726387.0,679311.0,47076.0,410643.0,115270.0,77.0,0.31,57914.0,51120.0,46499.0,5787.0,1007.0,0.0,U,U,,,,,,
NY,New York,202512,Y,6550143.0,5887318.0,662825.0,4081105.0,756783.0,5.0,0.073,521324.0,381101.0,148098.0,86442.0,52183.0,1598.0,U,U,,,,,,
OH,Ohio,202512,Y,2729099.0,2486762.0,242337.0,1554942.0,210502.0,3.0,0.05,246520.0,183703.0,150198.0,45977.0,6937.0,9903.0,U,U,Includes Individuals Enrolled At Any Time in Month (Not a Point-in-Time Count),Includes Individuals Enrolled At Any Time in Month (Not a Point-in-Time Count),Includes Individuals Enrolled At Any Time in Month (Not a Point-in-Time Count),,,
OK,Oklahoma,202512,Y,968050.0,889045.0,79005.0,460225.0,184447.0,81.0,0.161,78862.0,44321.0,27697.0,22780.0,10647.0,1114.0,U,U,,,,,,
OR,Oregon,202512,Y,1308432.0,1123951.0,184481.0,836276.0,173203.0,13.0,0.335,75825.0,59834.0,48836.0,12068.0,3923.0,0.0,U,U,,,,,,
PA,Pennsylvania,202512,Y,3005350.0,2724282.0,281068.0,1593777.0,305706.0,21.0,0.338,218160.0,176979.0,47517.0,16213.0,20319.0,4649.0,U,U,,,,"Updated Renewal Outcomes May Include Eligibility Actions That Occurred After the Renewal was Processed (e.g., Outcomes Based on a Change in Circumstance or for Individuals Who Returned the Renewal During the Reconsideration Period)","Updated Renewal Outcomes May Include Eligibility Actions That Occurred After the Renewal was Processed (e.g., Outcomes Based on a Change in Circumstance or for Individuals Who Returned the Renewal During the Reconsideration Period)","Updated Renewal Outcomes May Include Eligibility Actions That Occurred After the Renewal was Processed (e.g., Outcomes Based on a Change in Circumstance or for Individuals Who Returned the Renewal During the Reconsideration Period)"
RI,Rhode Island,202512,Y,298497.0,264836.0,33661.0,179693.0,31854.0,5.0,0.134,13707.0,11072.0,9701.0,1716.0,884.0,35.0,U,U,,,,Updated Renewal Outcomes Reported as of a Different Date Than Three Months After the End of the Original Reporting Period,Updated Renewal Outcomes Reported as of a Different Date Than Three Months After the End of the Original Reporting Period,Updated Renewal Outcomes Reported as of a Different Date Than Three Months After the End of the Original Reporting Period
SC,South Carolina,202512,N,1001029.0,886368.0,114661.0,383176.0,132719.0,4.0,0.063,78994.0,60104.0,52382.0,4166.0,14003.0,721.0,U,U,Includes Retroactive Enrollments,Includes Retroactive Enrollments,Includes Retroactive Enrollments,,,
SD,South Dakota,202512,Y,136509.0,122091.0,14418.0,60125.0,,,,10649.0,8431.0,6020.0,1880.0,338.0,0.0,U,U,,,,,,
TN,Tennessee,202512,N,1409733.0,1226436.0,183297.0,575745.0,71713.0,0.0,0.001,181654.0,165243.0,136996.0,11808.0,4530.0,73.0,U,U,,,,,,
TX,Texas,202512,N,4111374.0,3764587.0,346787.0,980594.0,731194.0,1.0,0.026,382936.0,247329.0,33412.0,91131.0,40641.0,3835.0,U,U,,,,,,
UT,Utah,202512,Y,332396.0,297414.0,34982.0,164236.0,109459.0,17.0,0.17,34795.0,23469.0,13824.0,9891.0,1435.0,0.0,U,U,,,,,,
VA,Virginia,202512,Y,1690652.0,1495172.0,195480.0,883318.0,66784.0,0.0,0.015,138891.0,114721.0,65630.0,19062.0,4327.0,781.0,U,U,,,,,,
VT,Vermont,202512,Y,151308.0,145876.0,5432.0,93702.0,37188.0,7.0,0.115,11484.0,9435.0,7609.0,1710.0,314.0,25.0,U,U,,,,,,
WA,Washington,202512,Y,1791758.0,1726702.0,65056.0,970457.0,64075.0,1.0,0.17,150565.0,129706.0,117797.0,18350.0,2489.0,20.0,U,U,,,,Updated Renewal Outcomes Reported as of a Different Date Than Three Months After the End of the Original Reporting Period,Updated Renewal Outcomes Reported as of a Different Date Than Three Months After the End of the Original Reporting Period,Updated Renewal Outcomes Reported as of a Different Date Than Three Months After the End of the Original Reporting Period
WI,Wisconsin,202512,N,1130048.0,1029554.0,100494.0,590633.0,251449.0,14.0,0.145,66143.0,48889.0,27825.0,8921.0,8333.0,0.0,U,U,,,,,,
WV,West Virginia,202512,Y,490156.0,450475.0,39681.0,295431.0,21970.0,2.0,0.074,28976.0,22172.0,16496.0,5427.0,1362.0,15.0,U,U,Includes Individuals Enrolled At Any Time in Month (Not a Point-in-Time Count),Includes Individuals Enrolled At Any Time in Month (Not a Point-in-Time Count),Includes Individuals Enrolled At Any Time in Month (Not a Point-in-Time Count),,,
WY,Wyoming,202512,N,60450.0,54505.0,5945.0,19317.0,11332.0,1.0,0.011,6830.0,3818.0,2312.0,1293.0,917.0,802.0,U,U,,,,"Updated Renewal Outcomes May Include Eligibility Actions That Occurred After the Renewal was Processed (e.g., Outcomes Based on a Change in Circumstance or for Individuals Who Returned the Renewal During the Reconsideration Period)","Updated Renewal Outcomes May Include Eligibility Actions That Occurred After the Renewal was Processed (e.g., Outcomes Based on a Change in Circumstance or for Individuals Who Returned the Renewal During the Reconsideration Period)","Updated Renewal Outcomes May Include Eligibility Actions That Occurred After the Renewal was Processed (e.g., Outcomes Based on a Change in Circumstance or for Individuals Who Returned the Renewal During the Reconsideration Period)"
AK,Alaska,202601,Y,211899.0,198930.0,12969.0,126415.0,33227.0,14.0,0.16,17323.0,7819.0,3782.0,4988.0,1962.0,2554.0,U,U,,,,,,
AL,Alabama,202601,N,945804.0,749355.0,196449.0,269825.0,52689.0,2.0,0.089,99200.0,73009.0,42135.0,7743.0,18448.0,0.0,U,U,,,,,,
AR,Arkansas,202601,Y,805275.0,721277.0,83998.0,404810.0,192032.0,16.0,0.091,55651.0,47695.0,43355.0,6727.0,1228.0,1.0,U,U,,,,,,
AZ,Arizona,202601,Y,1662690.0,1550145.0,112545.0,934079.0,57979.0,7.0,0.158,183450.0,138951.0,124531.0,27450.0,11845.0,5204.0,U,U,,,,,,
CA,California,202601,Y,12676877.0,11431774.0,1245103.0,8056689.0,2943096.0,38.0,0.292,1138457.0,703916.0,418977.0,244880.0,37275.0,152386.0,U,U,,,,,,
CO,Colorado,202601,Y,1197857.0,1057257.0,140600.0,670104.0,33578.0,15.0,0.05,87086.0,71481.0,53412.0,8603.0,6697.0,305.0,U,U,,,,,,
CT,Connecticut,202601,Y,906780.0,881181.0,25599.0,542755.0,151999.0,2.0,0.073,82990.0,75230.0,69915.0,3206.0,3948.0,606.0,U,U,,,,,,
DC,District of Columbia,202601,Y,239432.0,223134.0,16298.0,145345.0,45005.0,1.0,0.04,18735.0,16459.0,15652.0,1835.0,60.0,381.0,U,U,,,,Updated Renewal Outcomes Reported as of a Different Date Than Three Months After the End of the Original Reporting Period,Updated Renewal Outcomes Reported as of a Different Date Than Three Months After the End of the Original Reporting Period,Updated Renewal Outcomes Reported as of a Different Date Than Three Months After the End of the Original Reporting Period
DE,Delaware,202601,Y,239213.0,225267.0,13946.0,133112.0,29446.0,2.0,0.312,16538.0,13270.0,6621.0,1869.0,1384.0,15.0,U,U,,,,,,
FL,Florida,202601,N,3588652.0,3425630.0,163022.0,1275778.0,2422720.0,39.0,0.268,195466.0,148836.0,47094.0,24919.0,21572.0,139.0,U,U,,,,,,
GA,Georgia,202601,N,1879129.0,1691607.0,187522.0,557774.0,28194.0,54.0,0.008,208198.0,145259.0,113101.0,31440.0,27955.0,3544.0,U,U,,,,,,
HI,Hawaii,202601,Y,388088.0,362742.0,25346.0,234593.0,33139.0,398.0,0.42,26831.0,23679.0,18517.0,2352.0,596.0,204.0,U,U,Includes Retroactive Enrollments,Includes Retroactive Enrollments,Includes Retroactive Enrollments,,,
IA,Iowa,202601,Y,673917.0,588370.0,85547.0,340346.0,24329.0,1.0,0.033,55874.0,49193.0,40717.0,4501.0,1235.0,945.0,U,U,,,,,,
ID,Idaho,202601,Y,314295.0,294404.0,19891.0,161279.0,59855.0,39.0,0.033,17731.0,12832.0,8969.0,4006.0,893.0,0.0,U,U,,,,,,
IL,Illinois,202601,Y,3016172.0,2691244.0,324928.0,1660081.0,251899.0,26.0,0.264,163325.0,129088.0,102862.0,19771.0,5724.0,8742.0,U,U,,,,,,
IN,Indiana,202601,Y,1480110.0,1356708.0,123402.0,773333.0,289036.0,16.0,0.204,108259.0,38877.0,20053.0,51956.0,2209.0,15217.0,U,U,,,,,,
KS,Kansas,202601,N,405981.0,333178.0,72803.0,125677.0,30367.0,0.0,0.003,33796.0,24945.0,15260.0,4185.0,4323.0,343.0,U,U,,,,,,
KY,Kentucky,202601,Y,1325311.0,1190978.0,134333.0,723868.0,102350.0,1.0,0.002,153237.0,131240.0,117194.0,15929.0,6048.0,20.0,U,U,,,,,,
LA,Louisiana,202601,Y,1395214.0,1257523.0,137691.0,714498.0,430540.0,5.0,0.033,90934.0,58709.0,39341.0,23891.0,5556.0,2778.0,U,U,,,,,,
MA,Massachusetts,202601,Y,1582148.0,1393368.0,188780.0,898605.0,297644.0,7.0,0.131,87964.0,70125.0,59329.0,11334.0,4375.0,2130.0,U,U,,,,,,
MD,Maryland,202601,Y,1401306.0,1204208.0,197098.0,731324.0,78159.0,4.0,0.095,96692.0,72251.0,52383.0,19292.0,3947.0,1202.0,U,U,,,,,,
ME,Maine,202601,Y,337718.0,316385.0,21333.0,198237.0,46646.0,15.0,0.26,28032.0,25463.0,20852.0,1807.0,461.0,301.0,U,U,,,,,,
MI,Michigan,202601,Y,2220872.0,2051642.0,169230.0,1329043.0,169448.0,1.0,0.02,178917.0,141379.0,104840.0,27988.0,7153.0,2397.0,U,U,,,,,,
MN,Minnesota,202601,Y,1153220.0,1148999.0,4221.0,551123.0,26677.0,25.0,0.42,93453.0,75754.0,66189.0,15136.0,2563.0,0.0,U,U,,,,,,
MO,Missouri,202601,Y,1266588.0,1132251.0,134337.0,688998.0,75756.0,15.0,0.174,118813.0,79309.0,63619.0,22364.0,3010.0,14130.0,U,U,,,,,,
MS,Mississippi,202601,N,593367.0,509414.0,83953.0,198970.0,7153.0,0.0,0.14,37877.0,31941.0,19843.0,4837.0,1098.0,1.0,U,U,,,,,,
MT,Montana,202601,Y,212344.0,192093.0,20251.0,121553.0,27421.0,26.0,0.44,14965.0,9186.0,6362.0,5316.0,317.0,146.0,U,U,Includes Individuals Enrolled At Any Time in Month (Not a Point-in-Time Count),Includes Individuals Enrolled At Any Time in Month (Not a Point-in-Time Count),Includes Individuals Enrolled At Any Time in Month (Not a Point-in-Time Count),,,
NC,North Carolina,202601,Y,2874440.0,2528918.0,345522.0,1460686.0,23627.0,0.0,0.008,282048.0,187259.0,185867.0,14013.0,9983.0,70793.0,U,U,,,,,,
ND,North Dakota,202601,Y,106330.0,100778.0,5552.0,54490.0,31075.0,17.0,0.464,8127.0,6437.0,3002.0,1095.0,565.0,30.0,U,U,,,,,,
NE,Nebraska,202601,Y,337564.0,299885.0,37679.0,164247.0,24650.0,9.0,0.158,22986.0,17797.0,15010.0,2715.0,2345.0,129.0,U,U,,,,,,
NH,New Hampshire,202601,Y,175408.0,156365.0,19043.0,89049.0,45589.0,7.0,0.06,11138.0,7649.0,3239.0,2823.0,655.0,11.0,U,U,Includes Retroactive Enrollments,Includes Retroactive Enrollments,Includes Retroactive Enrollments,,,
NJ,New Jersey,202601,Y,1765579.0,1507153.0,258426.0,951579.0,179183.0,4.0,0.319,124778.0,62371.0,41744.0,17633.0,5317.0,39457.0,U,U,,,,Updated Renewal Outcomes Reported as of a Different Date Than Three Months After the End of the Original Reporting Period,Updated Renewal Outcomes Reported as of a Different Date Than Three Months After the End of the Original Reporting Period,Updated Renewal Outcomes Reported as of a Different Date Than Three Months After the End of the Original Reporting Period
NM,New Mexico,202601,Y,686789.0,642633.0,44156.0,376922.0,148954.0,10.0,0.054,35203.0,26675.0,18629.0,7579.0,949.0,0.0,U,U,,,,,,
NV,Nevada,202601,Y,728133.0,680798.0,47335.0,412195.0,127169.0,70.0,0.27,54725.0,47436.0,36527.0,6173.0,1096.0,20.0,U,U,,,,,,
NY,New York,202601,Y,6499018.0,5839086.0,659932.0,4043845.0,751160.0,4.0,0.048,413108.0,286230.0,105401.0,88444.0,36636.0,1798.0,U,U,,,,,,
OH,Ohio,202601,Y,2698937.0,2456737.0,242200.0,1535925.0,221757.0,4.0,0.05,233476.0,178032.0,145843.0,39907.0,5787.0,9750.0,U,U,Includes Individuals Enrolled At Any Time in Month (Not a Point-in-Time Count),Includes Individuals Enrolled At Any Time in Month (Not a Point-in-Time Count),Includes Individuals Enrolled At Any Time in Month (Not a Point-in-Time Count),,,
OK,Oklahoma,202601,Y,966557.0,891840.0,74717.0,463440.0,186416.0,74.0,0.146,63727.0,38522.0,27094.0,19080.0,4784.0,1341.0,U,U,,,,,,
OR,Oregon,202601,Y,1302137.0,1117586.0,184551.0,830218.0,175170.0,15.0,0.368,79554.0,62988.0,51210.0,11937.0,4590.0,39.0,U,U,,,,,,
PA,Pennsylvania,202601,Y,3019296.0,2735637.0,283659.0,1602576.0,328745.0,28.0,0.424,215474.0,174433.0,45540.0,15631.0,19818.0,5592.0,U,U,,,,"Updated Renewal Outcomes May Include Eligibility Actions That Occurred After the Renewal was Processed (e.g., Outcomes Based on a Change in Circumstance or for Individuals Who Returned the Renewal During the Reconsideration Period)","Updated Renewal Outcomes May Include Eligibility Actions That Occurred After the Renewal was Processed (e.g., Outcomes Based on a Change in Circumstance or for Individuals Who Returned the Renewal During the Reconsideration Period)","Updated Renewal Outcomes May Include Eligibility Actions That Occurred After the Renewal was Processed (e.g., Outcomes Based on a Change in Circumstance or for Individuals Who Returned the Renewal During the Reconsideration Period)"
RI,Rhode Island,202601,Y,295091.0,261086.0,34005.0,180738.0,29314.0,13.0,0.228,20003.0,16312.0,15216.0,2606.0,1047.0,38.0,U,U,,,,Updated Renewal Outcomes Reported as of a Different Date Than Three Months After the End of the Original Reporting Period,Updated Renewal Outcomes Reported as of a Different Date Than Three Months After the End of the Original Reporting Period,Updated Renewal Outcomes Reported as of a Different Date Than Three Months After the End of the Original Reporting Period
SC,South Carolina,202601,N,997357.0,882135.0,115222.0,380748.0,172363.0,7.0,0.125,82514.0,62136.0,54672.0,5358.0,14268.0,752.0,U,U,Includes Retroactive Enrollments,Includes Retroactive Enrollments,Includes Retroactive Enrollments,,,
SD,South Dakota,202601,Y,136524.0,122120.0,14404.0,60084.0,,,,10432.0,8490.0,6206.0,1662.0,280.0,0.0,U,U,,,,,,
TN,Tennessee,202601,N,1410352.0,1227352.0,183000.0,575602.0,69844.0,0.0,0.006,98316.0,85595.0,65019.0,8531.0,4124.0,66.0,U,U,,,,,,
TX,Texas,202601,N,4067374.0,3720197.0,347177.0,975618.0,848388.0,4.0,0.084,283176.0,183310.0,24344.0,59930.0,34927.0,5009.0,U,U,,,,,,
UT,Utah,202601,Y,331619.0,296528.0,35091.0,164797.0,121620.0,23.0,0.208,29865.0,19954.0,10792.0,8608.0,1303.0,0.0,U,U,,,,,,
VA,Virginia,202601,Y,1686188.0,1491459.0,194729.0,880876.0,72225.0,0.0,0.056,137990.0,107026.0,67935.0,18114.0,9294.0,3556.0,U,U,,,,,,
VT,Vermont,202601,Y,150816.0,145299.0,5517.0,93243.0,27331.0,2.0,0.034,11025.0,8917.0,6997.0,1708.0,349.0,51.0,U,U,,,,,,
WA,Washington,202601,Y,1793264.0,1727597.0,65667.0,972402.0,64515.0,1.0,0.24,116929.0,103682.0,96586.0,11180.0,2042.0,25.0,U,U,,,,Updated Renewal Outcomes Reported as of a Different Date Than Three Months After the End of the Original Reporting Period,Updated Renewal Outcomes Reported as of a Different Date Than Three Months After the End of the Original Reporting Period,Updated Renewal Outcomes Reported as of a Different Date Than Three Months After the End of the Original Reporting Period
WI,Wisconsin,202601,N,1127818.0,1027197.0,100621.0,588491.0,286321.0,19.0,0.205,62429.0,46041.0,24308.0,8893.0,7495.0,0.0,U,U,,,,,,
WV,West Virginia,202601,Y,488333.0,448685.0,39648.0,294184.0,27489.0,4.0,0.096,22299.0,17149.0,13118.0,4218.0,930.0,2.0,U,U,Includes Individuals Enrolled At Any Time in Month (Not a Point-in-Time Count),Includes Individuals Enrolled At Any Time in Month (Not a Point-in-Time Count),Includes Individuals Enrolled At Any Time in Month (Not a Point-in-Time Count),,,
WY,Wyoming,202601,N,61240.0,55082.0,6158.0,19445.0,14730.0,1.0,0.022,5064.0,3595.0,2369.0,829.0,355.0,285.0,U,U,,,,"Updated Renewal Outcomes May Include Eligibility Actions That Occurred After the Renewal was Processed (e.g., Outcomes Based on a Change in Circumstance or for Individuals Who Returned the Renewal During the Reconsideration Period)","Updated Renewal Outcomes May Include Eligibility Actions That Occurred After the Renewal was Processed (e.g., Outcomes Based on a Change in Circumstance or for Individuals Who Returned the Renewal During the Reconsideration Period)","Updated Renewal Outcomes May Include Eligibility Actions That Occurred After the Renewal was Processed (e.g., Outcomes Based on a Change in Circumstance or for Individuals Who Returned the Renewal During the Reconsideration Period)"
AK,Alaska,202602,Y,211938.0,199021.0,12917.0,126377.0,30082.0,9.0,0.12,20000.0,8345.0,4686.0,5859.0,1945.0,3851.0,U,O,,,,,State Held Some or All Procedural and/or Other Terminations for the Report Month,Data Undercount Renewals and Reflect These Outcomes in Another Metric in the Data Set
AL,Alabama,202602,N,944967.0,747286.0,197681.0,269132.0,45781.0,1.0,0.051,105413.0,80623.0,45186.0,6444.0,17150.0,1196.0,U,O,,,,,,
AR,Arkansas,202602,Y,801704.0,718305.0,83399.0,401015.0,189583.0,17.0,0.029,48463.0,40369.0,35966.0,6234.0,1643.0,217.0,U,O,,,,,,
AZ,Arizona,202602,Y,1639141.0,1527741.0,111400.0,919497.0,52189.0,7.0,0.148,113696.0,78193.0,71538.0,18334.0,6815.0,10354.0,U,O,,,,,,
CA,California,202602,Y,12584241.0,11335605.0,1248636.0,7983817.0,1776787.0,43.0,0.028,1003079.0,564563.0,430980.0,197693.0,15513.0,225310.0,U,O,,,,,,
CO,Colorado,202602,Y,1191791.0,1052112.0,139679.0,664849.0,30742.0,13.0,0.108,89314.0,71476.0,53032.0,9540.0,6018.0,2280.0,U,O,,,,,State Held Some or All Procedural and/or Other Terminations for the Report Month,
CT,Connecticut,202602,Y,904195.0,878672.0,25523.0,541109.0,135226.0,1.0,0.11,100412.0,89487.0,85009.0,3379.0,3982.0,3564.0,U,O,,,,,,
DC,District of Columbia,202602,Y,241274.0,224994.0,16280.0,146621.0,39728.0,0.0,0.01,18682.0,16249.0,15658.0,1531.0,41.0,861.0,U,O,,,,,,
DE,Delaware,202602,Y,238342.0,224335.0,14007.0,132700.0,27851.0,2.0,0.312,19732.0,13467.0,9585.0,4142.0,1802.0,321.0,U,O,,,,,State Held Some or All Procedural and/or Other Terminations for the Report Month,
FL,Florida,202602,N,3580247.0,3414969.0,165278.0,1276368.0,2178582.0,39.0,0.271,197339.0,120208.0,46790.0,21406.0,15187.0,40538.0,U,O,,,,,,
GA,Georgia,202602,N,1869909.0,1683774.0,186135.0,556142.0,28041.0,58.0,0.009,207977.0,136054.0,110968.0,27726.0,26450.0,17747.0,U,O,,,,Data Reflect Renewals and Other Eligibility and Enrollment Actions,,Data Reflect Renewals and Other Eligibility and Enrollment Actions
HI,Hawaii,202602,Y,387359.0,361782.0,25577.0,233661.0,25086.0,119.0,0.31,18463.0,14810.0,10444.0,2297.0,595.0,761.0,U,O,Includes Retroactive Enrollments,Includes Retroactive Enrollments,Includes Retroactive Enrollments,,,
IA,Iowa,202602,Y,676036.0,590826.0,85210.0,341849.0,21074.0,1.0,0.021,56221.0,41853.0,30409.0,4654.0,1528.0,8186.0,U,O,,,,,,
ID,Idaho,202602,Y,314249.0,294370.0,19879.0,161587.0,72228.0,78.0,0.034,11646.0,11112.0,11063.0,49.0,462.0,23.0,U,O,,,,,,
IL,Illinois,202602,Y,3012353.0,2687268.0,325085.0,1657977.0,238958.0,25.0,0.278,216487.0,165688.0,134274.0,23389.0,5406.0,22004.0,U,O,,,,,,
IN,Indiana,202602,Y,1457410.0,1334850.0,122560.0,763454.0,256874.0,11.0,0.137,115539.0,30628.0,20432.0,52566.0,1142.0,31203.0,U,O,,,,,,
KS,Kansas,202602,N,401003.0,328763.0,72240.0,123254.0,32022.0,0.0,0.003,25992.0,20392.0,11883.0,1948.0,2919.0,733.0,U,O,,,,,State Held Some or All Procedural and/or Other Terminations for the Report Month,
KY,Kentucky,202602,Y,1312425.0,1183178.0,129247.0,723513.0,90803.0,1.0,0.02,139700.0,120604.0,108463.0,13427.0,4911.0,758.0,U,O,,,,,State Held Some or All Procedural and/or Other Terminations for the Report Month,
LA,Louisiana,202602,Y,1381104.0,1243732.0,137372.0,705963.0,401111.0,5.0,0.035,143411.0,70580.0,49252.0,46036.0,4799.0,21996.0,U,O,,,,,,
MA,Massachusetts,202602,Y,1571411.0,1388010.0,183401.0,895136.0,253674.0,6.0,0.102,150458.0,106933.0,83169.0,23884.0,16804.0,2837.0,U,O,,,,,,
MD,Maryland,202602,Y,1399359.0,1202579.0,196780.0,729579.0,61647.0,2.0,0.047,89169.0,62231.0,46844.0,20452.0,2878.0,3608.0,U,O,,,,,,
ME,Maine,202602,Y,336821.0,315827.0,20994.0,197497.0,35589.0,12.0,0.24,32801.0,26300.0,24947.0,2452.0,336.0,3713.0,U,O,,,,,,
MI,Michigan,202602,Y,2223932.0,2054822.0,169110.0,1332826.0,149573.0,1.0,0.022,193979.0,147702.0,114784.0,25478.0,4294.0,16505.0,U,O,,,,,State Held Some or All Procedural and/or Other Terminations for the Report Month,
MN,Minnesota,202602,Y,1149930.0,1145711.0,4219.0,548682.0,25034.0,23.0,0.47,97846.0,80196.0,70387.0,15203.0,2447.0,0.0,U,O,,,,,,
MO,Missouri,202602,Y,1263633.0,1128977.0,134656.0,688286.0,69022.0,16.0,0.183,102702.0,59597.0,54247.0,18793.0,1586.0,22726.0,U,O,,,,,,
MS,Mississippi,202602,N,592558.0,508766.0,83792.0,198897.0,7369.0,0.0,0.062,43843.0,37521.0,22399.0,5155.0,1146.0,21.0,U,O,,,,,,
MT,Montana,202602,Y,211309.0,191051.0,20258.0,120694.0,25191.0,27.0,0.44,16021.0,9221.0,7018.0,2353.0,793.0,3654.0,U,O,Includes Individuals Enrolled At Any Time in Month (Not a Point-in-Time Count),Includes Individuals Enrolled At Any Time in Month (Not a Point-in-Time Count),Includes Individuals Enrolled At Any Time in Month (Not a Point-in-Time Count),,,
NC,North Carolina,202602,Y,2866452.0,2519430.0,347022.0,1463029.0,21253.0,0.0,0.005,280835.0,174428.0,173521.0,10786.0,7331.0,88290.0,U,O,,,,,,
ND,North Dakota,202602,Y,106768.0,101201.0,5567.0,54834.0,28242.0,17.0,0.444,8417.0,4593.0,3073.0,1169.0,351.0,2304.0,U,O,,,,,,
NE,Nebraska,202602,Y,338419.0,300687.0,37732.0,164901.0,20825.0,9.0,0.148,24733.0,17557.0,15348.0,1769.0,2239.0,3168.0,U,O,,,,,,
NH,New Hampshire,202602,Y,174434.0,155292.0,19142.0,88412.0,37533.0,8.0,0.04,10859.0,6979.0,4211.0,2619.0,376.0,885.0,U,O,Includes Retroactive Enrollments,Includes Retroactive Enrollments,Includes Retroactive Enrollments,,State Held Some or All Procedural and/or Other Terminations for the Report Month,
NJ,New Jersey,202602,Y,1768430.0,1509987.0,258443.0,954053.0,151472.0,4.0,0.232,103151.0,45147.0,33507.0,13703.0,2896.0,41405.0,U,O,,,,,,
NM,New Mexico,202602,Y,684417.0,640309.0,44108.0,375527.0,132500.0,8.0,0.039,36332.0,27125.0,19266.0,7515.0,851.0,841.0,U,O,,,,,State Held Some or All Procedural and/or Other Terminations for the Report Month,
NV,Nevada,202602,Y,727300.0,680222.0,47078.0,412490.0,91658.0,58.0,0.3,65012.0,55069.0,51911.0,6570.0,1489.0,1884.0,U,O,,,,,,
NY,New York,202602,Y,6461531.0,5803466.0,658065.0,4016441.0,751296.0,4.0,0.054,422146.0,290118.0,107136.0,80697.0,44057.0,7274.0,U,O,,,,Data Include Renewals Held and Reassigned to a Future Month,State Held Some or All Procedural and/or Other Terminations for the Report Month,
OH,Ohio,202602,Y,2681863.0,2439802.0,242061.0,1528482.0,188341.0,3.0,0.05,244840.0,159118.0,123679.0,47869.0,4560.0,33293.0,U,O,Includes Individuals Enrolled At Any Time in Month (Not a Point-in-Time Count),Includes Individuals Enrolled At Any Time in Month (Not a Point-in-Time Count),Includes Individuals Enrolled At Any Time in Month (Not a Point-in-Time Count),,,
OK,Oklahoma,202602,Y,968741.0,890835.0,77906.0,467784.0,173264.0,86.0,0.165,63713.0,32738.0,25041.0,22649.0,4113.0,4213.0,U,O,,,,,,
OR,Oregon,202602,Y,1294742.0,1111396.0,183346.0,823851.0,143338.0,13.0,0.311,78941.0,62806.0,50981.0,10928.0,4944.0,263.0,U,O,,,,,,
PA,Pennsylvania,202602,Y,3023932.0,2740718.0,283214.0,1605758.0,284039.0,24.0,0.355,219691.0,112032.0,41470.0,10753.0,15093.0,81813.0,U,O,,,,,,
RI,Rhode Island,202602,Y,291472.0,256304.0,35168.0,173338.0,19954.0,8.0,0.12,14531.0,12060.0,11220.0,1581.0,800.0,90.0,U,O,,,,,,
SC,South Carolina,202602,N,990859.0,875562.0,115297.0,378001.0,130525.0,3.0,0.044,96863.0,72268.0,63299.0,5133.0,18174.0,1288.0,U,O,Includes Retroactive Enrollments,Includes Retroactive Enrollments,Includes Retroactive Enrollments,,,
SD,South Dakota,202602,Y,140972.0,125977.0,14995.0,63232.0,,,,11446.0,9112.0,6616.0,1682.0,313.0,339.0,U,O,,,,,,
TN,Tennessee,202602,N,1408490.0,1228494.0,179996.0,575233.0,72003.0,0.0,0.01,58509.0,50175.0,36501.0,5377.0,2715.0,242.0,U,O,,,,,,
TX,Texas,202602,N,4034938.0,3686860.0,348078.0,970441.0,830189.0,5.0,0.092,280915.0,178258.0,25411.0,55534.0,28629.0,18494.0,U,O,,,,,,
UT,Utah,202602,Y,331880.0,296828.0,35052.0,165834.0,105334.0,17.0,0.175,30644.0,16666.0,11233.0,7517.0,906.0,5555.0,U,O,,,,,,
VA,Virginia,202602,Y,1676952.0,1483790.0,193162.0,875301.0,72880.0,1.0,0.07,123615.0,108233.0,60747.0,11945.0,2081.0,1356.0,U,O,,,,,,
VT,Vermont,202602,Y,149936.0,144411.0,5525.0,92474.0,20279.0,2.0,0.047,13605.0,10220.0,8773.0,2010.0,267.0,1108.0,U,O,,,,,,
WA,Washington,202602,Y,1791435.0,1725234.0,66201.0,971621.0,61028.0,1.0,0.24,119005.0,104414.0,97610.0,11465.0,1972.0,1154.0,U,O,,,,,,
WI,Wisconsin,202602,N,1127085.0,1026350.0,100735.0,587716.0,252053.0,18.0,0.179,74223.0,51843.0,29372.0,9635.0,7153.0,5592.0,U,O,,,,,,
WV,West Virginia,202602,Y,487229.0,447364.0,39865.0,293266.0,28570.0,4.0,0.114,34449.0,27486.0,22134.0,5390.0,1232.0,341.0,U,O,Includes Individuals Enrolled At Any Time in Month (Not a Point-in-Time Count),Includes Individuals Enrolled At Any Time in Month (Not a Point-in-Time Count),Includes Individuals Enrolled At Any Time in Month (Not a Point-in-Time Count),,,
WY,Wyoming,202602,N,61087.0,54955.0,6132.0,19561.0,13842.0,1.0,0.036,4572.0,3842.0,2829.0,25.0,161.0,544.0,U,O,,,,,,
AK,Alaska,202603,Y,211517.0,198514.0,13003.0,126015.0,30226.0,6.0,0.09,17809.0,7272.0,3712.0,4744.0,1827.0,3966.0,U,O,,,,,State Held Some or All Procedural and/or Other Terminations for the Report Month,Data Undercount Renewals and Reflect These Outcomes in Another Metric in the Data Set
AL,Alabama,202603,N,944079.0,745272.0,198807.0,268375.0,59621.0,3.0,0.132,94392.0,73010.0,39348.0,5265.0,15131.0,986.0,U,O,,,,,,
AR,Arkansas,202603,Y,797886.0,714070.0,83816.0,396976.0,218217.0,15.0,0.031,57641.0,48045.0,41760.0,7944.0,1538.0,114.0,U,O,,,,,,
AZ,Arizona,202603,Y,1640219.0,1529649.0,110570.0,922562.0,56715.0,4.0,0.11,180456.0,137154.0,126345.0,23217.0,7955.0,12130.0,U,O,,,,,,
CA,California,202603,Y,12015771.0,10767055.0,1248716.0,7476014.0,1910310.0,38.0,0.226,1053563.0,603754.0,456041.0,200989.0,18989.0,229831.0,U,O,,,,,,
CO,Colorado,202603,Y,1194361.0,1054468.0,139893.0,666460.0,31641.0,14.0,0.101,97700.0,74370.0,54170.0,13230.0,7922.0,2178.0,U,O,,,,,State Held Some or All Procedural and/or Other Terminations for the Report Month,
CT,Connecticut,202603,Y,903022.0,877342.0,25680.0,540382.0,149493.0,1.0,0.08,101908.0,90108.0,85362.0,3568.0,4735.0,3497.0,U,O,,,,,,
DC,District of Columbia,202603,Y,241283.0,225306.0,15977.0,147268.0,45682.0,0.0,0.01,18078.0,13137.0,12073.0,2890.0,176.0,1875.0,U,O,,,,,,
DE,Delaware,202603,Y,238110.0,224211.0,13899.0,132752.0,27683.0,2.0,0.327,19890.0,13463.0,8103.0,4458.0,1722.0,247.0,U,O,,,,,State Held Some or All Procedural and/or Other Terminations for the Report Month,
FL,Florida,202603,N,3569764.0,3401686.0,168078.0,1275385.0,2104180.0,39.0,0.276,190674.0,116800.0,38557.0,21930.0,14543.0,37401.0,U,O,,,,,,
GA,Georgia,202603,N,1872053.0,1685943.0,186110.0,558983.0,31494.0,60.0,0.006,226863.0,144833.0,112823.0,33103.0,31336.0,17591.0,U,O,,,,Data Reflect Renewals and Other Eligibility and Enrollment Actions,,Data Reflect Renewals and Other Eligibility and Enrollment Actions
HI,Hawaii,202603,Y,387175.0,361476.0,25699.0,233393.0,24794.0,61.0,0.39,23602.0,19693.0,15329.0,2291.0,600.0,1018.0,U,O,Includes Retroactive Enrollments,Includes Retroactive Enrollments,Includes Retroactive Enrollments,,,
IA,Iowa,202603,Y,677888.0,593463.0,84425.0,343368.0,20927.0,0.0,0.008,44726.0,36283.0,26384.0,4772.0,1181.0,2490.0,U,O,,,,,,
ID,Idaho,202603,Y,315085.0,295300.0,19785.0,162343.0,88033.0,60.0,0.028,22141.0,16263.0,10834.0,4348.0,1064.0,466.0,U,O,,,,,,
IL,Illinois,202603,Y,3005581.0,2681640.0,323941.0,1655605.0,274020.0,23.0,0.269,236409.0,183670.0,152578.0,20161.0,8917.0,23661.0,U,O,,,,,,
IN,Indiana,202603,Y,1441183.0,1320341.0,120842.0,757125.0,279017.0,11.0,0.138,103975.0,22441.0,11201.0,44996.0,1054.0,35484.0,U,O,,,,,,
KS,Kansas,202603,N,396786.0,324822.0,71964.0,121034.0,34388.0,0.0,0.002,30165.0,24258.0,15421.0,1943.0,2570.0,1394.0,U,O,,,,,,
KY,Kentucky,202603,Y,1300239.0,1173771.0,126468.0,722121.0,84202.0,1.0,0.018,158568.0,136787.0,122481.0,14758.0,5955.0,1068.0,U,O,,,,,State Held Some or All Procedural and/or Other Terminations for the Report Month,
LA,Louisiana,202603,Y,1372544.0,1234884.0,137660.0,698950.0,443785.0,5.0,0.039,108555.0,64572.0,43328.0,23644.0,3794.0,16545.0,U,O,,,,,,
MA,Massachusetts,202603,Y,1562474.0,1382798.0,179676.0,892535.0,310995.0,7.0,0.12,248454.0,197077.0,149701.0,35625.0,14242.0,1510.0,U,O,,,,,,
MD,Maryland,202603,Y,1399246.0,1202991.0,196255.0,729555.0,69057.0,2.0,0.046,90024.0,62165.0,45729.0,21102.0,2802.0,3955.0,U,O,,,,,,
ME,Maine,202603,Y,335766.0,315084.0,20682.0,196649.0,37905.0,11.0,0.21,30741.0,23999.0,22977.0,3469.0,285.0,2988.0,U,O,,,,,,
MI,Michigan,202603,Y,2212664.0,2044418.0,168246.0,1325272.0,145912.0,1.0,0.017,198401.0,151317.0,108085.0,27937.0,6079.0,13068.0,U,O,,,,,State Held Some or All Procedural and/or Other Terminations for the Report Month,
MN,Minnesota,202603,Y,1149714.0,1145537.0,4177.0,548663.0,26775.0,14.0,0.37,95055.0,78207.0,67157.0,14243.0,2605.0,0.0,U,O,,,,,,
MO,Missouri,202603,Y,1266420.0,1131000.0,135420.0,690263.0,78479.0,16.0,0.183,135791.0,79724.0,71869.0,25948.0,2396.0,27723.0,U,O,,,,,,
MS,Mississippi,202603,N,591500.0,507994.0,83506.0,199225.0,7360.0,0.0,0.077,45546.0,38812.0,17841.0,5425.0,1285.0,24.0,U,O,,,,,,
MT,Montana,202603,Y,207950.0,187878.0,20072.0,118502.0,25931.0,24.0,0.4,17846.0,10145.0,7817.0,2663.0,814.0,4224.0,U,O,Includes Individuals Enrolled At Any Time in Month (Not a Point-in-Time Count),Includes Individuals Enrolled At Any Time in Month (Not a Point-in-Time Count),Includes Individuals Enrolled At Any Time in Month (Not a Point-in-Time Count),,,
NC,North Carolina,202603,Y,2861015.0,2512588.0,348427.0,1467855.0,22938.0,0.0,0.008,289715.0,171963.0,170909.0,11754.0,7954.0,98044.0,U,O,,,,,,
ND,North Dakota,202603,Y,106990.0,101448.0,5542.0,55032.0,30055.0,16.0,0.409,9676.0,5568.0,3588.0,1361.0,453.0,2294.0,U,O,,,,,,
NE,Nebraska,202603,Y,338842.0,301119.0,37723.0,165297.0,22216.0,9.0,0.196,25614.0,18364.0,16078.0,2085.0,2395.0,2770.0,U,O,,,,,,
NH,New Hampshire,202603,Y,173797.0,154739.0,19058.0,87897.0,39190.0,6.0,0.04,11424.0,7784.0,4502.0,2570.0,460.0,610.0,U,O,Includes Retroactive Enrollments,Includes Retroactive Enrollments,Includes Retroactive Enrollments,,State Held Some or All Procedural and/or Other Terminations for the Report Month,
NJ,New Jersey,202603,Y,1774835.0,1512942.0,261893.0,956311.0,155994.0,4.0,0.068,129936.0,65541.0,50996.0,14480.0,5951.0,43962.0,U,O,,,,,,
NM,New Mexico,202603,Y,682969.0,638595.0,44374.0,374549.0,143004.0,9.0,0.034,39749.0,29826.0,21283.0,8123.0,1032.0,768.0,U,O,,,,,State Held Some or All Procedural and/or Other Terminations for the Report Month,
NV,Nevada,202603,Y,725365.0,678486.0,46879.0,411307.0,88117.0,51.0,0.3,88903.0,72527.0,69714.0,11289.0,1524.0,3563.0,U,O,,,,,,
NY,New York,202603,Y,6448500.0,5795047.0,653453.0,4006329.0,720673.0,3.0,0.05,384606.0,279053.0,101610.0,59335.0,40152.0,6066.0,U,O,,,,Data Include Renewals Held and Reassigned to a Future Month,State Held Some or All Procedural and/or Other Terminations for the Report Month,
OH,Ohio,202603,Y,2666651.0,2428944.0,237707.0,1524340.0,191661.0,4.0,0.05,267513.0,178433.0,137589.0,50534.0,5637.0,32909.0,U,O,Includes Individuals Enrolled At Any Time in Month (Not a Point-in-Time Count),Includes Individuals Enrolled At Any Time in Month (Not a Point-in-Time Count),Includes Individuals Enrolled At Any Time in Month (Not a Point-in-Time Count),,,
OK,Oklahoma,202603,Y,970323.0,886757.0,83566.0,468547.0,190763.0,73.0,0.143,65790.0,37007.0,26026.0,20799.0,4089.0,3895.0,U,O,,,,,,
OR,Oregon,202603,Y,1288355.0,1105675.0,182680.0,818035.0,155698.0,11.0,0.274,95936.0,77297.0,62977.0,12538.0,5871.0,230.0,U,O,,,,,,
PA,Pennsylvania,202603,Y,3010741.0,2728638.0,282103.0,1596929.0,293743.0,14.0,0.228,234269.0,133706.0,38218.0,13716.0,17721.0,69126.0,U,O,,,,,,
RI,Rhode Island,202603,Y,290727.0,256189.0,34538.0,173141.0,21533.0,13.0,0.21,12902.0,10619.0,10195.0,1531.0,680.0,72.0,U,O,,,,,,
SC,South Carolina,202603,N,986701.0,872313.0,114388.0,376777.0,133221.0,2.0,0.038,74934.0,56737.0,50537.0,2862.0,14239.0,1096.0,U,O,Includes Retroactive Enrollments,Includes Retroactive Enrollments,Includes Retroactive Enrollments,,,
SD,South Dakota,202603,Y,140709.0,125954.0,14755.0,63317.0,,,,12543.0,10179.0,6981.0,1780.0,410.0,174.0,U,O,,,,,,
TN,Tennessee,202603,N,1399448.0,1216618.0,182830.0,572269.0,87446.0,2.0,0.034,104983.0,93705.0,74443.0,7792.0,3171.0,315.0,U,O,,,,,,
TX,Texas,202603,N,4025011.0,3688487.0,336524.0,971619.0,918601.0,4.0,0.07,263874.0,163446.0,23158.0,55208.0,28682.0,16538.0,U,O,,,,,,
UT,Utah,202603,Y,331895.0,296898.0,34997.0,166466.0,111582.0,14.0,0.15,30255.0,16264.0,10458.0,7711.0,849.0,5431.0,U,O,,,,,,
VA,Virginia,202603,Y,1672837.0,1480074.0,192763.0,872722.0,77395.0,0.0,0.015,129742.0,115939.0,62639.0,7910.0,2312.0,3581.0,U,O,,,,,,
VT,Vermont,202603,Y,149120.0,143572.0,5548.0,91938.0,22805.0,5.0,0.109,12639.0,8891.0,8033.0,1929.0,322.0,1497.0,U,O,,,,,,
WA,Washington,202603,Y,1792730.0,1725971.0,66759.0,974470.0,70683.0,1.0,0.226,115414.0,102370.0,95761.0,10119.0,2168.0,757.0,U,O,,,,,,
WI,Wisconsin,202603,N,1127189.0,1029802.0,97387.0,588616.0,261254.0,16.0,0.164,77922.0,51566.0,28842.0,10723.0,9512.0,6121.0,U,O,,,,,,
WV,West Virginia,202603,Y,487896.0,448142.0,39754.0,294871.0,22591.0,4.0,0.039,31021.0,25378.0,19339.0,4172.0,1174.0,297.0,U,O,Includes Individuals Enrolled At Any Time in Month (Not a Point-in-Time Count),Includes Individuals Enrolled At Any Time in Month (Not a Point-in-Time Count),Includes Individuals Enrolled At Any Time in Month (Not a Point-in-Time Count),,,
WY,Wyoming,202603,N,62062.0,55910.0,6152.0,20197.0,11970.0,3.0,0.016,4282.0,3481.0,2320.0,30.0,245.0,526.0,U,O,,,,,,
AK,Alaska,202604,Y,210675.0,197807.0,12868.0,125571.0,29653.0,7.0,0.09,17318.0,7704.0,4719.0,4236.0,1814.0,3564.0,U,O,,,,,State Held Some or All Procedural and/or Other Terminations for the Report Month,Data Undercount Renewals and Reflect These Outcomes in Another Metric in the Data Set
AL,Alabama,202604,N,944287.0,744521.0,199766.0,268465.0,53404.0,3.0,0.16,201219.0,155405.0,41404.0,25621.0,16635.0,3558.0,U,O,,,,,,
AR,Arkansas,202604,Y,796605.0,717657.0,78948.0,395562.0,223815.0,15.0,0.027,56883.0,47032.0,40551.0,7131.0,2594.0,126.0,U,O,,,,,,
AZ,Arizona,202604,Y,1634618.0,1524695.0,109923.0,921021.0,54800.0,4.0,0.11,151629.0,115039.0,104097.0,21030.0,8539.0,7021.0,U,O,,,,,,
CA,California,202604,Y,11933757.0,10678519.0,1255238.0,7411980.0,2004977.0,34.0,0.207,948297.0,544333.0,402331.0,185486.0,15641.0,202837.0,U,O,,,,,,
CO,Colorado,202604,Y,1198526.0,1060324.0,138202.0,670063.0,33820.0,11.0,0.061,92499.0,71411.0,52953.0,11498.0,7602.0,1988.0,U,O,,,,,State Held Some or All Procedural and/or Other Terminations for the Report Month,
CT,Connecticut,202604,Y,900674.0,875068.0,25606.0,538620.0,137220.0,2.0,0.095,78137.0,67464.0,63959.0,2987.0,4054.0,3632.0,U,O,,,,,,
DC,District of Columbia,202604,Y,240522.0,224714.0,15808.0,147026.0,42898.0,0.0,0.01,16604.0,12950.0,12023.0,2081.0,144.0,1429.0,U,O,,,,,,
DE,Delaware,202604,Y,236771.0,222987.0,13784.0,132138.0,22100.0,2.0,0.277,20186.0,13859.0,8739.0,4034.0,2046.0,247.0,U,O,,,,,State Held Some or All Procedural and/or Other Terminations for the Report Month,
FL,Florida,202604,N,3571613.0,3400007.0,171606.0,1276906.0,1973719.0,36.0,0.267,176275.0,117025.0,38476.0,19489.0,14610.0,25151.0,U,O,,,,,,
GA,Georgia,202604,N,1865621.0,1686907.0,178714.0,557370.0,30031.0,61.0,0.007,239136.0,148780.0,115648.0,37973.0,23978.0,28405.0,U,O,,,,Data Reflect Renewals and Other Eligibility and Enrollment Actions,,Data Reflect Renewals and Other Eligibility and Enrollment Actions
HI,Hawaii,202604,Y,396174.0,370045.0,26129.0,240838.0,28661.0,174.0,0.36,26046.0,22161.0,18323.0,2527.0,590.0,768.0,U,O,Includes Retroactive Enrollments,Includes Retroactive Enrollments,Includes Retroactive Enrollments,,,
IA,Iowa,202604,Y,678468.0,594567.0,83901.0,343962.0,21359.0,0.0,0.007,58912.0,47321.0,33892.0,6360.0,1693.0,3538.0,U,O,,,,,,
ID,Idaho,202604,Y,316882.0,297064.0,19818.0,163691.0,84117.0,52.0,0.026,24149.0,23554.0,10812.0,13.0,524.0,58.0,U,O,,,,,,
IL,Illinois,202604,Y,2987465.0,2677965.0,309500.0,1644223.0,281190.0,24.0,0.271,202881.0,156985.0,131055.0,19307.0,7526.0,19063.0,U,O,,,,,,
IN,Indiana,202604,Y,1420327.0,1300537.0,119790.0,747194.0,267212.0,12.0,0.141,87136.0,14117.0,4542.0,40313.0,896.0,31810.0,U,O,,,,,,
KS,Kansas,202604,N,395702.0,324870.0,70832.0,120871.0,31752.0,0.0,0.001,36241.0,29349.0,16944.0,2158.0,3272.0,1462.0,U,O,,,,,,
KY,Kentucky,202604,Y,1290268.0,1169952.0,120316.0,722456.0,71576.0,0.0,0.006,154822.0,134761.0,119284.0,13396.0,5750.0,915.0,U,O,,,,,State Held Some or All Procedural and/or Other Terminations for the Report Month,
LA,Louisiana,202604,Y,1309786.0,1177093.0,132693.0,658197.0,437741.0,6.0,0.035,129160.0,75935.0,53461.0,29468.0,4672.0,19085.0,U,O,,,,,,
MA,Massachusetts,202604,Y,1547517.0,1371957.0,175560.0,884000.0,259305.0,2.0,0.05,153865.0,125522.0,96715.0,20453.0,6917.0,973.0,U,O,,,,,,
MD,Maryland,202604,Y,1391858.0,1194956.0,196902.0,724365.0,62253.0,4.0,0.108,89153.0,62471.0,45603.0,20430.0,3068.0,3184.0,U,O,,,,,,
ME,Maine,202604,Y,334065.0,314356.0,19709.0,195330.0,37355.0,13.0,0.24,30186.0,24154.0,22996.0,2117.0,401.0,3514.0,U,O,,,,,,
MI,Michigan,202604,Y,2191865.0,2024546.0,167319.0,1310008.0,142256.0,1.0,0.026,176751.0,133922.0,102638.0,27555.0,5687.0,9587.0,U,O,,,,,State Held Some or All Procedural and/or Other Terminations for the Report Month,
MN,Minnesota,202604,Y,1146285.0,1142206.0,4079.0,546513.0,27102.0,14.0,0.38,90705.0,74256.0,63807.0,14137.0,2312.0,0.0,U,O,,,,,,
MO,Missouri,202604,Y,1261716.0,1129631.0,132085.0,687499.0,73101.0,14.0,0.171,95192.0,57614.0,51763.0,17866.0,1518.0,18194.0,U,O,,,,,,
MS,Mississippi,202604,N,590032.0,506663.0,83369.0,198982.0,7116.0,0.0,0.087,43457.0,37145.0,17455.0,5141.0,1155.0,16.0,U,O,,,,,,
MT,Montana,202604,Y,208745.0,188243.0,20502.0,118344.0,25160.0,26.0,0.41,24839.0,14219.0,10591.0,3679.0,1071.0,5870.0,U,O,Includes Individuals Enrolled At Any Time in Month (Not a Point-in-Time Count),Includes Individuals Enrolled At Any Time in Month (Not a Point-in-Time Count),Includes Individuals Enrolled At Any Time in Month (Not a Point-in-Time Count),,,
NC,North Carolina,202604,Y,2835267.0,2486253.0,349014.0,1454970.0,20842.0,0.0,0.007,257986.0,148079.0,146970.0,11827.0,7904.0,90176.0,U,O,,,,,,
ND,North Dakota,202604,Y,106699.0,101125.0,5574.0,54898.0,26739.0,14.0,0.357,8497.0,5111.0,3143.0,1230.0,469.0,1687.0,U,O,,,,,,
NE,Nebraska,202604,Y,335942.0,299809.0,36133.0,164664.0,20290.0,9.0,0.173,25145.0,18470.0,16302.0,1852.0,2269.0,2554.0,U,O,,,,,,
NH,New Hampshire,202604,Y,170915.0,152000.0,18915.0,85924.0,35688.0,5.0,0.04,11109.0,7129.0,3594.0,2888.0,572.0,520.0,U,O,Includes Retroactive Enrollments,Includes Retroactive Enrollments,Includes Retroactive Enrollments,,State Held Some or All Procedural and/or Other Terminations for the Report Month,
NJ,New Jersey,202604,Y,1778613.0,1513555.0,265058.0,956955.0,152812.0,3.0,0.013,143746.0,64288.0,49661.0,6161.0,4199.0,69098.0,U,O,,,,,,
NM,New Mexico,202604,Y,681695.0,638903.0,42792.0,374177.0,146676.0,9.0,0.034,38907.0,28653.0,19894.0,8309.0,1244.0,701.0,U,O,,,,,State Held Some or All Procedural and/or Other Terminations for the Report Month,
NV,Nevada,202604,Y,722035.0,675955.0,46080.0,409258.0,92620.0,44.0,0.27,73870.0,61358.0,57556.0,9287.0,1801.0,1424.0,U,O,,,,,,
NY,New York,202604,Y,6437714.0,5786762.0,650952.0,3998965.0,691916.0,3.0,0.045,378980.0,276446.0,100484.0,57481.0,38422.0,6631.0,U,O,,,,Data Include Renewals Held and Reassigned to a Future Month,State Held Some or All Procedural and/or Other Terminations for the Report Month,
OH,Ohio,202604,Y,2633865.0,2400994.0,232871.0,1504099.0,181162.0,3.0,0.04,217059.0,144204.0,109330.0,40502.0,4458.0,27895.0,U,O,Includes Individuals Enrolled At Any Time in Month (Not a Point-in-Time Count),Includes Individuals Enrolled At Any Time in Month (Not a Point-in-Time Count),Includes Individuals Enrolled At Any Time in Month (Not a Point-in-Time Count),,,
OK,Oklahoma,202604,Y,979706.0,898649.0,81057.0,477029.0,178553.0,58.0,0.125,66004.0,41169.0,31315.0,16753.0,5376.0,2706.0,U,O,,,,,,
OR,Oregon,202604,Y,1278820.0,1097821.0,180999.0,810101.0,149238.0,11.0,0.27,72794.0,59580.0,50441.0,9723.0,3319.0,172.0,U,O,,,,,,
PA,Pennsylvania,202604,Y,2998119.0,2718465.0,279654.0,1589972.0,267558.0,10.0,0.169,214310.0,123665.0,41547.0,13115.0,17013.0,60517.0,U,O,,,,,,
RI,Rhode Island,202604,Y,291005.0,257224.0,33781.0,174141.0,20160.0,10.0,0.162,24239.0,19756.0,17672.0,2779.0,1608.0,96.0,U,O,,,,,,
SC,South Carolina,202604,N,962444.0,850016.0,112428.0,365142.0,120403.0,1.0,0.022,85471.0,64961.0,60703.0,2632.0,16308.0,1570.0,U,O,,,,,,
SD,South Dakota,202604,Y,140637.0,125995.0,14642.0,63563.0,,,,12726.0,10126.0,7212.0,2053.0,376.0,171.0,U,O,,,,,,
TN,Tennessee,202604,N,1395688.0,1212606.0,183082.0,569221.0,74633.0,1.0,0.019,91148.0,81196.0,62449.0,6570.0,3169.0,213.0,U,O,,,,,,
TX,Texas,202604,N,4007182.0,3672356.0,334826.0,970650.0,875212.0,4.0,0.068,272595.0,168231.0,23741.0,59645.0,28180.0,16539.0,U,O,,,,,,
UT,Utah,202604,Y,330298.0,295680.0,34618.0,166106.0,109363.0,15.0,0.158,29893.0,15856.0,5035.0,7483.0,997.0,5557.0,U,O,,,,,,
VA,Virginia,202604,Y,1667230.0,1476110.0,191120.0,870459.0,75095.0,0.0,0.029,141430.0,125091.0,69515.0,11062.0,2597.0,2680.0,U,O,,,,,,
VT,Vermont,202604,Y,148222.0,142640.0,5582.0,91309.0,22642.0,5.0,0.104,14821.0,11424.0,9648.0,1964.0,347.0,1086.0,U,O,,,,,,
WA,Washington,202604,Y,1794120.0,1732140.0,61980.0,976808.0,57628.0,1.0,0.1,111303.0,98046.0,90326.0,10434.0,2129.0,694.0,U,O,,,,,,
WI,Wisconsin,202604,N,1121999.0,1024095.0,97904.0,586501.0,254475.0,14.0,0.159,81603.0,56851.0,35566.0,10433.0,8138.0,6181.0,U,O,,,,,,
WV,West Virginia,202604,Y,487462.0,448422.0,39040.0,294643.0,19031.0,1.0,0.058,28476.0,22906.0,16790.0,4151.0,1170.0,249.0,U,O,Includes Individuals Enrolled At Any Time in Month (Not a Point-in-Time Count),Includes Individuals Enrolled At Any Time in Month (Not a Point-in-Time Count),Includes Individuals Enrolled At Any Time in Month (Not a Point-in-Time Count),,,
WY,Wyoming,202604,N,60882.0,54778.0,6104.0,19647.0,13086.0,2.0,0.066,5013.0,3224.0,2029.0,934.0,345.0,510.0,U,O,,,,,,
AK,Alaska,202605,Y,207612.0,194972.0,12640.0,123663.0,26982.0,6.0,0.07,30712.0,8417.0,5505.0,9625.0,2325.0,10345.0,P,O,,,,,State Held Some or All Procedural and/or Other Terminations for the Report Month,Data Undercount Renewals and Reflect These Outcomes in Another Metric in the Data Set
AL,Alabama,202605,N,933487.0,734652.0,198835.0,263555.0,50684.0,2.0,0.058,101259.0,69552.0,36867.0,17369.0,12445.0,1893.0,P,O,,,,,,
AR,Arkansas,202605,Y,787684.0,709201.0,78483.0,388760.0,260355.0,17.0,0.023,53416.0,43884.0,38053.0,6943.0,2341.0,248.0,P,O,,,,,,
AZ,Arizona,202605,Y,1621802.0,1511158.0,110644.0,913741.0,55521.0,5.0,0.129,181665.0,147993.0,133459.0,13669.0,12984.0,7019.0,P,O,,,,,,
CA,California,202605,Y,11762641.0,10505919.0,1256722.0,7286814.0,1768796.0,32.0,0.19,995076.0,569631.0,424754.0,185434.0,18255.0,221756.0,P,O,,,,,,
CO,Colorado,202605,Y,1188091.0,1050242.0,137849.0,662459.0,24100.0,4.0,0.039,78955.0,64579.0,48000.0,7173.0,5389.0,1814.0,P,O,,,,,State Held Some or All Procedural and/or Other Terminations for the Report Month,
CT,Connecticut,202605,Y,897214.0,871818.0,25396.0,534866.0,107720.0,1.0,0.084,87434.0,75965.0,71906.0,3590.0,4211.0,3668.0,P,O,,,,,,
DC,District of Columbia,202605,Y,238011.0,222385.0,15626.0,145523.0,38823.0,0.0,0.01,13652.0,11013.0,10526.0,1475.0,94.0,1070.0,P,O,,,,,,
DE,Delaware,202605,Y,235322.0,221563.0,13759.0,131169.0,14541.0,2.0,0.224,16265.0,11547.0,6914.0,2863.0,1476.0,379.0,P,O,,,,,State Held Some or All Procedural and/or Other Terminations for the Report Month,
FL,Florida,202605,N,3577801.0,3406193.0,171608.0,1282231.0,1469996.0,29.0,0.232,172329.0,117524.0,38201.0,19093.0,13800.0,21912.0,P,O,,,,,,
GA,Georgia,202605,N,1826428.0,1652000.0,174428.0,545456.0,24156.0,68.0,0.009,233202.0,143793.0,109209.0,39391.0,26330.0,23688.0,P,O,,,,Data Reflect Renewals and Other Eligibility and Enrollment Actions,,Data Reflect Renewals and Other Eligibility and Enrollment Actions
HI,Hawaii,202605,Y,392022.0,365803.0,26219.0,236889.0,27300.0,367.0,0.4,38958.0,33838.0,27529.0,3344.0,664.0,1112.0,P,O,Includes Retroactive Enrollments,Includes Retroactive Enrollments,Includes Retroactive Enrollments,,,
IA,Iowa,202605,Y,674796.0,591844.0,82952.0,342419.0,20171.0,0.0,0.002,47958.0,38720.0,27200.0,5229.0,1341.0,2668.0,P,O,,,,,,
ID,Idaho,202605,Y,310400.0,290944.0,19456.0,160015.0,72136.0,53.0,0.024,23849.0,15571.0,11049.0,6039.0,1074.0,1165.0,P,O,,,,,,
IL,Illinois,202605,Y,2939165.0,2631007.0,308158.0,1611139.0,232527.0,25.0,0.264,206905.0,161960.0,135868.0,16629.0,6628.0,21688.0,P,O,,,,,,
IN,Indiana,202605,Y,1378365.0,1261723.0,116642.0,725499.0,249547.0,16.0,0.185,98256.0,15982.0,7070.0,45201.0,770.0,36303.0,P,O,,,,,,
KS,Kansas,202605,N,395191.0,323737.0,71454.0,120234.0,26592.0,0.0,0.004,38980.0,31376.0,17999.0,2180.0,3731.0,1693.0,P,O,,,,,,
KY,Kentucky,202605,Y,1272217.0,1154915.0,117302.0,716210.0,65128.0,0.0,0.005,91933.0,77737.0,70076.0,10346.0,3404.0,446.0,P,O,,,,,State Held Some or All Procedural and/or Other Terminations for the Report Month,
LA,Louisiana,202605,Y,1275658.0,1146232.0,129426.0,636950.0,368475.0,6.0,0.044,111446.0,65674.0,46111.0,25044.0,3348.0,17380.0,P,O,,,,,,
MA,Massachusetts,202605,Y,1535921.0,1362386.0,173535.0,875161.0,227444.0,3.0,0.03,142436.0,123459.0,102985.0,13584.0,4376.0,1017.0,P,O,,,,,,
MD,Maryland,202605,Y,1373772.0,1178359.0,195413.0,712795.0,61489.0,4.0,0.113,87728.0,61691.0,46113.0,20173.0,3017.0,2847.0,P,O,,,,,,
ME,Maine,202605,Y,329286.0,309856.0,19430.0,191912.0,37386.0,15.0,0.27,28368.0,22951.0,21942.0,1976.0,345.0,3096.0,P,O,,,,,,
MI,Michigan,202605,Y,2150220.0,1987745.0,162475.0,1280658.0,123194.0,1.0,0.018,160428.0,122312.0,83222.0,24350.0,5062.0,8704.0,P,O,,,,,State Held Some or All Procedural and/or Other Terminations for the Report Month,
MN,Minnesota,202605,Y,1131743.0,1127908.0,3835.0,537556.0,22561.0,8.0,0.29,87793.0,72090.0,61277.0,13353.0,2350.0,0.0,P,O,,,,,,
MO,Missouri,202605,Y,1243830.0,1109551.0,134279.0,678878.0,64464.0,13.0,0.167,98181.0,63686.0,57639.0,15188.0,2045.0,17262.0,P,O,,,,,,
MS,Mississippi,202605,N,584206.0,500826.0,83380.0,195431.0,6039.0,0.0,0.042,41666.0,35310.0,15495.0,5151.0,1096.0,109.0,P,O,,,,,,
MT,Montana,202605,Y,202904.0,182556.0,20348.0,114668.0,20022.0,31.0,0.29,9350.0,4764.0,3496.0,1402.0,577.0,2607.0,P,O,Includes Individuals Enrolled At Any Time in Month (Not a Point-in-Time Count); Includes Limited-Benefit Enrollees; Includes Retroactive Enrollments,Includes Individuals Enrolled At Any Time in Month (Not a Point-in-Time Count); Includes Limited-Benefit Enrollees; Includes Retroactive Enrollments,Includes Individuals Enrolled At Any Time in Month (Not a Point-in-Time Count),,,
NC,North Carolina,202605,Y,2820258.0,2471694.0,348564.0,1452575.0,18971.0,0.0,0.008,263542.0,156037.0,154951.0,11149.0,7157.0,89199.0,P,O,,,,,,
ND,North Dakota,202605,Y,103256.0,97868.0,5388.0,52856.0,23304.0,12.0,0.327,8922.0,5358.0,3391.0,1342.0,465.0,1757.0,P,O,,,,,,
NE,Nebraska,202605,Y,332232.0,295117.0,37115.0,161876.0,16944.0,9.0,0.181,24581.0,17612.0,15604.0,1658.0,2229.0,3082.0,P,O,,,,,,
NH,New Hampshire,202605,Y,168682.0,149895.0,18787.0,84334.0,32926.0,3.0,0.03,11320.0,7442.0,4283.0,2630.0,506.0,742.0,P,O,Includes Retroactive Enrollments,Includes Retroactive Enrollments,Includes Retroactive Enrollments,,State Held Some or All Procedural and/or Other Terminations for the Report Month,
NJ,New Jersey,202605,Y,1748840.0,1485752.0,263088.0,940800.0,140274.0,3.0,0.029,156837.0,68471.0,51350.0,7093.0,4053.0,77220.0,P,O,,,,,,
NM,New Mexico,202605,Y,674273.0,631890.0,42383.0,369647.0,142138.0,10.0,0.063,32658.0,22828.0,15191.0,7896.0,994.0,940.0,P,O,,,,,State Held Some or All Procedural and/or Other Terminations for the Report Month,
NV,Nevada,202605,Y,714071.0,668617.0,45454.0,403874.0,83539.0,43.0,0.26,60082.0,52381.0,49079.0,5222.0,2000.0,479.0,P,O,,,,,,
NY,New York,202605,Y,6386205.0,5740678.0,645527.0,3966883.0,715098.0,4.0,0.045,376823.0,275762.0,106854.0,61551.0,31699.0,7811.0,P,O,,,,Data Include Renewals Held and Reassigned to a Future Month,State Held Some or All Procedural and/or Other Terminations for the Report Month,
OH,Ohio,202605,Y,2620167.0,2390836.0,229331.0,1503400.0,175750.0,3.0,0.04,233842.0,155461.0,120525.0,43392.0,4373.0,30616.0,P,O,Includes Individuals Enrolled At Any Time in Month (Not a Point-in-Time Count),Includes Individuals Enrolled At Any Time in Month (Not a Point-in-Time Count),Includes Individuals Enrolled At Any Time in Month (Not a Point-in-Time Count),,,
OK,Oklahoma,202605,Y,991558.0,910500.0,81058.0,489158.0,161040.0,66.0,0.091,69984.0,40987.0,29417.0,21329.0,4532.0,3136.0,P,O,,,,,,
OR,Oregon,202605,Y,1271996.0,1091780.0,180216.0,805561.0,137203.0,14.0,0.327,70931.0,58611.0,50919.0,9005.0,3201.0,114.0,P,O,,,,,,
PA,Pennsylvania,202605,Y,2963790.0,2686546.0,277244.0,1568693.0,254845.0,13.0,0.225,199158.0,115782.0,38970.0,13273.0,16357.0,53746.0,P,O,,,,,,
RI,Rhode Island,202605,Y,285146.0,251355.0,33791.0,169627.0,15070.0,10.0,0.152,21352.0,17592.0,15768.0,2237.0,1473.0,50.0,P,O,,,,,,
SC,South Carolina,202605,N,957737.0,845809.0,111928.0,363120.0,113952.0,1.0,0.027,65756.0,44729.0,41663.0,3143.0,15712.0,2172.0,P,O,,,,,,
SD,South Dakota,202605,Y,138641.0,124199.0,14442.0,62618.0,,,,13374.0,10837.0,7813.0,1926.0,415.0,196.0,P,O,,,,,,
TN,Tennessee,202605,N,1387037.0,1203983.0,183054.0,565144.0,66172.0,0.0,0.006,89363.0,80165.0,61147.0,6014.0,2964.0,220.0,P,O,,,,,,
TX,Texas,202605,N,3941123.0,3612168.0,328955.0,955434.0,868857.0,6.0,0.093,264602.0,159405.0,25172.0,61673.0,23242.0,20282.0,P,O,,,,,,
UT,Utah,202605,Y,324460.0,290393.0,34067.0,163173.0,106921.0,20.0,0.187,28856.0,15689.0,10115.0,7638.0,987.0,4542.0,P,O,,,,,,
VA,Virginia,202605,Y,1644308.0,1456891.0,187417.0,859730.0,66461.0,1.0,0.012,159404.0,141652.0,86697.0,12697.0,2788.0,2267.0,P,O,,,,,,
VT,Vermont,202605,Y,145403.0,139849.0,5554.0,89244.0,16826.0,2.0,0.032,10441.0,7872.0,6991.0,1251.0,279.0,1039.0,P,O,,,,,,
WA,Washington,202605,Y,1786049.0,1724000.0,62049.0,973001.0,56774.0,1.0,0.193,113571.0,99430.0,92728.0,11321.0,1971.0,849.0,P,O,,,,,,
WI,Wisconsin,202605,N,1108942.0,1012295.0,96647.0,579019.0,222036.0,10.0,0.112,73043.0,51008.0,33066.0,9462.0,7186.0,5387.0,P,O,,,,,,
WV,West Virginia,202605,Y,486392.0,447082.0,39310.0,293972.0,18246.0,1.0,0.031,27421.0,21455.0,16439.0,4436.0,1247.0,283.0,P,O,Includes Individuals Enrolled At Any Time in Month (Not a Point-in-Time Count),Includes Individuals Enrolled At Any Time in Month (Not a Point-in-Time Count),Includes Individuals Enrolled At Any Time in Month (Not a Point-in-Time Count),,,
WY,Wyoming,202605,N,59917.0,53830.0,6087.0,19445.0,11100.0,2.0,0.095,3920.0,2515.0,1748.0,741.0,202.0,462.0,P,O,,,,,,
