state,month,original_due,updated_due,original_procedural,updated_procedural,original_pending,updated_pending,original_auto_renewed,updated_auto_renewed
AK,202303,,,,,,,,
AK,202304,,,,,,,,
AK,202305,6539.0,6539.0,427.0,1936.0,1745.0,995.0,1193.0,1193.0
AK,202306,7530.0,7530.0,2108.0,2174.0,1491.0,900.0,1867.0,1867.0
AK,202307,14250.0,14250.0,5630.0,5740.0,2150.0,1019.0,4011.0,4011.0
AK,202308,19995.0,19995.0,8060.0,8170.0,3560.0,1532.0,5634.0,5634.0
AK,202309,12884.0,12884.0,702.0,782.0,6602.0,4537.0,3055.0,3055.0
AK,202310,11813.0,11813.0,728.0,777.0,5557.0,3431.0,3232.0,3232.0
AK,202311,10781.0,10778.0,725.0,755.0,4963.0,3101.0,2956.0,2956.0
AK,202312,12729.0,12717.0,770.0,796.0,5748.0,3194.0,3288.0,3288.0
AK,202401,15619.0,15580.0,904.0,934.0,6360.0,4749.0,4376.0,4376.0
AK,202402,15385.0,15357.0,746.0,777.0,5979.0,4740.0,4572.0,4572.0
AK,202403,16229.0,16163.0,690.0,732.0,6050.0,4947.0,5598.0,5598.0
AK,202404,13553.0,13539.0,281.0,303.0,5263.0,4305.0,4879.0,4879.0
AK,202405,14042.0,13959.0,282.0,241.0,5736.0,4775.0,4282.0,4282.0
AK,202406,28805.0,28825.0,337.0,408.0,14128.0,12243.0,10258.0,10258.0
AK,202407,35187.0,35155.0,239.0,328.0,20598.0,18415.0,9852.0,9852.0
AK,202408,32461.0,32391.0,712.0,2964.0,20242.0,11450.0,6879.0,6879.0
AK,202409,32734.0,21830.0,294.0,351.0,21274.0,9235.0,7111.0,7111.0
AK,202410,24219.0,24219.0,342.0,443.0,11770.0,7375.0,7504.0,7504.0
AK,202411,30093.0,29911.0,727.0,951.0,17531.0,14990.0,6413.0,6413.0
AK,202412,29939.0,29940.0,286.0,474.0,16825.0,15049.0,7936.0,7936.0
AK,202501,31624.0,31624.0,1137.0,5854.0,18913.0,11325.0,7285.0,7285.0
AK,202502,26995.0,26854.0,1628.0,4878.0,16132.0,9936.0,4067.0,4067.0
AK,202503,27527.0,27389.0,610.0,4007.0,14461.0,7569.0,7573.0,7573.0
AK,202504,21097.0,21081.0,332.0,2903.0,12590.0,7768.0,4254.0,4254.0
AK,202505,17113.0,17113.0,812.0,2332.0,5932.0,3155.0,6353.0,6353.0
AK,202506,17572.0,16112.0,848.0,1925.0,6306.0,2386.0,6246.0,6246.0
AK,202507,16094.0,16030.0,711.0,1441.0,4672.0,2603.0,5742.0,5742.0
AK,202508,18027.0,17959.0,2418.0,2553.0,4369.0,3218.0,6339.0,6339.0
AK,202509,16032.0,14717.0,901.0,1009.0,5104.0,4162.0,5397.0,4815.0
AK,202510,17093.0,17047.0,2006.0,2172.0,5306.0,4172.0,4587.0,4587.0
AK,202511,18607.0,18550.0,1163.0,1354.0,5470.0,4378.0,6026.0,6026.0
AK,202512,17644.0,18105.0,1046.0,1182.0,5658.0,4257.0,5547.0,5569.0
AK,202601,17354.0,17323.0,3553.0,4988.0,4997.0,2554.0,3782.0,3782.0
AK,202602,20000.0,,5859.0,,3851.0,,4686.0,
AK,202603,17809.0,,4744.0,,3966.0,,3712.0,
AK,202604,17318.0,,4236.0,,3564.0,,4719.0,
AK,202605,30712.0,,9625.0,,10345.0,,5505.0,
AL,202303,,,,,,,,
AL,202304,,,,,,,,
AL,202305,,,,,,,,
AL,202306,127533.0,127533.0,29947.0,30569.0,2868.0,137.0,46133.0,46181.0
AL,202307,131852.0,131852.0,39876.0,40474.0,3359.0,9.0,43206.0,43267.0
AL,202308,117961.0,117961.0,33756.0,34286.0,3138.0,8.0,38606.0,38653.0
AL,202309,107242.0,107242.0,30825.0,31350.0,2831.0,13.0,38340.0,38415.0
AL,202310,104021.0,104021.0,28935.0,29449.0,3240.0,16.0,39168.0,39256.0
AL,202311,94633.0,94633.0,26293.0,26868.0,2975.0,220.0,33338.0,33338.0
AL,202312,103109.0,103109.0,29467.0,29881.0,2608.0,175.0,40593.0,40593.0
AL,202401,86352.0,86352.0,23268.0,23763.0,2265.0,147.0,34533.0,34533.0
AL,202402,85889.0,85889.0,22868.0,23331.0,2225.0,123.0,35228.0,35228.0
AL,202403,86545.0,86545.0,29623.0,30118.0,2333.0,63.0,30154.0,30154.0
AL,202404,81573.0,81573.0,23364.0,23671.0,1551.0,28.0,27490.0,27490.0
AL,202405,73603.0,73603.0,26200.0,26458.0,1300.0,26.0,31057.0,31057.0
AL,202406,125138.0,125138.0,21655.0,22140.0,2425.0,11.0,53604.0,53604.0
AL,202407,126166.0,126166.0,21277.0,21877.0,2759.0,0.0,48798.0,48798.0
AL,202408,117884.0,117884.0,20175.0,20688.0,2483.0,5.0,43030.0,43030.0
AL,202409,119706.0,119706.0,18394.0,18864.0,2526.0,12.0,45506.0,45506.0
AL,202410,121260.0,121260.0,23554.0,24067.0,2374.0,5.0,45168.0,45168.0
AL,202411,115205.0,115205.0,23379.0,23956.0,2199.0,12.0,38528.0,38528.0
AL,202412,133479.0,133479.0,23421.0,23902.0,2000.0,0.0,50241.0,50241.0
AL,202501,118070.0,118070.0,20264.0,20560.0,2474.0,0.0,43184.0,43184.0
AL,202502,120009.0,120009.0,20437.0,21598.0,2784.0,0.0,37747.0,37747.0
AL,202503,172855.0,172855.0,26027.0,26975.0,4839.0,0.0,37535.0,37535.0
AL,202504,109305.0,109305.0,12923.0,13209.0,2020.0,0.0,39628.0,39628.0
AL,202505,147477.0,147477.0,15617.0,16354.0,3779.0,0.0,37957.0,37957.0
AL,202506,107356.0,107356.0,12479.0,12641.0,1736.0,0.0,38735.0,38735.0
AL,202507,120819.0,120819.0,11946.0,12167.0,1996.0,0.0,45342.0,45342.0
AL,202508,110647.0,110647.0,10239.0,10442.0,1764.0,0.0,43661.0,43661.0
AL,202509,106479.0,106479.0,9204.0,9435.0,1561.0,0.0,42363.0,42363.0
AL,202510,100725.0,100725.0,8278.0,8475.0,1532.0,0.0,40942.0,40942.0
AL,202511,96927.0,96927.0,8629.0,8848.0,1513.0,0.0,38805.0,38805.0
AL,202512,112157.0,112157.0,10374.0,10545.0,2017.0,0.0,46978.0,46978.0
AL,202601,99200.0,99200.0,7571.0,7743.0,1538.0,0.0,42135.0,42135.0
AL,202602,105413.0,,6444.0,,1196.0,,45186.0,
AL,202603,94392.0,,5265.0,,986.0,,39348.0,
AL,202604,201219.0,,25621.0,,3558.0,,41404.0,
AL,202605,101259.0,,17369.0,,1893.0,,36867.0,
AR,202303,,,,,,,,
AR,202304,137679.0,135399.0,55488.0,59707.0,13732.0,2077.0,45975.0,47118.0
AR,202305,99266.0,99266.0,34847.0,37194.0,11693.0,1650.0,29432.0,29432.0
AR,202306,128604.0,128604.0,45373.0,47993.0,17649.0,3555.0,33845.0,33845.0
AR,202307,127233.0,127233.0,42335.0,46298.0,15508.0,634.0,36466.0,36466.0
AR,202308,94593.0,94593.0,24760.0,27204.0,12153.0,1400.0,32357.0,32357.0
AR,202309,83078.0,83078.0,23002.0,24670.0,7959.0,1828.0,27349.0,27349.0
AR,202310,38547.0,38547.0,4470.0,5425.0,2399.0,497.0,24170.0,24170.0
AR,202311,33185.0,33185.0,2936.0,3220.0,1682.0,311.0,23252.0,23252.0
AR,202312,43579.0,43579.0,3590.0,3942.0,1526.0,133.0,33613.0,33613.0
AR,202401,40089.0,40089.0,2662.0,2834.0,969.0,177.0,33075.0,33075.0
AR,202402,40726.0,40726.0,3263.0,3334.0,531.0,95.0,31864.0,31864.0
AR,202403,39590.0,39590.0,5100.0,5210.0,582.0,150.0,25544.0,25544.0
AR,202404,45736.0,45736.0,5551.0,5613.0,482.0,84.0,32352.0,32352.0
AR,202405,40726.0,49827.0,3334.0,6607.0,95.0,49.0,31864.0,34919.0
AR,202406,49980.0,49980.0,5379.0,5499.0,911.0,126.0,34666.0,34666.0
AR,202407,55130.0,55130.0,7330.0,7451.0,937.0,171.0,35900.0,35900.0
AR,202408,55168.0,55168.0,7104.0,7404.0,1465.0,171.0,33109.0,33109.0
AR,202409,59599.0,59599.0,6828.0,6844.0,1216.0,35.0,38270.0,38270.0
AR,202410,60654.0,60654.0,4945.0,4958.0,1312.0,41.0,41766.0,41766.0
AR,202411,52669.0,52669.0,3699.0,3715.0,1152.0,164.0,36604.0,36604.0
AR,202412,52052.0,52052.0,6710.0,6717.0,960.0,140.0,36933.0,36933.0
AR,202501,49781.0,49781.0,1287.0,1313.0,3810.0,121.0,36106.0,36106.0
AR,202502,54702.0,54702.0,8405.0,8413.0,991.0,4.0,38308.0,38308.0
AR,202503,56921.0,56981.0,7923.0,7934.0,661.0,1.0,40339.0,40399.0
AR,202504,49645.0,49645.0,6902.0,6903.0,489.0,0.0,33987.0,33987.0
AR,202505,52233.0,52233.0,6416.0,6417.0,269.0,2.0,37247.0,37247.0
AR,202506,53097.0,53097.0,6171.0,6173.0,239.0,1.0,39645.0,39645.0
AR,202507,50949.0,50949.0,5953.0,5955.0,207.0,2.0,37569.0,37569.0
AR,202508,53723.0,53723.0,6300.0,6303.0,280.0,0.0,40524.0,40524.0
AR,202509,52006.0,52006.0,5802.0,5804.0,216.0,0.0,39251.0,39251.0
AR,202510,51893.0,51893.0,5582.0,5584.0,148.0,0.0,39424.0,39424.0
AR,202511,49192.0,49192.0,5011.0,5012.0,176.0,0.0,37902.0,37902.0
AR,202512,54096.0,54095.0,6192.0,6193.0,85.0,0.0,41824.0,41824.0
AR,202601,55651.0,55651.0,6726.0,6727.0,203.0,1.0,43355.0,43355.0
AR,202602,48463.0,,6234.0,,217.0,,35966.0,
AR,202603,57641.0,,7944.0,,114.0,,41760.0,
AR,202604,56883.0,,7131.0,,126.0,,40551.0,
AR,202605,53416.0,,6943.0,,248.0,,38053.0,
AZ,202303,,,,,,,,
AZ,202304,230526.0,230588.0,5477.0,48007.0,48198.0,0.0,149144.0,149144.0
AZ,202305,207473.0,207542.0,56774.0,57168.0,6768.0,0.0,107939.0,108167.0
AZ,202306,230082.0,232626.0,52001.0,52087.0,9101.0,0.0,138033.0,138226.0
AZ,202307,223139.0,223281.0,36987.0,37749.0,8031.0,0.0,148874.0,148166.0
AZ,202308,223185.0,223149.0,25631.0,26116.0,6882.0,0.0,162013.0,161345.0
AZ,202309,220341.0,229553.0,30638.0,32456.0,7918.0,0.0,157953.0,164350.0
AZ,202310,205062.0,201840.0,20562.0,20764.0,8291.0,996.0,153244.0,152595.0
AZ,202311,157842.0,159233.0,12631.0,13597.0,3477.0,0.0,124833.0,127429.0
AZ,202312,200682.0,200682.0,13954.0,13980.0,4487.0,0.0,164094.0,164339.0
AZ,202401,149606.0,149603.0,7969.0,7971.0,5694.0,0.0,123335.0,123574.0
AZ,202402,171880.0,171875.0,7785.0,7786.0,3218.0,0.0,144180.0,146035.0
AZ,202403,181059.0,181058.0,23349.0,23400.0,5047.0,0.0,127857.0,127857.0
AZ,202404,102938.0,102937.0,11824.0,11819.0,2073.0,0.0,70767.0,70581.0
AZ,202405,188452.0,188504.0,21949.0,21951.0,4296.0,0.0,133720.0,133375.0
AZ,202406,211009.0,210994.0,27938.0,28013.0,4836.0,0.0,153149.0,152732.0
AZ,202407,196407.0,196394.0,26027.0,26106.0,5538.0,0.0,141719.0,141232.0
AZ,202408,221095.0,221086.0,33297.0,33281.0,6997.0,0.0,155819.0,155548.0
AZ,202409,177362.0,177350.0,27693.0,27674.0,5442.0,0.0,119787.0,119641.0
AZ,202410,137789.0,132854.0,26854.0,29130.0,6607.0,0.0,82312.0,78288.0
AZ,202411,215818.0,215801.0,46726.0,51001.0,10022.0,0.0,131334.0,130719.0
AZ,202412,191551.0,191543.0,40291.0,40259.0,7855.0,5048.0,114699.0,114362.0
AZ,202501,160275.0,160274.0,30150.0,30146.0,6985.0,4123.0,96096.0,95711.0
AZ,202502,157462.0,157454.0,27783.0,27789.0,6118.0,2220.0,96182.0,95789.0
AZ,202503,165862.0,165853.0,16789.0,16802.0,6421.0,3226.0,105802.0,105397.0
AZ,202504,152130.0,152124.0,28386.0,28657.0,7026.0,2269.0,93696.0,93352.0
AZ,202505,230508.0,230498.0,42081.0,42112.0,8525.0,3764.0,147966.0,147411.0
AZ,202506,66398.0,66387.0,13848.0,13866.0,3094.0,1295.0,33559.0,33464.0
AZ,202507,226932.0,226923.0,23150.0,23250.0,8233.0,4086.0,148301.0,147715.0
AZ,202508,189866.0,189852.0,21135.0,21198.0,8217.0,4575.0,129332.0,128853.0
AZ,202509,111492.0,111475.0,19386.0,19665.0,8132.0,5175.0,68192.0,67983.0
AZ,202510,178468.0,178455.0,27104.0,27315.0,10663.0,7365.0,119252.0,118883.0
AZ,202511,176740.0,176703.0,23310.0,23542.0,11861.0,8561.0,124431.0,124030.0
AZ,202512,97996.0,101453.0,17611.0,17733.0,9159.0,4631.0,58263.0,61124.0
AZ,202601,183464.0,183450.0,27235.0,27450.0,14620.0,5204.0,124915.0,124531.0
AZ,202602,113696.0,,18334.0,,10354.0,,71538.0,
AZ,202603,180456.0,,23217.0,,12130.0,,126345.0,
AZ,202604,151629.0,,21030.0,,7021.0,,104097.0,
AZ,202605,181665.0,,13669.0,,7019.0,,133459.0,
CA,202303,,,,,,,,
CA,202304,,,,,,,,
CA,202305,,,,,,,,
CA,202306,1052030.0,1022294.0,199852.0,194912.0,327166.0,103103.0,281335.0,358921.0
CA,202307,1083005.0,1035947.0,56831.0,189293.0,538806.0,163533.0,297763.0,346329.0
CA,202308,1042671.0,995322.0,186884.0,167002.0,315032.0,154973.0,364261.0,352779.0
CA,202309,1073632.0,1026909.0,200037.0,153911.0,346977.0,202815.0,375861.0,360021.0
CA,202310,1061239.0,1012026.0,179252.0,136876.0,350504.0,203171.0,391927.0,377976.0
CA,202311,1058359.0,1013058.0,188357.0,168495.0,358689.0,240916.0,382979.0,300776.0
CA,202312,1255471.0,1208535.0,88268.0,72143.0,246677.0,163564.0,829478.0,781853.0
CA,202401,1018735.0,1018735.0,64770.0,64676.0,270507.0,168096.0,611086.0,668825.0
CA,202402,1170166.0,1170166.0,87689.0,87590.0,255438.0,199409.0,729052.0,730877.0
CA,202403,1235250.0,1234466.0,97110.0,97110.0,244063.0,193315.0,786631.0,787300.0
CA,202404,1118057.0,1118057.0,85380.0,85380.0,221192.0,173481.0,708771.0,709269.0
CA,202405,1106835.0,1106835.0,90645.0,107932.0,209180.0,113293.0,680853.0,682751.0
CA,202406,834620.0,834620.0,38213.0,46361.0,115746.0,56360.0,580253.0,583811.0
CA,202407,834973.0,834973.0,37490.0,45762.0,102679.0,45259.0,583183.0,587143.0
CA,202408,808740.0,808740.0,38688.0,43593.0,89988.0,40456.0,564021.0,566022.0
CA,202409,836813.0,836813.0,40267.0,49465.0,93871.0,39380.0,570358.0,572777.0
CA,202410,855310.0,855310.0,44561.0,53938.0,89642.0,39614.0,597663.0,599899.0
CA,202411,812600.0,813606.0,414.0,50085.0,118139.0,36337.0,574575.0,574282.0
CA,202412,1120757.0,1120757.0,56489.0,67652.0,104839.0,42133.0,834662.0,836860.0
CA,202501,1321760.0,1321760.0,87913.0,140410.0,247297.0,62417.0,812401.0,814963.0
CA,202502,996832.0,996832.0,46001.0,55742.0,90270.0,26914.0,747803.0,755759.0
CA,202503,1034952.0,1034952.0,45757.0,55207.0,79826.0,23724.0,792843.0,794012.0
CA,202504,928250.0,928250.0,42221.0,51120.0,66957.0,20270.0,703154.0,704431.0
CA,202505,969274.0,969274.0,32962.0,41841.0,61930.0,19770.0,768280.0,770177.0
CA,202506,848211.0,848211.0,28804.0,35044.0,53316.0,16702.0,665156.0,666439.0
CA,202507,854171.0,853834.0,170385.0,176310.0,152032.0,70700.0,287795.0,237409.0
CA,202508,823204.0,823204.0,159230.0,175616.0,166295.0,58157.0,283612.0,284625.0
CA,202509,851451.0,851451.0,130882.0,146145.0,147120.0,44937.0,378558.0,379642.0
CA,202510,864933.0,864933.0,128156.0,128156.0,141484.0,140510.0,398359.0,398359.0
CA,202511,835824.0,835824.0,129631.0,143369.0,153891.0,59763.0,377659.0,378591.0
CA,202512,1097366.0,1097366.0,209980.0,227310.0,210603.0,85691.0,479800.0,480881.0
CA,202601,1138457.0,1138457.0,219500.0,244880.0,315592.0,152386.0,401218.0,418977.0
CA,202602,1003079.0,,197693.0,,225310.0,,430980.0,
CA,202603,1053563.0,,200989.0,,229831.0,,456041.0,
CA,202604,948297.0,,185486.0,,202837.0,,402331.0,
CA,202605,995076.0,,185434.0,,221756.0,,424754.0,
CO,202303,,,,,,,,
CO,202304,,,,,,,,
CO,202305,119563.0,119563.0,31252.0,31609.0,2282.0,266.0,28572.0,28670.0
CO,202306,127475.0,127475.0,43994.0,44648.0,3663.0,292.0,30000.0,30294.0
CO,202307,136582.0,136582.0,50076.0,50641.0,3601.0,353.0,30326.0,30437.0
CO,202308,129894.0,129894.0,46283.0,46725.0,3191.0,252.0,29285.0,29401.0
CO,202309,140310.0,140310.0,8734.0,36689.0,53828.0,1146.0,28901.0,29368.0
CO,202310,147244.0,147244.0,43307.0,44576.0,9065.0,989.0,34196.0,34649.0
CO,202311,149355.0,149355.0,47452.0,48662.0,9678.0,1114.0,36293.0,36733.0
CO,202312,155818.0,155818.0,45603.0,47483.0,12464.0,1620.0,40315.0,40696.0
CO,202401,153265.0,153265.0,45566.0,46397.0,9208.0,1888.0,36502.0,36804.0
CO,202402,136981.0,136981.0,36894.0,37571.0,8600.0,1196.0,34750.0,35092.0
CO,202403,137882.0,137882.0,40131.0,40679.0,7713.0,1360.0,35127.0,35439.0
CO,202404,116528.0,116528.0,33265.0,33641.0,5396.0,1045.0,31508.0,31513.0
CO,202405,64356.0,64356.0,8024.0,8181.0,2570.0,647.0,32099.0,32470.0
CO,202406,71640.0,71640.0,8766.0,8921.0,3409.0,784.0,35169.0,35169.0
CO,202407,77736.0,77736.0,7995.0,8222.0,4148.0,1094.0,43029.0,43518.0
CO,202408,74949.0,74949.0,8392.0,8568.0,3946.0,801.0,38306.0,38325.0
CO,202409,80695.0,80695.0,8634.0,8828.0,3927.0,728.0,45702.0,46212.0
CO,202410,86471.0,86471.0,8898.0,9185.0,4036.0,1257.0,47616.0,48169.0
CO,202411,90767.0,90767.0,9369.0,9761.0,7439.0,1268.0,49488.0,49525.0
CO,202412,104085.0,104085.0,11031.0,11743.0,6147.0,1233.0,61123.0,61889.0
CO,202501,90564.0,90564.0,9480.0,10297.0,5127.0,794.0,51449.0,52210.0
CO,202502,87308.0,87308.0,9676.0,10081.0,4111.0,856.0,51087.0,51770.0
CO,202503,87791.0,87791.0,9465.0,9932.0,3492.0,407.0,48277.0,49055.0
CO,202504,84376.0,84376.0,9594.0,10004.0,2803.0,332.0,46947.0,46947.0
CO,202505,74292.0,74292.0,6385.0,6822.0,2682.0,391.0,43776.0,44320.0
CO,202506,80338.0,80338.0,6830.0,7158.0,2740.0,306.0,47836.0,48407.0
CO,202507,87076.0,87076.0,7260.0,7560.0,2457.0,259.0,51201.0,51699.0
CO,202508,82610.0,82610.0,6919.0,7310.0,2663.0,283.0,48095.0,48566.0
CO,202509,88284.0,88284.0,7770.0,8109.0,2803.0,333.0,55718.0,56392.0
CO,202510,92335.0,92335.0,7771.0,9135.0,33078.0,853.0,36282.0,53970.0
CO,202511,90273.0,90273.0,4169.0,4383.0,2398.0,401.0,54817.0,55305.0
CO,202512,100564.0,100564.0,7835.0,8069.0,3046.0,460.0,61959.0,62666.0
CO,202601,87086.0,87086.0,8377.0,8603.0,2460.0,305.0,52882.0,53412.0
CO,202602,89314.0,,9540.0,,2280.0,,53032.0,
CO,202603,97700.0,,13230.0,,2178.0,,54170.0,
CO,202604,92499.0,,11498.0,,1988.0,,52953.0,
CO,202605,78955.0,,7173.0,,1814.0,,48000.0,
CT,202303,,,,,,,,
CT,202304,83246.0,85332.0,20055.0,20461.0,5950.0,3196.0,39904.0,39904.0
CT,202305,104755.0,104755.0,19993.0,20404.0,4885.0,976.0,59859.0,59859.0
CT,202306,85764.0,85764.0,11630.0,12083.0,4542.0,2053.0,49759.0,49759.0
CT,202307,125381.0,125381.0,24784.0,25285.0,8295.0,3163.0,62620.0,62620.0
CT,202308,107162.0,106875.0,17099.0,17525.0,6175.0,2089.0,61625.0,61625.0
CT,202309,91541.0,91541.0,5842.0,6308.0,8992.0,5743.0,60514.0,60514.0
CT,202310,89758.0,89758.0,5015.0,5341.0,7714.0,4814.0,65357.0,65357.0
CT,202311,105291.0,105291.0,8379.0,9218.0,9597.0,3365.0,75479.0,75479.0
CT,202312,104702.0,104702.0,11358.0,12446.0,7378.0,2246.0,71268.0,71268.0
CT,202401,88704.0,88702.0,8096.0,9877.0,9515.0,2508.0,61612.0,61612.0
CT,202402,104272.0,104272.0,11091.0,12213.0,6298.0,1574.0,71424.0,71424.0
CT,202403,106462.0,106462.0,9261.0,10558.0,7975.0,2216.0,75268.0,75268.0
CT,202404,69829.0,69829.0,4310.0,4555.0,3230.0,1259.0,51565.0,51565.0
CT,202405,83932.0,83932.0,2656.0,2808.0,3145.0,1038.0,60688.0,60688.0
CT,202406,74145.0,74145.0,2586.0,2714.0,2756.0,1110.0,59409.0,59409.0
CT,202407,96999.0,96999.0,4109.0,4293.0,3415.0,1402.0,76625.0,76625.0
CT,202408,88964.0,88964.0,3665.0,3889.0,2928.0,1126.0,71109.0,71109.0
CT,202409,86437.0,86437.0,6153.0,6413.0,2930.0,1126.0,66913.0,66913.0
CT,202410,94099.0,94099.0,5183.0,5284.0,2991.0,1494.0,73775.0,73775.0
CT,202411,102417.0,102417.0,5611.0,5651.0,3562.0,1898.0,82097.0,82097.0
CT,202412,99307.0,99307.0,5222.0,5634.0,4167.0,1400.0,80450.0,80450.0
CT,202501,79067.0,79067.0,1371.0,1754.0,3278.0,1029.0,65938.0,65938.0
CT,202502,100610.0,100610.0,4394.0,4809.0,4335.0,1306.0,82170.0,82170.0
CT,202503,106605.0,106605.0,7362.0,7794.0,4568.0,1475.0,82907.0,82907.0
CT,202504,75020.0,75019.0,3364.0,3721.0,3044.0,707.0,60167.0,60166.0
CT,202505,85045.0,85045.0,3880.0,4274.0,2499.0,765.0,69072.0,69072.0
CT,202506,78578.0,78578.0,3009.0,3370.0,3050.0,819.0,64080.0,64080.0
CT,202507,96159.0,96159.0,3163.0,3518.0,3821.0,978.0,78900.0,78900.0
CT,202508,89089.0,89089.0,3452.0,3753.0,3830.0,841.0,73726.0,73726.0
CT,202509,89231.0,89231.0,3826.0,4302.0,3538.0,943.0,73405.0,73405.0
CT,202510,114550.0,114550.0,4325.0,4879.0,4320.0,1117.0,90172.0,90172.0
CT,202511,106526.0,106526.0,4472.0,5082.0,4376.0,1069.0,88481.0,88481.0
CT,202512,104099.0,104099.0,4444.0,4753.0,4185.0,1048.0,86806.0,86806.0
CT,202601,82990.0,82990.0,2732.0,3206.0,3176.0,606.0,69915.0,69915.0
CT,202602,100412.0,,3379.0,,3564.0,,85009.0,
CT,202603,101908.0,,3568.0,,3497.0,,85362.0,
CT,202604,78137.0,,2987.0,,3632.0,,63959.0,
CT,202605,87434.0,,3590.0,,3668.0,,71906.0,
DC,202303,,,,,,,,
DC,202304,,,,,,,,
DC,202305,14504.0,14504.0,3285.0,3285.0,508.0,381.0,9522.0,9522.0
DC,202306,21620.0,21620.0,4928.0,5613.0,2419.0,905.0,11654.0,11654.0
DC,202307,31414.0,31414.0,11714.0,12395.0,3996.0,1603.0,11066.0,11066.0
DC,202308,28511.0,28511.0,5089.0,6362.0,10318.0,5254.0,8891.0,8893.0
DC,202309,17621.0,17621.0,1314.0,2622.0,5027.0,1731.0,9595.0,9814.0
DC,202310,42847.0,42847.0,4323.0,7100.0,8640.0,2169.0,27103.0,27291.0
DC,202311,29784.0,29785.0,3929.0,7874.0,11772.0,2285.0,11913.0,12031.0
DC,202312,33629.0,33661.0,1959.0,2992.0,3956.0,916.0,27134.0,27225.0
DC,202401,18379.0,18379.0,1629.0,1837.0,1675.0,621.0,14638.0,14638.0
DC,202402,18687.0,18687.0,1448.0,2311.0,2572.0,699.0,13425.0,13425.0
DC,202403,20386.0,20386.0,2906.0,3898.0,2826.0,938.0,12056.0,12056.0
DC,202404,20134.0,20134.0,3395.0,4366.0,2752.0,994.0,10855.0,10855.0
DC,202405,15311.0,15311.0,0.0,2467.0,4403.0,983.0,8621.0,8621.0
DC,202406,17689.0,17689.0,2383.0,2521.0,1213.0,649.0,12008.0,12008.0
DC,202407,21272.0,21272.0,2684.0,2834.0,1363.0,760.0,14687.0,14687.0
DC,202408,20355.0,20355.0,2390.0,2637.0,1548.0,838.0,13766.0,13766.0
DC,202409,17046.0,17046.0,1344.0,1549.0,1092.0,540.0,12643.0,12643.0
DC,202410,34577.0,34577.0,1580.0,1841.0,1262.0,535.0,29395.0,29395.0
DC,202411,23591.0,23591.0,1538.0,1738.0,801.0,379.0,19260.0,19260.0
DC,202412,32478.0,32478.0,1562.0,1644.0,638.0,365.0,28904.0,28904.0
DC,202501,19123.0,19123.0,1090.0,1220.0,541.0,237.0,16504.0,16505.0
DC,202502,18673.0,18673.0,936.0,1056.0,520.0,261.0,16080.0,16080.0
DC,202503,18958.0,18958.0,1021.0,1150.0,702.0,389.0,15870.0,15870.0
DC,202504,18888.0,18888.0,2952.0,2952.0,871.0,632.0,12805.0,12805.0
DC,202505,15144.0,15144.0,2174.0,2174.0,758.0,469.0,10647.0,10647.0
DC,202506,18059.0,18059.0,2665.0,2665.0,1109.0,660.0,12392.0,12392.0
DC,202507,21904.0,21904.0,3004.0,3004.0,1675.0,761.0,15122.0,15122.0
DC,202508,20662.0,20662.0,2671.0,2671.0,1711.0,622.0,14706.0,14706.0
DC,202509,18749.0,18749.0,1304.0,1304.0,755.0,225.0,15888.0,15888.0
DC,202510,32663.0,32663.0,1653.0,1653.0,985.0,316.0,28933.0,28933.0
DC,202511,24480.0,24480.0,1904.0,1904.0,998.0,329.0,20464.0,20464.0
DC,202512,33408.0,33408.0,2503.0,2503.0,1069.0,362.0,28829.0,28829.0
DC,202601,18735.0,18735.0,1835.0,1835.0,766.0,381.0,15652.0,15652.0
DC,202602,18682.0,,1531.0,,861.0,,15658.0,
DC,202603,18078.0,,2890.0,,1875.0,,12073.0,
DC,202604,16604.0,,2081.0,,1429.0,,12023.0,
DC,202605,13652.0,,1475.0,,1070.0,,10526.0,
DE,202303,,,,,,,,
DE,202304,,,,,,,,
DE,202305,6392.0,6420.0,253.0,633.0,2074.0,435.0,1404.0,1404.0
DE,202306,23759.0,23428.0,1489.0,5381.0,11857.0,2535.0,4060.0,4060.0
DE,202307,23607.0,23607.0,1864.0,4258.0,10728.0,2203.0,4793.0,4806.0
DE,202308,25276.0,24566.0,1708.0,370.0,10072.0,5361.0,5309.0,5323.0
DE,202309,25344.0,25112.0,2190.0,4486.0,10813.0,1617.0,4893.0,4934.0
DE,202310,22858.0,21427.0,1457.0,3586.0,8639.0,1331.0,6115.0,6115.0
DE,202311,23654.0,22142.0,835.0,4970.0,10933.0,409.0,6444.0,6443.0
DE,202312,22363.0,20913.0,627.0,4637.0,9851.0,1.0,7235.0,7233.0
DE,202401,20707.0,19053.0,469.0,4084.0,8859.0,0.0,6884.0,6886.0
DE,202402,25556.0,25272.0,749.0,3702.0,8550.0,113.0,11607.0,11591.0
DE,202403,24651.0,24517.0,828.0,3890.0,8636.0,13.0,9581.0,9539.0
DE,202404,41803.0,41803.0,1038.0,9750.0,19581.0,66.0,13504.0,13506.0
DE,202405,7973.0,7973.0,587.0,428.0,122.0,42.0,5146.0,5146.0
DE,202406,12566.0,12566.0,2754.0,1686.0,236.0,45.0,5966.0,5966.0
DE,202407,15671.0,,2835.0,,679.0,,7248.0,
DE,202408,17110.0,17110.0,2940.0,1564.0,247.0,58.0,9033.0,9033.0
DE,202409,18630.0,18630.0,1.0,1997.0,482.0,83.0,8052.0,8052.0
DE,202410,20317.0,20317.0,4351.0,2221.0,422.0,98.0,8823.0,8823.0
DE,202411,16696.0,16696.0,3434.0,1788.0,610.0,297.0,8084.0,8084.0
DE,202412,19062.0,19062.0,4671.0,2497.0,568.0,189.0,8036.0,8036.0
DE,202501,16429.0,16429.0,3911.0,1961.0,556.0,199.0,6831.0,6831.0
DE,202502,20791.0,20791.0,3862.0,2131.0,611.0,209.0,10513.0,10513.0
DE,202503,21461.0,21464.0,4849.0,2259.0,751.0,195.0,9177.0,9177.0
DE,202504,21758.0,21758.0,4962.0,2825.0,634.0,159.0,10271.0,10271.0
DE,202505,16386.0,16386.0,3794.0,1788.0,687.0,164.0,6826.0,6826.0
DE,202506,15214.0,15214.0,3337.0,1751.0,487.0,146.0,6579.0,6579.0
DE,202507,16416.0,16416.0,3075.0,1838.0,349.0,77.0,7399.0,7399.0
DE,202508,18495.0,18495.0,3125.0,1748.0,285.0,38.0,9588.0,9588.0
DE,202509,18176.0,18176.0,3528.0,2069.0,309.0,26.0,7776.0,7776.0
DE,202510,19316.0,19316.0,3617.0,2031.0,296.0,16.0,8746.0,8746.0
DE,202511,17430.0,17430.0,3715.0,1982.0,249.0,12.0,7955.0,7955.0
DE,202512,18591.0,18591.0,4427.0,2382.0,321.0,10.0,7698.0,7698.0
DE,202601,16538.0,16538.0,3642.0,1869.0,216.0,15.0,6621.0,6621.0
DE,202602,19732.0,,4142.0,,321.0,,9585.0,
DE,202603,19890.0,,4458.0,,247.0,,8103.0,
DE,202604,20186.0,,4034.0,,247.0,,8739.0,
DE,202605,16265.0,,2863.0,,379.0,,6914.0,
FL,202303,,,,,,,,
FL,202304,606702.0,606702.0,205122.0,218902.0,145380.0,0.0,81218.0,81366.0
FL,202305,408438.0,408438.0,56305.0,65910.0,98781.0,1.0,109913.0,109913.0
FL,202306,404036.0,404036.0,44158.0,40522.0,79520.0,0.0,67517.0,68835.0
FL,202307,542315.0,542315.0,81883.0,90159.0,95435.0,0.0,90716.0,90716.0
FL,202308,344468.0,344468.0,94784.0,96870.0,27347.0,0.0,75235.0,75235.0
FL,202309,324324.0,324324.0,62771.0,72862.0,21701.0,4.0,103527.0,103527.0
FL,202310,399775.0,399775.0,144937.0,148010.0,14177.0,0.0,66861.0,66861.0
FL,202311,346495.0,346495.0,86201.0,89561.0,17251.0,37.0,107321.0,107321.0
FL,202312,331486.0,331486.0,86703.0,93056.0,18913.0,87.0,89673.0,89673.0
FL,202401,298762.0,298762.0,45705.0,45918.0,2473.0,365.0,77463.0,77463.0
FL,202402,332140.0,332369.0,59401.0,60842.0,13654.0,683.0,44325.0,44325.0
FL,202403,632996.0,632996.0,181545.0,191567.0,26905.0,139.0,72737.0,72737.0
FL,202404,151211.0,151176.0,27249.0,29540.0,21418.0,52.0,51784.0,51784.0
FL,202405,184829.0,184829.0,26531.0,29376.0,24110.0,33.0,65931.0,65931.0
FL,202406,167862.0,167862.0,26253.0,28506.0,20472.0,27.0,59630.0,59630.0
FL,202407,191131.0,191131.0,36077.0,38789.0,20408.0,38.0,71891.0,71891.0
FL,202408,225974.0,225974.0,48564.0,51724.0,24003.0,62.0,40849.0,40849.0
FL,202409,193768.0,193768.0,36592.0,38620.0,15802.0,149.0,74934.0,74934.0
FL,202410,236491.0,236491.0,1140.0,2569.0,16497.0,122.0,126852.0,126852.0
FL,202411,174377.0,174377.0,51252.0,53715.0,17822.0,255.0,61942.0,61942.0
FL,202412,144620.0,144620.0,28715.0,30960.0,19061.0,318.0,34043.0,34043.0
FL,202501,163507.0,163507.0,27395.0,29935.0,19960.0,146.0,44806.0,44806.0
FL,202502,229113.0,229113.0,22720.0,25024.0,16218.0,321.0,49350.0,49350.0
FL,202503,168462.0,168462.0,19675.0,21470.0,12616.0,181.0,34599.0,34599.0
FL,202504,185697.0,185697.0,1832.0,3451.0,11954.0,516.0,39516.0,39516.0
FL,202505,167237.0,167237.0,1449.0,3216.0,11510.0,143.0,38487.0,38487.0
FL,202506,168019.0,168019.0,19106.0,20924.0,13029.0,46.0,39947.0,39947.0
FL,202507,188605.0,188605.0,22007.0,25012.0,23978.0,82.0,54163.0,54163.0
FL,202508,199175.0,199175.0,21365.0,25079.0,35194.0,39.0,48446.0,48446.0
FL,202509,195239.0,180407.0,22216.0,24547.0,25847.0,86.0,52442.0,44724.0
FL,202510,192991.0,192991.0,19331.0,21371.0,16435.0,96.0,45700.0,45700.0
FL,202511,155346.0,155346.0,19495.0,21929.0,18297.0,10.0,36719.0,36719.0
FL,202512,165970.0,165970.0,20960.0,23786.0,24416.0,16.0,39911.0,39911.0
FL,202601,195466.0,195466.0,20958.0,24919.0,39011.0,139.0,47094.0,47094.0
FL,202602,197339.0,,21406.0,,40538.0,,46790.0,
FL,202603,190674.0,,21930.0,,37401.0,,38557.0,
FL,202604,176275.0,,19489.0,,25151.0,,38476.0,
FL,202605,172329.0,,19093.0,,21912.0,,38201.0,
GA,202303,,,,,,,,
GA,202304,,,,,,,,
GA,202305,12526.0,12526.0,1581.0,1583.0,4470.0,2651.0,6092.0,6212.0
GA,202306,219359.0,219359.0,89168.0,90093.0,59358.0,24957.0,50607.0,52851.0
GA,202307,200943.0,200943.0,68495.0,69258.0,59854.0,12775.0,45813.0,47847.0
GA,202308,190016.0,190016.0,57196.0,58745.0,45900.0,5870.0,50435.0,52392.0
GA,202309,171387.0,171387.0,61722.0,62410.0,40023.0,9308.0,43159.0,51950.0
GA,202310,138160.0,138160.0,55496.0,57531.0,23201.0,4572.0,31273.0,31787.0
GA,202311,159004.0,159004.0,47079.0,48392.0,13780.0,2701.0,64659.0,64812.0
GA,202312,139906.0,139906.0,49418.0,50605.0,18939.0,4379.0,45388.0,47299.0
GA,202401,119437.0,119437.0,37955.0,39743.0,17507.0,4168.0,39008.0,41717.0
GA,202402,112379.0,112379.0,36202.0,36803.0,17465.0,3343.0,30587.0,32228.0
GA,202403,104793.0,104793.0,35581.0,36490.0,16557.0,1148.0,28008.0,29621.0
GA,202404,333769.0,333769.0,43203.0,43507.0,5460.0,950.0,205804.0,206429.0
GA,202405,215424.0,215424.0,15559.0,15764.0,3368.0,583.0,131723.0,132132.0
GA,202406,220737.0,220737.0,45464.0,46216.0,9386.0,1543.0,106510.0,107458.0
GA,202407,225631.0,225631.0,41340.0,41819.0,15925.0,3703.0,95849.0,97007.0
GA,202408,279409.0,279409.0,45080.0,45560.0,10568.0,3695.0,126378.0,126783.0
GA,202409,232501.0,232501.0,32777.0,33118.0,10605.0,4532.0,100805.0,101807.0
GA,202410,233288.0,233288.0,28277.0,28749.0,13606.0,8306.0,117770.0,118706.0
GA,202411,227468.0,227468.0,38276.0,41397.0,17788.0,5048.0,110415.0,113840.0
GA,202412,224952.0,224952.0,34926.0,35479.0,10504.0,5287.0,114054.0,114867.0
GA,202501,209946.0,209946.0,27381.0,28970.0,11408.0,4645.0,108515.0,109134.0
GA,202502,200774.0,200774.0,32996.0,34698.0,12475.0,5206.0,107564.0,108442.0
GA,202503,216344.0,216344.0,33571.0,35611.0,20372.0,7580.0,109270.0,110175.0
GA,202504,206697.0,206697.0,33154.0,35471.0,20667.0,8454.0,100297.0,101236.0
GA,202505,202397.0,202397.0,28855.0,30369.0,13923.0,5794.0,111928.0,112900.0
GA,202506,203608.0,203608.0,22888.0,24440.0,13818.0,8029.0,107696.0,108184.0
GA,202507,187204.0,187204.0,19560.0,20951.0,13544.0,6810.0,106114.0,106318.0
GA,202508,210782.0,210782.0,31015.0,31880.0,8210.0,3095.0,112634.0,113097.0
GA,202509,210677.0,210677.0,27631.0,28555.0,10134.0,4212.0,114733.0,115018.0
GA,202510,205312.0,205312.0,26696.0,27776.0,12434.0,4391.0,110062.0,110799.0
GA,202511,184750.0,184750.0,24797.0,25543.0,8910.0,4394.0,103114.0,103646.0
GA,202512,211117.0,211117.0,28471.0,29630.0,15061.0,6318.0,109618.0,111082.0
GA,202601,208198.0,208198.0,29610.0,31440.0,16179.0,3544.0,111772.0,113101.0
GA,202602,207977.0,,27726.0,,17747.0,,110968.0,
GA,202603,226863.0,,33103.0,,17591.0,,112823.0,
GA,202604,239136.0,,37973.0,,28405.0,,115648.0,
GA,202605,233202.0,,39391.0,,23688.0,,109209.0,
HI,202303,,,,,,,,
HI,202304,,,,,,,,
HI,202305,40725.0,39822.0,10937.0,10950.0,7340.0,3215.0,16221.0,16242.0
HI,202306,39818.0,38920.0,9271.0,9275.0,7557.0,3081.0,16147.0,16393.0
HI,202307,37833.0,35392.0,7465.0,7511.0,9491.0,3269.0,16130.0,16137.0
HI,202308,37788.0,37226.0,5532.0,5553.0,5664.0,2476.0,21988.0,21989.0
HI,202309,28960.0,28861.0,0.0,0.0,6379.0,3786.0,17151.0,17154.0
HI,202310,19667.0,19667.0,0.0,0.0,0.0,0.0,19646.0,19646.0
HI,202311,17513.0,17513.0,0.0,0.0,0.0,0.0,17501.0,17501.0
HI,202312,13047.0,13047.0,0.0,0.0,0.0,0.0,13040.0,13040.0
HI,202401,14401.0,14401.0,6334.0,6357.0,2370.0,929.0,1385.0,1403.0
HI,202402,18285.0,18285.0,4550.0,4678.0,1846.0,588.0,3344.0,3369.0
HI,202403,22982.0,22982.0,5387.0,5532.0,1910.0,769.0,5205.0,5245.0
HI,202404,39975.0,39975.0,7912.0,8036.0,1557.0,461.0,18089.0,18109.0
HI,202405,78653.0,78653.0,10193.0,10428.0,2076.0,653.0,43335.0,43358.0
HI,202406,69297.0,69297.0,7946.0,8100.0,1408.0,415.0,45498.0,45514.0
HI,202407,74260.0,74260.0,8817.0,9028.0,1343.0,358.0,46062.0,46065.0
HI,202408,32850.0,32850.0,1400.0,1468.0,468.0,164.0,24764.0,24772.0
HI,202409,35272.0,35272.0,1923.0,1993.0,536.0,123.0,22851.0,22857.0
HI,202410,22257.0,22257.0,887.0,915.0,125.0,38.0,19306.0,19309.0
HI,202411,19813.0,19813.0,729.0,736.0,116.0,59.0,17603.0,17604.0
HI,202412,10.0,10.0,0.0,0.0,0.0,0.0,10.0,10.0
HI,202501,26879.0,26879.0,1096.0,1112.0,174.0,64.0,22513.0,22516.0
HI,202502,16614.0,16614.0,429.0,443.0,103.0,61.0,13796.0,13796.0
HI,202503,23780.0,23780.0,1956.0,1989.0,371.0,197.0,16554.0,16572.0
HI,202504,27038.0,27038.0,1908.0,1931.0,171.0,82.0,21401.0,21402.0
HI,202505,41406.0,41406.0,2308.0,2345.0,223.0,94.0,33489.0,33496.0
HI,202506,36856.0,36856.0,1681.0,1717.0,174.0,75.0,31509.0,31511.0
HI,202507,36119.0,36119.0,1648.0,1685.0,162.0,61.0,30910.0,30912.0
HI,202508,36003.0,36003.0,2414.0,2414.0,348.0,348.0,27648.0,27648.0
HI,202509,40547.0,40547.0,3102.0,3228.0,754.0,172.0,27839.0,27844.0
HI,202510,38684.0,38684.0,2896.0,3005.0,581.0,184.0,29647.0,29652.0
HI,202511,36753.0,36753.0,3319.0,3464.0,868.0,251.0,27323.0,27332.0
HI,202512,40422.0,40422.0,3527.0,3672.0,905.0,383.0,29294.0,29301.0
HI,202601,26831.0,26831.0,2241.0,2352.0,712.0,204.0,18514.0,18517.0
HI,202602,18463.0,,2297.0,,761.0,,10444.0,
HI,202603,23602.0,,2291.0,,1018.0,,15329.0,
HI,202604,26046.0,,2527.0,,768.0,,18323.0,
HI,202605,38958.0,,3344.0,,1112.0,,27529.0,
IA,202303,,,,,,,,
IA,202304,94290.0,94290.0,34131.0,30239.0,6371.0,5196.0,17376.0,17615.0
IA,202305,78271.0,78271.0,1234.0,26966.0,42283.0,3350.0,16353.0,16896.0
IA,202306,84961.0,84961.0,2952.0,27991.0,44626.0,3817.0,18188.0,18891.0
IA,202307,88273.0,88273.0,1129.0,25818.0,47774.0,5354.0,22468.0,22789.0
IA,202308,88539.0,88539.0,1333.0,18827.0,42346.0,4828.0,22839.0,23396.0
IA,202309,87049.0,87049.0,952.0,17278.0,43059.0,5222.0,24350.0,24653.0
IA,202310,72233.0,72233.0,1045.0,11704.0,25825.0,1648.0,26367.0,26553.0
IA,202311,65181.0,53222.0,610.0,7332.0,26976.0,519.0,26588.0,26584.0
IA,202312,39377.0,39377.0,492.0,4837.0,29875.0,859.0,840.0,19152.0
IA,202401,63835.0,63835.0,521.0,4328.0,52441.0,891.0,825.0,43267.0
IA,202402,87466.0,87466.0,1520.0,11851.0,63208.0,6792.0,993.0,26156.0
IA,202403,48404.0,48404.0,12358.0,8336.0,6281.0,1274.0,18356.0,18394.0
IA,202404,51050.0,51050.0,8787.0,5823.0,7080.0,1822.0,21731.0,21733.0
IA,202405,48564.0,48564.0,7498.0,6932.0,6172.0,1861.0,22531.0,22546.0
IA,202406,51421.0,51421.0,8688.0,9950.0,4797.0,786.0,25714.0,25725.0
IA,202407,60370.0,59754.0,10641.0,11363.0,7134.0,1781.0,28224.0,28236.0
IA,202408,64381.0,64381.0,9125.0,10256.0,8140.0,1856.0,27535.0,27540.0
IA,202409,65447.0,65447.0,9089.0,10056.0,7326.0,1552.0,28829.0,28834.0
IA,202410,60409.0,60409.0,8907.0,9535.0,4749.0,863.0,30369.0,30379.0
IA,202411,50960.0,50960.0,6509.0,7471.0,3110.0,388.0,27836.0,27949.0
IA,202412,38452.0,38452.0,6211.0,6743.0,2847.0,623.0,20213.0,20261.0
IA,202501,59486.0,59486.0,4909.0,5369.0,3295.0,1043.0,31805.0,31887.0
IA,202502,58552.0,58552.0,8461.0,8922.0,4313.0,1296.0,29597.0,29684.0
IA,202503,43847.0,43847.0,7736.0,8362.0,4238.0,1423.0,20691.0,20695.0
IA,202504,66785.0,66785.0,8605.0,9684.0,9473.0,5261.0,28284.0,28385.0
IA,202505,47527.0,47547.0,6884.0,7553.0,5188.0,2673.0,22104.0,22260.0
IA,202506,50336.0,50336.0,7324.0,7898.0,5072.0,2861.0,24861.0,25023.0
IA,202507,56759.0,56759.0,8573.0,9484.0,7015.0,3751.0,25484.0,25563.0
IA,202508,61485.0,61485.0,6780.0,7841.0,4283.0,880.0,31141.0,31197.0
IA,202509,65844.0,65844.0,7237.0,7922.0,3693.0,1047.0,33291.0,33299.0
IA,202510,60348.0,60348.0,6002.0,6551.0,2841.0,592.0,34099.0,34114.0
IA,202511,55647.0,55647.0,6665.0,7414.0,3870.0,420.0,31383.0,31438.0
IA,202512,42878.0,42878.0,5512.0,6064.0,2938.0,603.0,25294.0,25295.0
IA,202601,55874.0,55874.0,3928.0,4501.0,3138.0,945.0,40708.0,40717.0
IA,202602,56221.0,,4654.0,,8186.0,,30409.0,
IA,202603,44726.0,,4772.0,,2490.0,,26384.0,
IA,202604,58912.0,,6360.0,,3538.0,,33892.0,
IA,202605,47958.0,,5229.0,,2668.0,,27200.0,
ID,202303,25081.0,25081.0,0.0,0.0,0.0,0.0,5386.0,5386.0
ID,202304,51553.0,51549.0,0.0,16314.0,23410.0,0.0,4697.0,4697.0
ID,202305,51008.0,51008.0,26073.0,26073.0,0.0,0.0,3752.0,3752.0
ID,202306,37946.0,37946.0,25330.0,25330.0,0.0,0.0,4482.0,4482.0
ID,202307,35915.0,35915.0,21704.0,22019.0,1583.0,0.0,4880.0,4880.0
ID,202308,49553.0,49553.0,31174.0,31183.0,118.0,0.0,278.0,307.0
ID,202309,17091.0,17091.0,0.0,0.0,0.0,0.0,13271.0,13271.0
ID,202310,17335.0,17335.0,2781.0,2789.0,245.0,0.0,11359.0,11494.0
ID,202311,15159.0,15159.0,2885.0,2939.0,668.0,0.0,8861.0,8973.0
ID,202312,11323.0,11323.0,3348.0,3385.0,468.0,0.0,3232.0,3299.0
ID,202401,19139.0,19139.0,6992.0,7068.0,1097.0,0.0,4444.0,4573.0
ID,202402,15194.0,15194.0,3860.0,3887.0,894.0,0.0,6380.0,6564.0
ID,202403,24012.0,24012.0,4320.0,4859.0,1527.0,0.0,10666.0,10666.0
ID,202404,22097.0,22097.0,4507.0,4577.0,257.0,0.0,9869.0,9869.0
ID,202405,29467.0,29467.0,9197.0,9293.0,353.0,0.0,11605.0,11605.0
ID,202406,23875.0,23875.0,8856.0,8895.0,142.0,0.0,9482.0,9482.0
ID,202407,23702.0,23702.0,8438.0,8481.0,141.0,0.0,9837.0,9837.0
ID,202408,19703.0,19703.0,5485.0,5532.0,177.0,0.0,9516.0,9516.0
ID,202409,23095.0,23095.0,3417.0,3427.0,67.0,0.0,16173.0,16173.0
ID,202410,22636.0,22636.0,3142.0,3181.0,182.0,0.0,16055.0,16055.0
ID,202411,21261.0,21261.0,3231.0,3246.0,114.0,0.0,14787.0,14787.0
ID,202412,14914.0,14914.0,3519.0,3575.0,316.0,0.0,7112.0,7112.0
ID,202501,18249.0,18249.0,4125.0,4222.0,461.0,0.0,8782.0,8782.0
ID,202502,17705.0,17694.0,3640.0,3758.0,534.0,0.0,9026.0,9026.0
ID,202503,21591.0,21585.0,4174.0,4292.0,369.0,0.0,10457.0,10457.0
ID,202504,20630.0,20630.0,3832.0,3917.0,364.0,0.0,10278.0,10278.0
ID,202505,22334.0,22334.0,4749.0,5100.0,678.0,678.0,10832.0,10832.0
ID,202506,18754.0,18754.0,4240.0,4347.0,465.0,0.0,9530.0,9530.0
ID,202507,19464.0,19464.0,4038.0,4038.0,391.0,391.0,10490.0,10490.0
ID,202508,18584.0,18584.0,4116.0,4195.0,243.0,0.0,10054.0,10054.0
ID,202509,23647.0,23647.0,3790.0,3881.0,367.0,367.0,15794.0,15794.0
ID,202510,24027.0,23939.0,3547.0,3572.0,132.0,0.0,16352.0,16352.0
ID,202511,22577.0,22577.0,3918.0,3947.0,81.0,0.0,14815.0,14815.0
ID,202512,17312.0,17267.0,4436.0,4516.0,525.0,525.0,7914.0,7914.0
ID,202601,18161.0,17731.0,3919.0,4006.0,748.0,0.0,8969.0,8969.0
ID,202602,11646.0,,49.0,,23.0,,11063.0,
ID,202603,22141.0,,4348.0,,466.0,,10834.0,
ID,202604,24149.0,,13.0,,58.0,,10812.0,
ID,202605,23849.0,,6039.0,,1165.0,,11049.0,
IL,202303,,,,,,,,
IL,202304,,,,,,,,
IL,202305,,,,,,,,
IL,202306,199040.0,199040.0,4015.0,33613.0,55521.0,7948.0,84184.0,92513.0
IL,202307,350563.0,350563.0,3004.0,58834.0,124351.0,19216.0,125829.0,155098.0
IL,202308,336683.0,336683.0,2011.0,51796.0,115285.0,19561.0,139729.0,156472.0
IL,202309,283579.0,283579.0,1842.0,46950.0,104053.0,15270.0,109688.0,135840.0
IL,202310,293985.0,293985.0,1632.0,46428.0,100108.0,15257.0,129918.0,154361.0
IL,202311,272042.0,272042.0,836.0,49227.0,77461.0,14044.0,160303.0,160303.0
IL,202312,279393.0,279393.0,554.0,49577.0,85648.0,14413.0,166797.0,166797.0
IL,202401,203501.0,203501.0,526.0,36162.0,57444.0,8638.0,117574.0,117574.0
IL,202402,365933.0,365933.0,1243.0,76992.0,119709.0,17045.0,181896.0,181896.0
IL,202403,334519.0,334519.0,1245.0,59981.0,89645.0,12984.0,191296.0,191296.0
IL,202404,281742.0,281742.0,1358.0,55835.0,78664.0,11312.0,155561.0,155561.0
IL,202405,277349.0,277349.0,1260.0,48050.0,70014.0,13116.0,161540.0,161540.0
IL,202406,181997.0,182486.0,11543.0,12033.0,15970.0,10098.0,132429.0,132429.0
IL,202407,273620.0,274329.0,21971.0,25807.0,23590.0,13730.0,196928.0,196928.0
IL,202408,258641.0,258641.0,22889.0,25274.0,17712.0,9265.0,188502.0,188502.0
IL,202409,235611.0,235611.0,24161.0,26112.0,19610.0,10807.0,166251.0,166251.0
IL,202410,238451.0,238451.0,25615.0,27795.0,16880.0,10105.0,162315.0,162315.0
IL,202411,242052.0,242052.0,27179.0,29197.0,18197.0,12427.0,166785.0,166785.0
IL,202412,239868.0,239868.0,29890.0,32008.0,20213.0,10290.0,157426.0,157426.0
IL,202501,174110.0,174110.0,22354.0,24378.0,14774.0,7116.0,110986.0,110986.0
IL,202502,263203.0,263203.0,27707.0,29908.0,30700.0,16892.0,163909.0,163909.0
IL,202503,271250.0,271250.0,29782.0,32220.0,21938.0,11910.0,167339.0,167339.0
IL,202504,225769.0,225769.0,26632.0,28571.0,18760.0,10847.0,140295.0,140295.0
IL,202505,231675.0,231675.0,25891.0,28048.0,17653.0,9771.0,142799.0,142799.0
IL,202506,206377.0,206377.0,25445.0,28088.0,15558.0,8733.0,128591.0,128591.0
IL,202507,255612.0,255612.0,23552.0,25413.0,19693.0,15942.0,166096.0,166096.0
IL,202508,244128.0,244128.0,22472.0,24833.0,17823.0,10253.0,160448.0,160448.0
IL,202509,221017.0,221017.0,26968.0,29861.0,20510.0,10623.0,128752.0,128752.0
IL,202510,213528.0,213528.0,18782.0,20322.0,22480.0,14068.0,138414.0,138414.0
IL,202511,216947.0,216947.0,20391.0,22023.0,20701.0,16740.0,143452.0,143452.0
IL,202512,222861.0,222861.0,26353.0,29309.0,22014.0,10735.0,143827.0,143827.0
IL,202601,163325.0,163325.0,17386.0,19771.0,17938.0,8742.0,102862.0,102862.0
IL,202602,216487.0,,23389.0,,22004.0,,134274.0,
IL,202603,236409.0,,20161.0,,23661.0,,152578.0,
IL,202604,202881.0,,19307.0,,19063.0,,131055.0,
IL,202605,206905.0,,16629.0,,21688.0,,135868.0,
IN,202303,,,,,,,,
IN,202304,157688.0,157688.0,46896.0,52181.0,39611.0,4148.0,40752.0,52488.0
IN,202305,165431.0,165431.0,44107.0,49316.0,45865.0,14978.0,41300.0,50815.0
IN,202306,160155.0,160155.0,30751.0,35487.0,47698.0,12323.0,59317.0,74005.0
IN,202307,149331.0,149331.0,28767.0,33501.0,38081.0,11420.0,59706.0,62685.0
IN,202308,145579.0,145579.0,27216.0,31298.0,35024.0,12727.0,59552.0,61917.0
IN,202309,144513.0,144513.0,27495.0,30927.0,34622.0,14136.0,61236.0,63291.0
IN,202310,136607.0,136607.0,29570.0,32336.0,32749.0,15114.0,54701.0,56359.0
IN,202311,140607.0,140607.0,23332.0,26678.0,33780.0,12821.0,67028.0,69451.0
IN,202312,142698.0,142698.0,23703.0,26776.0,33607.0,14219.0,69214.0,71379.0
IN,202401,132671.0,132671.0,13736.0,21370.0,36484.0,11181.0,65482.0,67352.0
IN,202402,154510.0,154510.0,18281.0,27902.0,43187.0,16145.0,72651.0,74066.0
IN,202403,155314.0,155314.0,9608.0,17884.0,43582.0,4926.0,82215.0,86792.0
IN,202404,115048.0,115048.0,5028.0,7583.0,22372.0,7897.0,72179.0,73176.0
IN,202405,109904.0,109904.0,4056.0,5717.0,17069.0,8230.0,77173.0,78093.0
IN,202406,131415.0,131415.0,4579.0,6485.0,21359.0,10682.0,91452.0,92492.0
IN,202407,122092.0,122092.0,4460.0,6206.0,21114.0,10810.0,82750.0,83990.0
IN,202408,119950.0,119950.0,4768.0,6410.0,20713.0,10863.0,80279.0,81254.0
IN,202409,118765.0,118765.0,4980.0,6929.0,20540.0,9024.0,78918.0,80904.0
IN,202410,115190.0,115190.0,5645.0,7812.0,20818.0,10115.0,75611.0,77632.0
IN,202411,119961.0,119961.0,5126.0,7740.0,21105.0,9069.0,83440.0,84733.0
IN,202412,121798.0,121798.0,5503.0,8596.0,18610.0,6161.0,84731.0,86242.0
IN,202501,113036.0,113036.0,4264.0,6951.0,17766.0,6774.0,77659.0,78765.0
IN,202502,122328.0,122328.0,3973.0,7284.0,22608.0,10050.0,79059.0,80198.0
IN,202503,135635.0,135635.0,19892.0,44708.0,40161.0,6751.0,56598.0,57969.0
IN,202504,110932.0,110932.0,35806.0,39438.0,14164.0,3806.0,47607.0,49134.0
IN,202505,112387.0,112387.0,38156.0,41915.0,14303.0,3073.0,47514.0,49124.0
IN,202506,131954.0,131954.0,42586.0,45470.0,16974.0,6728.0,55226.0,56536.0
IN,202507,121070.0,121070.0,37444.0,40189.0,17190.0,7462.0,48452.0,49527.0
IN,202508,116656.0,116656.0,33723.0,36200.0,17321.0,8215.0,49793.0,50761.0
IN,202509,116660.0,116660.0,55413.0,57801.0,18995.0,9524.0,21577.0,21863.0
IN,202510,112784.0,112784.0,49071.0,51664.0,29404.0,17413.0,20294.0,20522.0
IN,202511,115273.0,115273.0,53293.0,55379.0,28457.0,17489.0,20332.0,20624.0
IN,202512,119279.0,119279.0,54124.0,56197.0,29920.0,18719.0,22621.0,22903.0
IN,202601,108259.0,108259.0,49280.0,51956.0,29969.0,15217.0,19764.0,20053.0
IN,202602,115539.0,,52566.0,,31203.0,,20432.0,
IN,202603,103975.0,,44996.0,,35484.0,,11201.0,
IN,202604,87136.0,,40313.0,,31810.0,,4542.0,
IN,202605,98256.0,,45201.0,,36303.0,,7070.0,
KS,202303,,,,,,,,
KS,202304,69699.0,69699.0,45806.0,46031.0,6197.0,84.0,3009.0,3033.0
KS,202305,69200.0,69200.0,14.0,27143.0,58750.0,8629.0,3459.0,3496.0
KS,202306,68374.0,68374.0,17.0,627.0,60079.0,45838.0,2933.0,2976.0
KS,202307,76442.0,76442.0,85.0,744.0,66785.0,48835.0,3328.0,3376.0
KS,202308,16800.0,16800.0,2.0,2.0,596.0,398.0,16120.0,16250.0
KS,202309,36536.0,36536.0,34.0,3128.0,20898.0,6637.0,11764.0,12561.0
KS,202310,35659.0,35659.0,39.0,3407.0,21413.0,4500.0,10171.0,14409.0
KS,202311,40102.0,40102.0,82.0,3174.0,19702.0,4191.0,15443.0,18188.0
KS,202312,24123.0,24123.0,33.0,2406.0,10021.0,1786.0,10433.0,10820.0
KS,202401,30876.0,30876.0,52.0,2735.0,13942.0,1674.0,11234.0,11668.0
KS,202402,31276.0,31276.0,154.0,2416.0,16393.0,2477.0,10014.0,10014.0
KS,202403,27883.0,27883.0,84.0,2886.0,12892.0,603.0,10132.0,10132.0
KS,202404,40981.0,40981.0,33.0,3515.0,18414.0,1025.0,8822.0,8822.0
KS,202405,20568.0,20568.0,19.0,1464.0,9366.0,469.0,4716.0,4716.0
KS,202406,21095.0,21095.0,16.0,1861.0,9875.0,612.0,5128.0,5128.0
KS,202407,36109.0,36109.0,67.0,2770.0,15822.0,1145.0,8856.0,8856.0
KS,202408,28551.0,28551.0,34.0,953.0,7120.0,460.0,14733.0,14733.0
KS,202409,28515.0,28515.0,14.0,991.0,12004.0,1080.0,8607.0,14000.0
KS,202410,36574.0,36574.0,24.0,1464.0,8811.0,2403.0,16794.0,16794.0
KS,202411,40650.0,40650.0,60.0,1477.0,8562.0,2412.0,19944.0,19944.0
KS,202412,27310.0,27310.0,36.0,1088.0,11289.0,1751.0,8439.0,13139.0
KS,202501,36356.0,36356.0,96.0,2138.0,12158.0,2290.0,14359.0,14359.0
KS,202502,20986.0,20986.0,53.0,922.0,4755.0,491.0,9049.0,9049.0
KS,202503,39321.0,39321.0,113.0,5903.0,14203.0,2031.0,13608.0,13608.0
KS,202504,42542.0,42542.0,36.0,1447.0,11571.0,3745.0,15127.0,15127.0
KS,202505,44881.0,44881.0,39.0,1790.0,12891.0,2829.0,15227.0,15227.0
KS,202506,38257.0,38257.0,2925.0,2930.0,4514.0,2443.0,14690.0,14690.0
KS,202507,31779.0,31779.0,2675.0,2676.0,4669.0,2846.0,11442.0,11442.0
KS,202508,36356.0,36356.0,2407.0,2410.0,5085.0,1851.0,15946.0,17779.0
KS,202509,32956.0,32956.0,2188.0,2188.0,3720.0,2051.0,16017.0,16017.0
KS,202510,34051.0,34051.0,1875.0,1875.0,1438.0,606.0,18880.0,18880.0
KS,202511,39631.0,39631.0,2250.0,2251.0,1485.0,577.0,22218.0,22218.0
KS,202512,30480.0,30480.0,1996.0,1997.0,1281.0,498.0,16277.0,16277.0
KS,202601,33796.0,33796.0,4183.0,4185.0,1241.0,343.0,15260.0,15260.0
KS,202602,25992.0,,1948.0,,733.0,,11883.0,
KS,202603,30165.0,,1943.0,,1394.0,,15421.0,
KS,202604,36241.0,,2158.0,,1462.0,,16944.0,
KS,202605,38980.0,,2180.0,,1693.0,,17999.0,
KY,202303,,,,,,,,
KY,202304,,,,,,,,
KY,202305,80673.0,80673.0,24720.0,25655.0,9367.0,6708.0,26835.0,26835.0
KY,202306,89275.0,82606.0,29119.0,29016.0,12007.0,7403.0,29811.0,29721.0
KY,202307,54975.0,54975.0,13718.0,14104.0,7587.0,6300.0,22081.0,22081.0
KY,202308,54344.0,54344.0,12192.0,12466.0,7386.0,6322.0,23060.0,23060.0
KY,202309,150985.0,150985.0,882.0,884.0,54100.0,53210.0,67463.0,68190.0
KY,202310,155003.0,155003.0,69.0,72.0,52536.0,49692.0,71904.0,74558.0
KY,202311,32097.0,31863.0,16.0,16.0,7701.0,7434.0,20088.0,20088.0
KY,202312,30705.0,30705.0,9.0,9.0,572.0,570.0,27029.0,27031.0
KY,202401,121236.0,79053.0,38.0,44.0,42589.0,384.0,65095.0,65095.0
KY,202402,93004.0,93004.0,23.0,23.0,18087.0,18086.0,57801.0,57801.0
KY,202403,97962.0,97962.0,1793.0,1793.0,19672.0,19600.0,62029.0,62029.0
KY,202404,103265.0,103265.0,7471.0,7471.0,17208.0,16982.0,60091.0,60091.0
KY,202405,94705.0,94705.0,30125.0,30125.0,5710.0,4894.0,42747.0,42747.0
KY,202406,58959.0,58959.0,11974.0,11974.0,4436.0,4435.0,38037.0,38037.0
KY,202407,40719.0,40719.0,280.0,280.0,3496.0,3496.0,32781.0,32781.0
KY,202408,36136.0,36136.0,40.0,40.0,3334.0,3332.0,28920.0,28920.0
KY,202409,52369.0,52369.0,38.0,39.0,5302.0,5301.0,41657.0,41657.0
KY,202410,61174.0,61174.0,32.0,32.0,6802.0,6799.0,46900.0,46900.0
KY,202411,38540.0,38540.0,67.0,67.0,7112.0,7107.0,22024.0,22024.0
KY,202412,38604.0,38604.0,21.0,21.0,4550.0,4549.0,30638.0,30638.0
KY,202501,70736.0,70736.0,18.0,18.0,7503.0,7502.0,55609.0,55609.0
KY,202502,67936.0,67936.0,15.0,16.0,6561.0,6558.0,54681.0,54681.0
KY,202503,76683.0,76683.0,15.0,15.0,7855.0,7855.0,61144.0,61144.0
KY,202504,75162.0,75162.0,24.0,24.0,8763.0,8763.0,58317.0,58317.0
KY,202505,54344.0,54344.0,21.0,21.0,6556.0,6556.0,41702.0,41702.0
KY,202506,43078.0,43078.0,6.0,6.0,4524.0,4523.0,34566.0,34566.0
KY,202507,48216.0,48216.0,3546.0,3651.0,412.0,0.0,36360.0,36360.0
KY,202508,46202.0,46202.0,3144.0,3197.0,271.0,0.0,35608.0,35608.0
KY,202509,90922.0,90922.0,7812.0,7983.0,660.0,1.0,70502.0,70502.0
KY,202510,120126.0,120126.0,14291.0,14669.0,2794.0,1893.0,87161.0,87284.0
KY,202511,61033.0,61033.0,1651.0,4735.0,5531.0,947.0,49390.0,49506.0
KY,202512,66573.0,66573.0,5230.0,5333.0,314.0,3.0,54962.0,54970.0
KY,202601,153237.0,153237.0,15738.0,15929.0,792.0,20.0,117179.0,117194.0
KY,202602,139700.0,,13427.0,,758.0,,108463.0,
KY,202603,158568.0,,14758.0,,1068.0,,122481.0,
KY,202604,154822.0,,13396.0,,915.0,,119284.0,
KY,202605,91933.0,,10346.0,,446.0,,70076.0,
LA,202303,,,,,,,,
LA,202304,,,,,,,,
LA,202305,,,,,,,,
LA,202306,146892.0,146892.0,37697.0,38405.0,5115.0,356.0,69527.0,69527.0
LA,202307,151564.0,151564.0,44406.0,45404.0,4314.0,117.0,75596.0,75596.0
LA,202308,151428.0,151428.0,40508.0,41610.0,5568.0,134.0,73364.0,73364.0
LA,202309,142894.0,142894.0,38455.0,39764.0,6065.0,124.0,69401.0,69401.0
LA,202310,165628.0,165628.0,31933.0,32925.0,5294.0,271.0,97859.0,97859.0
LA,202311,119971.0,119971.0,32597.0,33717.0,5502.0,237.0,51333.0,51333.0
LA,202312,172237.0,172237.0,40862.0,42378.0,8544.0,182.0,88615.0,88615.0
LA,202401,129035.0,129035.0,35202.0,36419.0,7152.0,448.0,59506.0,59506.0
LA,202402,155594.0,155594.0,34278.0,35799.0,6592.0,240.0,82257.0,82257.0
LA,202403,161060.0,161060.0,37247.0,38466.0,5750.0,213.0,84430.0,84430.0
LA,202404,193060.0,193060.0,40559.0,41818.0,5300.0,288.0,107282.0,107282.0
LA,202405,177959.0,177959.0,40104.0,40872.0,4063.0,212.0,96656.0,96656.0
LA,202406,109054.0,109054.0,10862.0,11309.0,3276.0,100.0,79575.0,79575.0
LA,202407,111275.0,111275.0,12779.0,13487.0,5039.0,197.0,75240.0,75240.0
LA,202408,103637.0,103637.0,10705.0,11350.0,4228.0,172.0,72691.0,72691.0
LA,202409,100328.0,100328.0,12177.0,12773.0,4421.0,179.0,68571.0,68571.0
LA,202410,126446.0,126446.0,13931.0,14589.0,4666.0,223.0,87269.0,87269.0
LA,202411,80951.0,80951.0,11463.0,11943.0,3788.0,200.0,52675.0,52675.0
LA,202412,124009.0,124009.0,15209.0,16107.0,6505.0,317.0,87724.0,87724.0
LA,202501,96196.0,96196.0,12507.0,13315.0,6131.0,295.0,63890.0,63890.0
LA,202502,127872.0,127872.0,18026.0,19096.0,6849.0,291.0,85474.0,85474.0
LA,202503,121515.0,121515.0,10238.0,11063.0,5124.0,268.0,93636.0,93636.0
LA,202504,148454.0,148454.0,20888.0,22104.0,7014.0,366.0,96179.0,96179.0
LA,202505,131689.0,131689.0,19048.0,20033.0,7409.0,325.0,83452.0,83452.0
LA,202506,108675.0,108675.0,19556.0,20470.0,6761.0,283.0,60487.0,60487.0
LA,202507,106875.0,106875.0,18143.0,19174.0,6138.0,208.0,58734.0,58734.0
LA,202508,99575.0,99575.0,14380.0,15105.0,4641.0,226.0,60340.0,60340.0
LA,202509,99418.0,99418.0,20664.0,21695.0,6873.0,444.0,46727.0,46727.0
LA,202510,118283.0,118283.0,24693.0,25706.0,7797.0,843.0,51296.0,51296.0
LA,202511,80827.0,80827.0,20795.0,21633.0,7469.0,1421.0,33083.0,33083.0
LA,202512,115141.0,115141.0,2657.0,3894.0,12224.0,3054.0,54061.0,54061.0
LA,202601,90934.0,90934.0,21761.0,23891.0,14017.0,2778.0,39341.0,39341.0
LA,202602,143411.0,,46036.0,,21996.0,,49252.0,
LA,202603,108555.0,,23644.0,,16545.0,,43328.0,
LA,202604,129160.0,,29468.0,,19085.0,,53461.0,
LA,202605,111446.0,,25044.0,,17380.0,,46111.0,
MA,202303,,,,,,,,
MA,202304,,,,,,,,
MA,202305,29953.0,44706.0,0.0,9122.0,,476.0,18846.0,5101.0
MA,202306,82084.0,91769.0,6062.0,38911.0,,470.0,49344.0,15829.0
MA,202307,61424.0,96563.0,29766.0,20542.0,,118.0,35392.0,38317.0
MA,202308,154548.0,154548.0,52494.0,56277.0,13721.0,683.0,46842.0,46842.0
MA,202309,123681.0,123681.0,48736.0,57647.0,17375.0,193.0,19283.0,19283.0
MA,202310,299095.0,299095.0,76896.0,77264.0,11951.0,248.0,117261.0,117261.0
MA,202311,125118.0,125118.0,53041.0,53277.0,3181.0,23.0,32819.0,32819.0
MA,202312,94780.0,94780.0,13237.0,20174.0,16144.0,29.0,42395.0,42395.0
MA,202401,138528.0,138528.0,38767.0,38785.0,54.0,0.0,45833.0,45833.0
MA,202402,84408.0,84408.0,20608.0,20608.0,90.0,0.0,36171.0,36171.0
MA,202403,183928.0,183928.0,44358.0,44454.0,1323.0,3.0,73783.0,73783.0
MA,202404,128352.0,128352.0,12548.0,12671.0,1678.0,1.0,89486.0,89486.0
MA,202405,88399.0,88399.0,7204.0,7451.0,2416.0,23.0,61882.0,61882.0
MA,202406,47958.0,47958.0,2371.0,2376.0,761.0,0.0,38366.0,38366.0
MA,202407,48463.0,48463.0,1801.0,1808.0,100.0,0.0,40043.0,40043.0
MA,202408,69473.0,69473.0,754.0,3558.0,7102.0,0.0,54098.0,54098.0
MA,202409,82888.0,82888.0,13740.0,13745.0,64.0,0.0,49064.0,49064.0
MA,202410,109532.0,109532.0,16928.0,16929.0,186.0,0.0,27471.0,27471.0
MA,202411,108476.0,108476.0,2558.0,9320.0,13205.0,0.0,63536.0,63536.0
MA,202412,59347.0,59347.0,7932.0,7950.0,196.0,0.0,39553.0,39553.0
MA,202501,125006.0,125006.0,3361.0,14915.0,24409.0,0.0,71950.0,71950.0
MA,202502,73609.0,73609.0,813.0,10821.0,14801.0,1.0,44528.0,44528.0
MA,202503,77216.0,77216.0,2146.0,14194.0,15386.0,0.0,46271.0,46271.0
MA,202504,125320.0,125320.0,18077.0,18077.0,956.0,0.0,81813.0,81813.0
MA,202505,92833.0,125320.0,9355.0,18077.0,102.0,0.0,69844.0,81813.0
MA,202506,102098.0,102098.0,22595.0,22595.0,1205.0,860.0,55516.0,55516.0
MA,202507,50551.0,50551.0,8709.0,8709.0,1033.0,507.0,31639.0,31639.0
MA,202508,94534.0,94534.0,20689.0,20689.0,790.0,389.0,52938.0,52938.0
MA,202509,85211.0,85211.0,16676.0,16679.0,414.0,266.0,43282.0,43282.0
MA,202510,104160.0,104160.0,18133.0,18134.0,1592.0,725.0,46919.0,46919.0
MA,202511,90667.0,90667.0,13853.0,13854.0,3839.0,3056.0,55076.0,55076.0
MA,202512,111210.0,111210.0,12640.0,12641.0,6252.0,5401.0,72961.0,72961.0
MA,202601,87964.0,87964.0,11333.0,11334.0,2220.0,2130.0,59329.0,59329.0
MA,202602,150458.0,,23884.0,,2837.0,,83169.0,
MA,202603,248454.0,,35625.0,,1510.0,,149701.0,
MA,202604,153865.0,,20453.0,,973.0,,96715.0,
MA,202605,142436.0,,13584.0,,1017.0,,102985.0,
MD,202303,,,,,,,,
MD,202304,,,,,,,,
MD,202305,119803.0,117098.0,24643.0,24643.0,9024.0,1411.0,56168.0,56164.0
MD,202306,134593.0,137459.0,17075.0,17075.0,7632.0,2782.0,71049.0,71252.0
MD,202307,148184.0,145496.0,24326.0,23621.0,14770.0,4081.0,65303.0,65199.0
MD,202308,113836.0,115313.0,0.0,0.0,8540.0,4581.0,69032.0,68990.0
MD,202309,113169.0,115491.0,0.0,0.0,10144.0,5994.0,63185.0,63321.0
MD,202310,117751.0,118505.0,0.0,0.0,6868.0,3845.0,69029.0,69561.0
MD,202311,158602.0,147945.0,34342.0,34342.0,22493.0,3243.0,78424.0,78540.0
MD,202312,160846.0,157954.0,51249.0,51249.0,8198.0,2462.0,82457.0,82457.0
MD,202401,126913.0,123775.0,28336.0,28336.0,7717.0,2319.0,74476.0,74476.0
MD,202402,121762.0,121762.0,27493.0,29788.0,5775.0,1933.0,73635.0,73635.0
MD,202403,101025.0,101025.0,17548.0,21484.0,7495.0,2197.0,62683.0,62683.0
MD,202404,103539.0,103539.0,20127.0,22067.0,5088.0,1891.0,64455.0,64455.0
MD,202405,117828.0,119823.0,36080.0,36348.0,4345.0,1869.0,53588.0,53588.0
MD,202406,118542.0,118542.0,29880.0,29981.0,3724.0,2258.0,62481.0,62481.0
MD,202407,134211.0,134211.0,35783.0,35922.0,4333.0,1708.0,65179.0,65179.0
MD,202408,130629.0,130629.0,35333.0,35343.0,3918.0,1118.0,59347.0,59347.0
MD,202409,129104.0,129104.0,36665.0,36823.0,4772.0,1650.0,58965.0,58965.0
MD,202410,101283.0,101283.0,29379.0,29431.0,3323.0,1101.0,49262.0,49262.0
MD,202411,142491.0,142491.0,41317.0,41548.0,4882.0,1553.0,64836.0,64836.0
MD,202412,128322.0,128322.0,41640.0,41809.0,5022.0,1217.0,58682.0,58682.0
MD,202501,107487.0,107487.0,34947.0,35166.0,4759.0,1077.0,47852.0,47852.0
MD,202502,99340.0,99340.0,33099.0,33334.0,4364.0,1098.0,43386.0,43386.0
MD,202503,92804.0,92804.0,28301.0,28520.0,3803.0,1060.0,41525.0,41525.0
MD,202504,94536.0,94536.0,28043.0,28222.0,2907.0,947.0,43051.0,43051.0
MD,202505,89496.0,89496.0,20241.0,20439.0,3180.0,996.0,45180.0,45180.0
MD,202506,101722.0,101722.0,23005.0,23224.0,3178.0,1109.0,52536.0,52536.0
MD,202507,111452.0,111452.0,21940.0,22142.0,3843.0,1234.0,59110.0,59110.0
MD,202508,108942.0,108942.0,20967.0,21075.0,3241.0,1047.0,61156.0,61156.0
MD,202509,112025.0,112025.0,23501.0,23820.0,4186.0,1279.0,57256.0,57256.0
MD,202510,98021.0,98021.0,21313.0,21419.0,3009.0,866.0,53476.0,53476.0
MD,202511,123004.0,123004.0,26820.0,27208.0,5090.0,1585.0,64261.0,64261.0
MD,202512,115503.0,115503.0,28250.0,28510.0,4445.0,1249.0,60214.0,60214.0
MD,202601,96692.0,96692.0,19160.0,19292.0,3637.0,1202.0,52383.0,52383.0
MD,202602,89169.0,,20452.0,,3608.0,,46844.0,
MD,202603,90024.0,,21102.0,,3955.0,,45729.0,
MD,202604,89153.0,,20430.0,,3184.0,,45603.0,
MD,202605,87728.0,,20173.0,,2847.0,,46113.0,
ME,202303,,,,,,,,
ME,202304,,,,,,,,
ME,202305,28773.0,22545.0,415.0,642.0,18087.0,269.0,0.0,0.0
ME,202306,31957.0,21928.0,404.0,1000.0,22321.0,374.0,0.0,2.0
ME,202307,33196.0,26408.0,263.0,844.0,20344.0,318.0,0.0,2.0
ME,202308,35239.0,30915.0,286.0,710.0,16144.0,419.0,7562.0,7695.0
ME,202309,41506.0,41894.0,0.0,684.0,20128.0,7326.0,9278.0,9409.0
ME,202310,42965.0,43356.0,280.0,651.0,20016.0,8842.0,12371.0,12629.0
ME,202311,37249.0,37557.0,347.0,505.0,17521.0,7375.0,11473.0,11649.0
ME,202312,36945.0,36379.0,86.0,174.0,20022.0,5689.0,8951.0,8980.0
ME,202401,36359.0,35861.0,61.0,182.0,19254.0,7339.0,9121.0,9143.0
ME,202402,41879.0,41483.0,78.0,392.0,21411.0,6028.0,9085.0,9099.0
ME,202403,36493.0,39719.0,279.0,50.0,10622.0,5586.0,8400.0,9712.0
ME,202404,33640.0,37879.0,236.0,58.0,7407.0,5036.0,7470.0,9321.0
ME,202405,23451.0,28431.0,301.0,161.0,1082.0,2031.0,1063.0,7508.0
ME,202406,20267.0,22139.0,35.0,164.0,602.0,1419.0,7666.0,7666.0
ME,202407,28463.0,28485.0,900.0,678.0,841.0,123.0,20367.0,20367.0
ME,202408,64281.0,64311.0,16524.0,15008.0,2981.0,1812.0,33945.0,33953.0
ME,202409,44778.0,44809.0,6075.0,5445.0,1189.0,277.0,30300.0,30311.0
ME,202410,43924.0,43974.0,5049.0,4320.0,1462.0,665.0,29866.0,29874.0
ME,202411,32089.0,32139.0,2039.0,1516.0,1295.0,187.0,23049.0,23061.0
ME,202412,33209.0,33261.0,1632.0,1143.0,1963.0,199.0,24898.0,24915.0
ME,202501,31007.0,31047.0,1468.0,1156.0,1779.0,203.0,23163.0,23165.0
ME,202502,35163.0,35221.0,2266.0,1461.0,1079.0,197.0,27062.0,27075.0
ME,202503,32376.0,32436.0,2316.0,1392.0,1158.0,242.0,25198.0,25217.0
ME,202504,31138.0,31153.0,2352.0,1400.0,897.0,250.0,24592.0,24601.0
ME,202505,28559.0,28593.0,1289.0,907.0,846.0,165.0,23175.0,23184.0
ME,202506,23166.0,23190.0,1167.0,841.0,906.0,167.0,18537.0,18543.0
ME,202507,29918.0,29948.0,1447.0,1116.0,2370.0,748.0,24302.0,24308.0
ME,202508,37475.0,37527.0,2365.0,1822.0,2911.0,433.0,30880.0,30892.0
ME,202509,36775.0,36825.0,1815.0,1364.0,3230.0,367.0,30025.0,30040.0
ME,202510,37034.0,37089.0,2160.0,1761.0,2835.0,528.0,29923.0,29938.0
ME,202511,30407.0,30489.0,3169.0,2392.0,3112.0,293.0,22355.0,22380.0
ME,202512,32009.0,32070.0,2686.0,1985.0,3537.0,320.0,24199.0,24217.0
ME,202601,27987.0,28032.0,2385.0,1807.0,3283.0,301.0,20841.0,20852.0
ME,202602,32801.0,,2452.0,,3713.0,,24947.0,
ME,202603,30741.0,,3469.0,,2988.0,,22977.0,
ME,202604,30186.0,,2117.0,,3514.0,,22996.0,
ME,202605,28368.0,,1976.0,,3096.0,,21942.0,
MI,202303,,,,,,,,
MI,202304,,,,,,,,
MI,202305,,,,,,,,
MI,202306,215712.0,215712.0,2221.0,65796.0,100161.0,586.0,73084.0,73084.0
MI,202307,255861.0,255861.0,1779.0,83168.0,123744.0,397.0,81339.0,81339.0
MI,202308,260286.0,260286.0,2336.0,76571.0,98109.0,502.0,83143.0,83143.0
MI,202309,252110.0,252110.0,1987.0,69275.0,95506.0,325.0,92077.0,92077.0
MI,202310,270307.0,270307.0,2806.0,67792.0,85795.0,272.0,97378.0,97378.0
MI,202311,231036.0,231036.0,2025.0,65890.0,74795.0,147.0,86275.0,86275.0
MI,202312,248425.0,248425.0,1574.0,67990.0,97657.0,690.0,93137.0,93137.0
MI,202401,221357.0,221357.0,1698.0,65417.0,78185.0,656.0,83989.0,83989.0
MI,202402,253683.0,241730.0,2032.0,76543.0,96699.0,475.0,92075.0,92075.0
MI,202403,267236.0,267236.0,2203.0,85353.0,108190.0,484.0,96999.0,96999.0
MI,202404,251071.0,251071.0,2579.0,82123.0,95070.0,713.0,86439.0,86439.0
MI,202405,251071.0,251071.0,1954.0,78943.0,94723.0,1293.0,96946.0,96946.0
MI,202406,133432.0,133432.0,666.0,16286.0,24876.0,2005.0,85047.0,85047.0
MI,202407,166969.0,166969.0,827.0,19267.0,35131.0,3523.0,102304.0,102304.0
MI,202408,190512.0,190512.0,1039.0,26481.0,41041.0,2364.0,112532.0,112532.0
MI,202409,221741.0,221741.0,1433.0,32488.0,51486.0,1774.0,124972.0,124972.0
MI,202410,223454.0,223454.0,1456.0,33037.0,48696.0,1085.0,131257.0,131257.0
MI,202411,179364.0,179364.0,848.0,29298.0,43071.0,446.0,105489.0,105489.0
MI,202412,178892.0,178892.0,842.0,32447.0,48696.0,882.0,102015.0,102015.0
MI,202501,181338.0,181338.0,1142.0,30099.0,45391.0,1649.0,98547.0,98547.0
MI,202502,189013.0,189013.0,1310.0,30810.0,42460.0,2257.0,106273.0,106273.0
MI,202503,208069.0,208069.0,1701.0,33187.0,42540.0,747.0,115926.0,115926.0
MI,202504,201667.0,201667.0,2026.0,33207.0,39088.0,1206.0,109831.0,109831.0
MI,202505,193647.0,193647.0,1719.0,1719.0,40827.0,40827.0,108899.0,108899.0
MI,202506,162412.0,162412.0,941.0,29263.0,30727.0,2179.0,104854.0,93832.0
MI,202507,187844.0,187844.0,1260.0,21048.0,35515.0,1836.0,111287.0,111287.0
MI,202508,204489.0,204489.0,1512.0,22923.0,35261.0,2134.0,121818.0,121818.0
MI,202509,209902.0,209902.0,28105.0,28924.0,8963.0,2388.0,129052.0,129052.0
MI,202510,173966.0,173966.0,24875.0,25193.0,8998.0,2348.0,101808.0,101808.0
MI,202511,175186.0,175186.0,28169.0,28311.0,8704.0,2284.0,104961.0,104961.0
MI,202512,182893.0,182893.0,29430.0,30779.0,16428.0,2222.0,103847.0,103847.0
MI,202601,178917.0,178917.0,27035.0,27988.0,14536.0,2397.0,104840.0,104840.0
MI,202602,193979.0,,25478.0,,16505.0,,114784.0,
MI,202603,198401.0,,27937.0,,13068.0,,108085.0,
MI,202604,176751.0,,27555.0,,9587.0,,102638.0,
MI,202605,160428.0,,24350.0,,8704.0,,83222.0,
MN,202303,,,,,,,,
MN,202304,,,,,,,,
MN,202305,,,,,,,,
MN,202306,97220.0,97960.0,0.0,28841.0,43178.0,622.0,11996.0,12031.0
MN,202307,107398.0,107398.0,590.0,33971.0,42426.0,574.0,23915.0,23926.0
MN,202308,99192.0,99192.0,598.0,34817.0,41150.0,594.0,21933.0,21942.0
MN,202309,102141.0,102141.0,795.0,42622.0,46878.0,710.0,23599.0,23600.0
MN,202310,122937.0,122937.0,737.0,37008.0,63723.0,846.0,23985.0,24044.0
MN,202311,140304.0,140304.0,771.0,47879.0,74962.0,621.0,32065.0,32412.0
MN,202312,138782.0,135786.0,805.0,26755.0,35943.0,22.0,58999.0,59526.0
MN,202401,111809.0,111809.0,21788.0,21798.0,1559.0,0.0,51460.0,51827.0
MN,202402,121053.0,121053.0,21752.0,22305.0,2449.0,0.0,55757.0,56119.0
MN,202403,116710.0,116710.0,18037.0,18037.0,0.0,0.0,66732.0,66732.0
MN,202404,107898.0,107898.0,15874.0,15874.0,0.0,0.0,63455.0,63455.0
MN,202405,106157.0,106157.0,18050.0,18050.0,0.0,0.0,69719.0,69719.0
MN,202406,72654.0,72654.0,7803.0,7803.0,0.0,0.0,51554.0,51554.0
MN,202407,81407.0,81407.0,10437.0,10437.0,0.0,0.0,60068.0,60068.0
MN,202408,80796.0,80839.0,8984.0,12707.0,0.0,0.0,57965.0,57496.0
MN,202409,82644.0,82683.0,14775.0,14447.0,0.0,0.0,57241.0,57254.0
MN,202410,93870.0,93868.0,14662.0,14322.0,0.0,0.0,66358.0,66353.0
MN,202411,106877.0,106877.0,19377.0,19377.0,0.0,0.0,74776.0,74776.0
MN,202412,119980.0,119980.0,21881.0,21881.0,0.0,0.0,83812.0,83812.0
MN,202501,98928.0,98928.0,14809.0,14809.0,0.0,0.0,70457.0,70457.0
MN,202502,104940.0,104940.0,16985.0,16985.0,0.0,0.0,75072.0,75072.0
MN,202503,96902.0,96902.0,13082.0,13082.0,0.0,0.0,72802.0,72802.0
MN,202504,92189.0,92189.0,11289.0,11289.0,0.0,0.0,70419.0,70419.0
MN,202505,87597.0,87597.0,10864.0,10864.0,0.0,0.0,66790.0,66790.0
MN,202506,73958.0,73958.0,7437.0,7437.0,0.0,0.0,58571.0,58571.0
MN,202507,85225.0,85225.0,8331.0,8331.0,0.0,0.0,67332.0,67332.0
MN,202508,81597.0,81597.0,8518.0,8518.0,0.0,0.0,64610.0,64610.0
MN,202509,83723.0,83723.0,12690.0,12690.0,0.0,0.0,60245.0,60245.0
MN,202510,93891.0,93891.0,12870.0,12870.0,0.0,0.0,67551.0,67551.0
MN,202511,104330.0,104330.0,15076.0,15076.0,0.0,0.0,75229.0,75229.0
MN,202512,112113.0,112113.0,18601.0,18601.0,0.0,0.0,80079.0,80079.0
MN,202601,93453.0,93453.0,15136.0,15136.0,0.0,0.0,66189.0,66189.0
MN,202602,97846.0,,15203.0,,0.0,,70387.0,
MN,202603,95055.0,,14243.0,,0.0,,67157.0,
MN,202604,90705.0,,14137.0,,0.0,,63807.0,
MN,202605,87793.0,,13353.0,,0.0,,61277.0,
MO,202303,,,,,,,,
MO,202304,,,,,,,,
MO,202305,,,,,,,,
MO,202306,116617.0,116617.0,23341.0,23932.0,34124.0,22582.0,37617.0,38613.0
MO,202307,106103.0,106103.0,16632.0,18104.0,18018.0,10179.0,56718.0,59267.0
MO,202308,113920.0,113920.0,23461.0,23569.0,19421.0,13935.0,52106.0,52634.0
MO,202309,102635.0,102635.0,23270.0,23492.0,23245.0,15355.0,44139.0,44756.0
MO,202310,107020.0,107020.0,19373.0,20072.0,29831.0,23497.0,42237.0,43602.0
MO,202311,98816.0,98816.0,16097.0,16354.0,25919.0,21697.0,48169.0,48991.0
MO,202312,120361.0,120361.0,21850.0,22167.0,30775.0,25732.0,55823.0,56746.0
MO,202401,121361.0,121658.0,23328.0,23757.0,41704.0,22438.0,42258.0,57927.0
MO,202402,111865.0,111865.0,21516.0,21675.0,25714.0,19618.0,51590.0,52281.0
MO,202403,149898.0,149898.0,16842.0,17084.0,31343.0,22010.0,72968.0,74081.0
MO,202404,108519.0,108519.0,24082.0,24399.0,19234.0,13085.0,53728.0,54547.0
MO,202405,120323.0,120323.0,40731.0,41254.0,18170.0,13546.0,50050.0,50056.0
MO,202406,78194.0,78194.0,14188.0,14287.0,12194.0,10744.0,46778.0,46782.0
MO,202407,75429.0,75429.0,19415.0,19613.0,12705.0,10862.0,38785.0,38787.0
MO,202408,88200.0,88200.0,20754.0,20985.0,17331.0,14956.0,45066.0,45070.0
MO,202409,80728.0,80728.0,21980.0,22122.0,14364.0,13136.0,38953.0,38969.0
MO,202410,100383.0,100383.0,24874.0,25121.0,18793.0,16711.0,48776.0,48794.0
MO,202411,115554.0,115554.0,31456.0,31840.0,22395.0,18914.0,53930.0,53940.0
MO,202412,93775.0,93781.0,23250.0,23507.0,15803.0,14114.0,48238.0,48247.0
MO,202501,128244.0,128244.0,40923.0,41206.0,27595.0,24852.0,52223.0,52240.0
MO,202502,110137.0,110137.0,36063.0,36189.0,18727.0,16138.0,49784.0,49796.0
MO,202503,150464.0,150464.0,37364.0,37500.0,16470.0,14039.0,73013.0,73021.0
MO,202504,99029.0,99029.0,21114.0,21282.0,24881.0,19125.0,47590.0,47592.0
MO,202505,105066.0,105066.0,21025.0,21431.0,25223.0,22528.0,53051.0,53065.0
MO,202506,81593.0,81593.0,14738.0,14847.0,17566.0,15731.0,44634.0,44656.0
MO,202507,80251.0,80251.0,14379.0,14554.0,16560.0,13425.0,43401.0,43403.0
MO,202508,88992.0,88992.0,16127.0,16392.0,17562.0,15552.0,48655.0,48665.0
MO,202509,78709.0,78709.0,14185.0,14305.0,14640.0,13389.0,44589.0,44593.0
MO,202510,98748.0,98748.0,16185.0,16339.0,19066.0,16197.0,56547.0,56559.0
MO,202511,109064.0,109064.0,17639.0,17877.0,23173.0,19574.0,60951.0,60952.0
MO,202512,94822.0,94822.0,16126.0,16335.0,19091.0,13729.0,53425.0,55418.0
MO,202601,118813.0,118813.0,21625.0,22364.0,26508.0,14130.0,60628.0,63619.0
MO,202602,102702.0,,18793.0,,22726.0,,54247.0,
MO,202603,135791.0,,25948.0,,27723.0,,71869.0,
MO,202604,95192.0,,17866.0,,18194.0,,51763.0,
MO,202605,98181.0,,15188.0,,17262.0,,57639.0,
MS,202303,,,,,,,,
MS,202304,,,,,,,,
MS,202305,,,,,,,,
MS,202306,67695.0,67695.0,23568.0,23843.0,5258.0,1504.0,11740.0,11958.0
MS,202307,75110.0,75110.0,17880.0,18205.0,15574.0,4963.0,12188.0,13969.0
MS,202308,70069.0,70069.0,12918.0,13319.0,18008.0,5689.0,10817.0,13012.0
MS,202309,68592.0,68592.0,9594.0,9982.0,24215.0,7841.0,11107.0,13924.0
MS,202310,57118.0,57118.0,6152.0,6371.0,18041.0,8385.0,10835.0,12587.0
MS,202311,54046.0,54046.0,5004.0,5547.0,18679.0,4040.0,10502.0,12872.0
MS,202312,57616.0,57616.0,546.0,1633.0,42531.0,26513.0,4726.0,7442.0
MS,202401,48627.0,48627.0,3660.0,4198.0,17736.0,3279.0,9717.0,12163.0
MS,202402,51102.0,51102.0,4072.0,4873.0,19364.0,2061.0,8289.0,11171.0
MS,202403,53690.0,53690.0,7739.0,8507.0,6962.0,35.0,12076.0,13298.0
MS,202404,49920.0,49920.0,7660.0,8261.0,9544.0,5.0,9542.0,10865.0
MS,202405,45721.0,45721.0,7635.0,8044.0,4062.0,3.0,9633.0,10199.0
MS,202406,49409.0,49409.0,5503.0,5511.0,238.0,0.0,13384.0,13432.0
MS,202407,53505.0,53505.0,7016.0,7036.0,95.0,0.0,20906.0,20914.0
MS,202408,49072.0,49072.0,6496.0,6497.0,27.0,0.0,19962.0,19962.0
MS,202409,48057.0,48057.0,6569.0,6569.0,25.0,0.0,20541.0,20547.0
MS,202410,41704.0,41704.0,6230.0,6230.0,13.0,0.0,19290.0,19291.0
MS,202411,39479.0,39479.0,6531.0,6532.0,17.0,0.0,18254.0,18254.0
MS,202412,34247.0,34247.0,5974.0,5974.0,13.0,1.0,14916.0,14916.0
MS,202501,34881.0,34881.0,5854.0,5856.0,18.0,2.0,15094.0,15095.0
MS,202502,44438.0,44438.0,7005.0,7005.0,12.0,0.0,18954.0,18957.0
MS,202503,44794.0,44794.0,7396.0,7396.0,20.0,0.0,13931.0,13931.0
MS,202504,41486.0,41486.0,6905.0,6905.0,9.0,0.0,13921.0,13923.0
MS,202505,39835.0,39835.0,6174.0,6174.0,11.0,2.0,15411.0,15411.0
MS,202506,52478.0,52478.0,7059.0,7059.0,22.0,0.0,25558.0,25558.0
MS,202507,51568.0,51568.0,4502.0,4503.0,24.0,2.0,19696.0,19696.0
MS,202508,45793.0,45793.0,6395.0,6395.0,14.0,0.0,21994.0,21994.0
MS,202509,48384.0,48384.0,5984.0,5986.0,27.0,2.0,20431.0,20431.0
MS,202510,42365.0,42365.0,5273.0,5274.0,26.0,1.0,22098.0,22098.0
MS,202511,40056.0,40056.0,4749.0,4750.0,13.0,0.0,22436.0,22436.0
MS,202512,35583.0,35583.0,4823.0,4823.0,25.0,1.0,19258.0,19258.0
MS,202601,37877.0,37877.0,4837.0,4837.0,12.0,1.0,19843.0,19843.0
MS,202602,43843.0,,5155.0,,21.0,,22399.0,
MS,202603,45546.0,,5425.0,,24.0,,17841.0,
MS,202604,43457.0,,5141.0,,16.0,,17455.0,
MS,202605,41666.0,,5151.0,,109.0,,15495.0,
MT,202303,,,,,,,,
MT,202304,,,,,,,,
MT,202305,32698.0,32698.0,11838.0,12694.0,10279.0,1890.0,3952.0,3952.0
MT,202306,42712.0,42712.0,12814.0,14108.0,10818.0,4668.0,4696.0,4696.0
MT,202307,39859.0,39859.0,10304.0,11018.0,15882.0,6722.0,5637.0,5637.0
MT,202308,40901.0,40901.0,11232.0,13822.0,16411.0,9291.0,4877.0,4877.0
MT,202309,40162.0,40162.0,9510.0,11008.0,16924.0,10821.0,6229.0,6229.0
MT,202310,25435.0,25435.0,6471.0,7755.0,8872.0,5910.0,4785.0,4785.0
MT,202311,19766.0,19766.0,4925.0,6375.0,7329.0,4777.0,3846.0,3846.0
MT,202312,19545.0,19545.0,4709.0,6345.0,7498.0,4434.0,4252.0,4252.0
MT,202401,16559.0,16559.0,3537.0,4896.0,6104.0,4182.0,4350.0,4350.0
MT,202402,15494.0,15494.0,2973.0,4268.0,5858.0,3581.0,4424.0,4424.0
MT,202403,2418.0,2887.0,402.0,521.0,808.0,252.0,576.0,576.0
MT,202404,5136.0,5136.0,871.0,1109.0,1520.0,459.0,1457.0,1457.0
MT,202405,15237.0,15237.0,1919.0,2391.0,4931.0,505.0,6075.0,6075.0
MT,202406,20079.0,20079.0,2666.0,3506.0,5818.0,4219.0,8483.0,8483.0
MT,202407,21336.0,21336.0,2890.0,4251.0,6659.0,664.0,8383.0,8383.0
MT,202408,22842.0,22842.0,3217.0,5364.0,7813.0,585.0,7869.0,7869.0
MT,202409,19764.0,19764.0,3592.0,5046.0,6373.0,236.0,6356.0,7869.0
MT,202410,22515.0,22515.0,4326.0,8574.0,9075.0,1065.0,5346.0,5346.0
MT,202411,15475.0,15475.0,3482.0,3915.0,5258.0,1115.0,4297.0,4297.0
MT,202412,28673.0,28673.0,4858.0,14701.0,14285.0,1086.0,5423.0,5423.0
MT,202501,11426.0,11426.0,2336.0,3208.0,3732.0,779.0,3380.0,3380.0
MT,202502,11308.0,11308.0,2293.0,2973.0,3868.0,716.0,2978.0,2978.0
MT,202503,7266.0,7266.0,1422.0,2254.0,2526.0,865.0,1688.0,1688.0
MT,202504,7719.0,7719.0,1284.0,1510.0,2432.0,613.0,2107.0,2107.0
MT,202505,6586.0,6586.0,707.0,1570.0,1994.0,231.0,2222.0,2222.0
MT,202506,9578.0,9578.0,1206.0,2500.0,2789.0,270.0,3519.0,3519.0
MT,202507,10683.0,10683.0,1130.0,1984.0,2599.0,198.0,4712.0,4712.0
MT,202508,11586.0,11586.0,1225.0,2192.0,2767.0,182.0,4896.0,4896.0
MT,202509,12080.0,12080.0,1324.0,2120.0,2730.0,197.0,5464.0,5464.0
MT,202510,13337.0,13337.0,1784.0,3876.0,2994.0,178.0,5791.0,5791.0
MT,202511,15396.0,15396.0,3077.0,4919.0,3916.0,351.0,5506.0,5506.0
MT,202512,17359.0,17359.0,2829.0,5682.0,4394.0,220.0,7051.0,7051.0
MT,202601,14965.0,14965.0,2312.0,5316.0,3575.0,146.0,6362.0,6362.0
MT,202602,16021.0,,2353.0,,3654.0,,7018.0,
MT,202603,17846.0,,2663.0,,4224.0,,7817.0,
MT,202604,24839.0,,3679.0,,5870.0,,10591.0,
MT,202605,9350.0,,1402.0,,2607.0,,3496.0,
NC,202303,,,,,,,,
NC,202304,,,,,,,,
NC,202305,,,,,,,,
NC,202306,185093.0,185093.0,30046.0,31290.0,12098.0,8004.0,136846.0,139383.0
NC,202307,188400.0,188400.0,29716.0,32469.0,30804.0,17899.0,123502.0,132848.0
NC,202308,182515.0,182515.0,27546.0,28930.0,28981.0,21030.0,121282.0,127298.0
NC,202309,182924.0,182924.0,25658.0,27497.0,37762.0,19565.0,115298.0,130940.0
NC,202310,201976.0,201976.0,28989.0,29185.0,5473.0,2328.0,162465.0,165254.0
NC,202311,188607.0,188607.0,16534.0,19595.0,56433.0,26671.0,112043.0,137624.0
NC,202312,275582.0,275582.0,11867.0,14964.0,78009.0,49745.0,181797.0,205476.0
NC,202401,259636.0,259636.0,9157.0,12416.0,59205.0,44179.0,188524.0,199158.0
NC,202402,289110.0,289110.0,10173.0,13783.0,69002.0,46159.0,207329.0,225268.0
NC,202403,273915.0,273915.0,12631.0,16627.0,64718.0,44674.0,193191.0,207967.0
NC,202404,250314.0,250314.0,14782.0,19255.0,63242.0,42055.0,168842.0,184292.0
NC,202405,272495.0,272495.0,15269.0,20017.0,73318.0,52108.0,180209.0,195385.0
NC,202406,222454.0,222454.0,10076.0,14098.0,56236.0,38268.0,153579.0,166576.0
NC,202407,220049.0,220049.0,10803.0,14666.0,49985.0,34873.0,156688.0,167006.0
NC,202408,210072.0,210072.0,10959.0,13828.0,49958.0,35717.0,146717.0,157316.0
NC,202409,196479.0,196479.0,10901.0,13584.0,41671.0,27253.0,141531.0,152595.0
NC,202410,201372.0,201372.0,10947.0,14076.0,41991.0,28869.0,145975.0,155194.0
NC,202411,213630.0,213630.0,10662.0,14209.0,51932.0,36353.0,148610.0,159364.0
NC,202412,285461.0,285461.0,10826.0,13327.0,52736.0,35472.0,219155.0,232111.0
NC,202501,289202.0,289202.0,12030.0,13295.0,53919.0,40272.0,220412.0,231287.0
NC,202502,299882.0,299882.0,7802.0,9594.0,58028.0,42118.0,230190.0,242003.0
NC,202503,276089.0,276089.0,6054.0,7510.0,42111.0,30790.0,221989.0,230131.0
NC,202504,265289.0,265289.0,5001.0,7965.0,77361.0,53879.0,176937.0,194967.0
NC,202505,283396.0,283396.0,5805.0,8777.0,79970.0,55983.0,191519.0,209582.0
NC,202506,247092.0,247092.0,5888.0,8430.0,59066.0,44278.0,176550.0,186492.0
NC,202507,238559.0,238559.0,8484.0,11874.0,67299.0,48368.0,155816.0,168705.0
NC,202508,231764.0,231764.0,9178.0,12247.0,68205.0,45325.0,147227.0,164774.0
NC,202509,218370.0,218370.0,9934.0,12239.0,62409.0,46251.0,139257.0,151269.0
NC,202510,236756.0,236756.0,11541.0,13549.0,70980.0,53570.0,146086.0,159860.0
NC,202511,240408.0,240408.0,9385.0,12102.0,67431.0,50936.0,157009.0,168515.0
NC,202512,287018.0,287018.0,12118.0,14688.0,79636.0,61556.0,186662.0,200047.0
NC,202601,282048.0,282048.0,10789.0,14013.0,90457.0,70793.0,172327.0,185867.0
NC,202602,280835.0,,10786.0,,88290.0,,173521.0,
NC,202603,289715.0,,11754.0,,98044.0,,170909.0,
NC,202604,257986.0,,11827.0,,90176.0,,146970.0,
NC,202605,263542.0,,11149.0,,89199.0,,154951.0,
ND,202303,,,,,,,,
ND,202304,,,,,,,,
ND,202305,12048.0,12066.0,4166.0,4166.0,2633.0,22.0,2077.0,2077.0
ND,202306,12900.0,12900.0,5147.0,5147.0,743.0,49.0,3141.0,3141.0
ND,202307,13028.0,13028.0,5008.0,5008.0,486.0,37.0,2036.0,2036.0
ND,202308,11539.0,11539.0,2511.0,2511.0,142.0,30.0,3252.0,3252.0
ND,202309,10549.0,10549.0,2504.0,2504.0,168.0,35.0,3248.0,3248.0
ND,202310,12614.0,12686.0,3713.0,3714.0,152.0,48.0,3485.0,3898.0
ND,202311,10092.0,10092.0,2836.0,2836.0,120.0,39.0,3206.0,3206.0
ND,202312,11823.0,11823.0,3882.0,3882.0,97.0,27.0,3452.0,3452.0
ND,202401,10811.0,10811.0,3467.0,3467.0,133.0,29.0,2936.0,2936.0
ND,202402,10833.0,10833.0,3153.0,3153.0,60.0,19.0,2909.0,2909.0
ND,202403,13600.0,13600.0,4420.0,4420.0,326.0,20.0,3043.0,3043.0
ND,202404,11255.0,11255.0,2937.0,2937.0,140.0,19.0,2977.0,2977.0
ND,202405,8959.0,8959.0,1538.0,1538.0,236.0,6.0,3372.0,3372.0
ND,202406,7924.0,7924.0,969.0,969.0,332.0,3.0,3340.0,3340.0
ND,202407,7896.0,7896.0,908.0,908.0,274.0,7.0,3129.0,3129.0
ND,202408,8580.0,8580.0,1057.0,1057.0,350.0,10.0,3163.0,3163.0
ND,202409,7563.0,7563.0,1022.0,1022.0,350.0,4.0,2822.0,2822.0
ND,202410,7609.0,7609.0,1006.0,1007.0,422.0,4.0,2658.0,2658.0
ND,202411,6292.0,6292.0,1283.0,1283.0,464.0,4.0,1787.0,1787.0
ND,202412,6877.0,6877.0,1392.0,1392.0,787.0,6.0,1817.0,1817.0
ND,202501,8185.0,8185.0,1517.0,1517.0,633.0,13.0,1895.0,1895.0
ND,202502,8405.0,8405.0,1294.0,1294.0,456.0,21.0,2523.0,2523.0
ND,202503,10073.0,10073.0,1660.0,1660.0,507.0,24.0,3023.0,3023.0
ND,202504,8958.0,8958.0,1309.0,1309.0,437.0,14.0,3111.0,3111.0
ND,202505,9384.0,9384.0,1270.0,1270.0,404.0,25.0,3480.0,3480.0
ND,202506,9301.0,9301.0,1335.0,1335.0,474.0,16.0,3574.0,3574.0
ND,202507,9945.0,9945.0,1344.0,1344.0,638.0,25.0,3376.0,3376.0
ND,202508,9780.0,9780.0,1336.0,1336.0,578.0,12.0,3519.0,3519.0
ND,202509,9448.0,9448.0,1399.0,1399.0,683.0,19.0,3445.0,3445.0
ND,202510,9255.0,9255.0,1265.0,1265.0,637.0,21.0,3310.0,3310.0
ND,202511,8274.0,8274.0,1348.0,1348.0,873.0,33.0,3034.0,3034.0
ND,202512,8766.0,8766.0,1354.0,1354.0,1420.0,44.0,3494.0,3494.0
ND,202601,8127.0,8127.0,1095.0,1095.0,1895.0,30.0,3002.0,3002.0
ND,202602,8417.0,,1169.0,,2304.0,,3073.0,
ND,202603,9676.0,,1361.0,,2294.0,,3588.0,
ND,202604,8497.0,,1230.0,,1687.0,,3143.0,
ND,202605,8922.0,,1342.0,,1757.0,,3391.0,
NE,202303,,,,,,,,
NE,202304,8105.0,8849.0,251.0,592.0,2476.0,106.0,1505.0,1882.0
NE,202305,24619.0,26342.0,2235.0,3327.0,6944.0,1327.0,2114.0,9621.0
NE,202306,29598.0,29598.0,1910.0,4244.0,9688.0,1536.0,10072.0,10318.0
NE,202307,39610.0,39610.0,2806.0,7565.0,15494.0,1929.0,12488.0,12724.0
NE,202308,39114.0,39114.0,2006.0,7722.0,18204.0,2490.0,11425.0,11728.0
NE,202309,43530.0,43530.0,2847.0,9100.0,19694.0,4550.0,12799.0,12824.0
NE,202310,41756.0,41756.0,1985.0,8833.0,21780.0,4181.0,11376.0,11827.0
NE,202311,36029.0,36029.0,948.0,4467.0,19801.0,8725.0,9961.0,10078.0
NE,202312,31579.0,31579.0,991.0,3451.0,16632.0,6683.0,9200.0,9853.0
NE,202401,23733.0,23733.0,576.0,2433.0,12111.0,4087.0,7196.0,7839.0
NE,202402,27121.0,27121.0,783.0,2785.0,12957.0,3681.0,8157.0,9664.0
NE,202403,24782.0,24782.0,654.0,2411.0,11107.0,4100.0,7749.0,8624.0
NE,202404,27221.0,27221.0,834.0,3049.0,12013.0,4340.0,8725.0,9415.0
NE,202405,22027.0,22027.0,779.0,2038.0,7604.0,2427.0,8823.0,9265.0
NE,202406,24409.0,24409.0,934.0,2372.0,7732.0,2460.0,10139.0,10300.0
NE,202407,30685.0,30685.0,1798.0,3561.0,9465.0,3318.0,12008.0,12191.0
NE,202408,29668.0,29668.0,1918.0,3660.0,8961.0,3373.0,11155.0,11307.0
NE,202409,32836.0,32836.0,2256.0,4101.0,10694.0,4146.0,13138.0,13354.0
NE,202410,32595.0,32595.0,2865.0,4522.0,10288.0,3650.0,13301.0,13608.0
NE,202411,29226.0,29226.0,1373.0,3668.0,12904.0,3503.0,10559.0,12537.0
NE,202412,28725.0,28725.0,1224.0,3421.0,17079.0,3907.0,6988.0,12550.0
NE,202501,23746.0,23746.0,662.0,3151.0,16539.0,1444.0,4295.0,10603.0
NE,202502,26028.0,26028.0,476.0,3230.0,18595.0,1154.0,4498.0,11680.0
NE,202503,25775.0,25775.0,383.0,2898.0,18824.0,885.0,4275.0,11951.0
NE,202504,25204.0,25204.0,417.0,2670.0,12471.0,554.0,9283.0,12353.0
NE,202505,23525.0,23525.0,664.0,2430.0,7790.0,301.0,11020.0,11626.0
NE,202506,26145.0,26145.0,1276.0,2676.0,6544.0,213.0,12664.0,12945.0
NE,202507,30984.0,30984.0,2622.0,3798.0,5587.0,234.0,15046.0,15275.0
NE,202508,30149.0,30149.0,2587.0,3583.0,5218.0,403.0,14635.0,14895.0
NE,202509,29507.0,29507.0,3095.0,3531.0,2098.0,141.0,18934.0,19704.0
NE,202510,29538.0,29538.0,3266.0,3687.0,2540.0,237.0,18245.0,19332.0
NE,202511,28139.0,28139.0,2833.0,3562.0,3109.0,288.0,17182.0,18191.0
NE,202512,27465.0,27465.0,2815.0,3413.0,2860.0,269.0,17099.0,18109.0
NE,202601,22986.0,22986.0,2154.0,2715.0,2642.0,129.0,14031.0,15010.0
NE,202602,24733.0,,1769.0,,3168.0,,15348.0,
NE,202603,25614.0,,2085.0,,2770.0,,16078.0,
NE,202604,25145.0,,1852.0,,2554.0,,16302.0,
NE,202605,24581.0,,1658.0,,3082.0,,15604.0,
NH,202303,16599.0,16599.0,4920.0,4952.0,272.0,0.0,7150.0,7150.0
NH,202304,23352.0,23352.0,8735.0,8975.0,1001.0,0.0,7370.0,7370.0
NH,202305,23236.0,23236.0,10459.0,10577.0,674.0,0.0,4136.0,4136.0
NH,202306,16154.0,16154.0,7237.0,7276.0,213.0,0.0,4880.0,4880.0
NH,202307,15535.0,15535.0,6025.0,6172.0,664.0,0.0,5082.0,5082.0
NH,202308,18497.0,18497.0,6236.0,6632.0,1521.0,0.0,7789.0,7789.0
NH,202309,14323.0,14323.0,2200.0,2563.0,1339.0,0.0,7907.0,7907.0
NH,202310,14920.0,14920.0,2432.0,2648.0,969.0,3.0,8943.0,8943.0
NH,202311,12279.0,12279.0,1139.0,1236.0,552.0,19.0,9034.0,9034.0
NH,202312,12274.0,12274.0,1119.0,1223.0,595.0,1.0,9269.0,9269.0
NH,202401,8924.0,8924.0,405.0,472.0,297.0,0.0,7250.0,7250.0
NH,202402,8862.0,8862.0,596.0,632.0,126.0,0.0,7032.0,7032.0
NH,202403,10738.0,10738.0,726.0,745.0,93.0,1.0,8427.0,8427.0
NH,202404,10257.0,10257.0,806.0,819.0,83.0,0.0,7774.0,7774.0
NH,202405,10803.0,10803.0,915.0,1009.0,372.0,2.0,8335.0,8335.0
NH,202406,10319.0,10319.0,794.0,874.0,379.0,4.0,8210.0,8210.0
NH,202407,10545.0,10545.0,847.0,950.0,377.0,1.0,8325.0,8325.0
NH,202408,12395.0,12395.0,1139.0,1264.0,546.0,18.0,9602.0,9602.0
NH,202409,12284.0,12284.0,717.0,824.0,431.0,4.0,10463.0,10463.0
NH,202410,13563.0,13563.0,904.0,1012.0,413.0,1.0,11403.0,11403.0
NH,202411,13318.0,13318.0,1079.0,1202.0,504.0,44.0,11068.0,11068.0
NH,202412,12561.0,12561.0,821.0,961.0,501.0,32.0,10599.0,10599.0
NH,202501,10855.0,10855.0,591.0,699.0,462.0,12.0,9192.0,9192.0
NH,202502,10796.0,10796.0,988.0,1116.0,464.0,10.0,8303.0,8303.0
NH,202503,11547.0,11546.0,992.0,1125.0,512.0,14.0,8942.0,8942.0
NH,202504,11395.0,11395.0,1185.0,1294.0,544.0,2.0,8432.0,8432.0
NH,202505,10959.0,10959.0,1040.0,1144.0,532.0,0.0,8020.0,8020.0
NH,202506,10672.0,10672.0,1064.0,1135.0,279.0,0.0,8122.0,8122.0
NH,202507,10720.0,10720.0,3185.0,3262.0,438.0,0.0,2667.0,2667.0
NH,202508,11944.0,11944.0,3546.0,3736.0,879.0,5.0,3437.0,3437.0
NH,202509,12329.0,12329.0,3265.0,3488.0,1046.0,14.0,3305.0,3305.0
NH,202510,13797.0,13797.0,4070.0,4262.0,833.0,6.0,3630.0,3630.0
NH,202511,13640.0,13640.0,4870.0,5205.0,1565.0,3.0,1660.0,1660.0
NH,202512,12991.0,12991.0,3815.0,4093.0,1409.0,25.0,3439.0,3439.0
NH,202601,11138.0,11138.0,2587.0,2823.0,1447.0,11.0,3239.0,3239.0
NH,202602,10859.0,,2619.0,,885.0,,4211.0,
NH,202603,11424.0,,2570.0,,610.0,,4502.0,
NH,202604,11109.0,,2888.0,,520.0,,3594.0,
NH,202605,11320.0,,2630.0,,742.0,,4283.0,
NJ,202303,,,,,,,,
NJ,202304,,,,,,,,
NJ,202305,,,,,,,,
NJ,202306,162483.0,163899.0,3674.0,46996.0,97350.0,25891.0,18906.0,19631.0
NJ,202307,173314.0,173301.0,2484.0,48530.0,110198.0,19745.0,27374.0,31086.0
NJ,202308,166822.0,165927.0,1651.0,45276.0,111962.0,24610.0,25669.0,28950.0
NJ,202309,166357.0,164480.0,1267.0,47628.0,118979.0,27154.0,25173.0,26953.0
NJ,202310,169824.0,168173.0,1098.0,47988.0,121563.0,30583.0,26652.0,28688.0
NJ,202311,154884.0,154208.0,1048.0,42325.0,108057.0,30770.0,24645.0,26986.0
NJ,202312,155904.0,155269.0,809.0,42975.0,111733.0,29385.0,27724.0,30118.0
NJ,202401,155512.0,155293.0,590.0,37919.0,106470.0,31969.0,27875.0,29308.0
NJ,202402,166615.0,166342.0,1050.0,40583.0,113203.0,39025.0,28939.0,30719.0
NJ,202403,167500.0,167247.0,503.0,40048.0,118865.0,42576.0,25248.0,26646.0
NJ,202404,189319.0,189092.0,1131.0,47468.0,130424.0,44242.0,35026.0,36201.0
NJ,202405,207282.0,206737.0,245.0,57495.0,144622.0,46622.0,48082.0,53994.0
NJ,202406,123935.0,123222.0,20653.0,25078.0,46644.0,24980.0,44410.0,45014.0
NJ,202407,82461.0,82446.0,11630.0,13727.0,33435.0,20813.0,24585.0,25162.0
NJ,202408,118061.0,117451.0,14516.0,18406.0,48515.0,22873.0,39061.0,39686.0
NJ,202409,105313.0,95980.0,12312.0,16076.0,38679.0,18024.0,39159.0,30494.0
NJ,202410,71577.0,71492.0,8610.0,10324.0,25809.0,11182.0,20512.0,21377.0
NJ,202411,132102.0,132002.0,19071.0,22063.0,32602.0,10952.0,59227.0,60872.0
NJ,202412,138991.0,138878.0,19014.0,23212.0,41221.0,11789.0,52984.0,54079.0
NJ,202501,126902.0,126848.0,17114.0,20863.0,41087.0,12625.0,40882.0,41822.0
NJ,202502,90229.0,90151.0,14617.0,16842.0,25113.0,8149.0,29919.0,30918.0
NJ,202503,127671.0,127519.0,18225.0,22235.0,39021.0,13844.0,41756.0,43920.0
NJ,202504,160556.0,160404.0,15350.0,24111.0,47438.0,14252.0,60415.0,61939.0
NJ,202505,149685.0,149548.0,22796.0,27884.0,45718.0,22120.0,55103.0,57013.0
NJ,202506,128399.0,128220.0,20961.0,21775.0,34878.0,29714.0,47237.0,47699.0
NJ,202507,101583.0,101466.0,15017.0,17906.0,31350.0,16364.0,32148.0,33878.0
NJ,202508,110868.0,110814.0,12430.0,15237.0,35292.0,16423.0,44114.0,47701.0
NJ,202509,105794.0,105708.0,13781.0,15356.0,46090.0,30090.0,24802.0,28332.0
NJ,202510,95352.0,95284.0,10625.0,12438.0,32464.0,20895.0,31189.0,33221.0
NJ,202511,127638.0,127583.0,15360.0,18329.0,35891.0,19867.0,57277.0,64069.0
NJ,202512,149108.0,147491.0,21929.0,25071.0,56023.0,28509.0,49236.0,58440.0
NJ,202601,125736.0,124778.0,16501.0,17633.0,54625.0,39457.0,38797.0,41744.0
NJ,202602,103151.0,,13703.0,,41405.0,,33507.0,
NJ,202603,129936.0,,14480.0,,43962.0,,50996.0,
NJ,202604,143746.0,,6161.0,,69098.0,,49661.0,
NJ,202605,156837.0,,7093.0,,77220.0,,51350.0,
NM,202303,,,,,,,,
NM,202304,103107.0,103107.0,26880.0,29381.0,32393.0,10657.0,31922.0,31922.0
NM,202305,109800.0,109800.0,31174.0,33969.0,42434.0,16870.0,25460.0,25460.0
NM,202306,91920.0,91920.0,20978.0,23426.0,26706.0,9891.0,34984.0,34984.0
NM,202307,71358.0,71358.0,21990.0,24210.0,19661.0,5678.0,20324.0,20324.0
NM,202308,66585.0,66585.0,19152.0,20832.0,15599.0,4832.0,21702.0,21702.0
NM,202309,43992.0,43992.0,285.0,880.0,7153.0,1968.0,24231.0,24231.0
NM,202310,79767.0,79767.0,8778.0,9850.0,5824.0,1774.0,45688.0,45688.0
NM,202311,66014.0,66014.0,8059.0,9961.0,8857.0,1726.0,13358.0,13358.0
NM,202312,64681.0,64681.0,13766.0,14921.0,5224.0,208.0,36486.0,36486.0
NM,202401,41596.0,41596.0,2915.0,3530.0,3373.0,47.0,28825.0,28825.0
NM,202402,36320.0,36320.0,4797.0,5020.0,1787.0,15.0,21142.0,21142.0
NM,202403,40163.0,40163.0,6309.0,6466.0,821.0,13.0,25650.0,25650.0
NM,202404,38863.0,38863.0,4031.0,4076.0,157.0,0.0,27048.0,27048.0
NM,202405,30787.0,30787.0,3427.0,3540.0,610.0,11.0,12577.0,12577.0
NM,202406,34458.0,34458.0,3943.0,4047.0,408.0,16.0,14886.0,14886.0
NM,202407,41507.0,41507.0,7815.0,7827.0,69.0,13.0,16377.0,16377.0
NM,202408,48817.0,48817.0,15735.0,15882.0,556.0,10.0,18353.0,18353.0
NM,202409,28163.0,28163.0,7208.0,7321.0,435.0,7.0,9947.0,9947.0
NM,202410,59561.0,59561.0,22235.0,22761.0,2577.0,15.0,21469.0,21469.0
NM,202411,44827.0,44827.0,19517.0,19969.0,1920.0,18.0,14344.0,14344.0
NM,202412,31800.0,31800.0,12130.0,12288.0,754.0,6.0,11406.0,11406.0
NM,202501,36325.0,36325.0,11985.0,12243.0,1228.0,7.0,15415.0,15415.0
NM,202502,43475.0,43475.0,13889.0,14311.0,1687.0,32.0,18996.0,18996.0
NM,202503,41511.0,41511.0,12725.0,13059.0,1506.0,10.0,16950.0,16950.0
NM,202504,42704.0,42704.0,12300.0,12573.0,1106.0,2.0,19061.0,19061.0
NM,202505,46974.0,46974.0,12568.0,12920.0,1627.0,1.0,22108.0,22108.0
NM,202506,40395.0,40395.0,10985.0,11263.0,1116.0,0.0,19227.0,19227.0
NM,202507,35859.0,35859.0,10348.0,10568.0,997.0,0.0,14430.0,14430.0
NM,202508,60707.0,60707.0,9253.0,9479.0,1047.0,2.0,40307.0,40307.0
NM,202509,32184.0,32184.0,7110.0,7267.0,644.0,0.0,16014.0,16014.0
NM,202510,30873.0,30873.0,7123.0,7350.0,898.0,0.0,13409.0,13409.0
NM,202511,32373.0,32373.0,7488.0,7709.0,1066.0,0.0,16082.0,16082.0
NM,202512,38565.0,38565.0,8146.0,8454.0,1128.0,0.0,21014.0,21014.0
NM,202601,35203.0,35203.0,7414.0,7579.0,692.0,0.0,18629.0,18629.0
NM,202602,36332.0,,7515.0,,841.0,,19266.0,
NM,202603,39749.0,,8123.0,,768.0,,21283.0,
NM,202604,38907.0,,8309.0,,701.0,,19894.0,
NM,202605,32658.0,,7896.0,,940.0,,15191.0,
NV,202303,,,,,,,,
NV,202304,,,,,,,,
NV,202305,53932.0,83002.0,21844.0,40766.0,668.0,0.0,16952.0,25612.0
NV,202306,78038.0,91075.0,44603.0,44603.0,0.0,0.0,26205.0,27026.0
NV,202307,68611.0,78038.0,40025.0,40025.0,0.0,0.0,22391.0,26205.0
NV,202308,68611.0,68611.0,34568.0,34568.0,890.0,0.0,27629.0,22391.0
NV,202309,101427.0,101427.0,0.0,45839.0,53474.0,0.0,30811.0,27629.0
NV,202310,111577.0,111577.0,0.0,39493.0,42501.0,0.0,30811.0,30811.0
NV,202311,48917.0,41866.0,0.0,0.0,7443.0,0.0,29780.0,29780.0
NV,202312,53992.0,53992.0,4802.0,4802.0,0.0,0.0,39190.0,39190.0
NV,202401,49895.0,49895.0,5938.0,5938.0,0.0,0.0,36367.0,36367.0
NV,202402,68762.0,68762.0,10032.0,10032.0,0.0,0.0,47105.0,47105.0
NV,202403,116474.0,116474.0,34552.0,34554.0,11.0,0.0,74196.0,74196.0
NV,202404,90256.0,90256.0,22465.0,22465.0,0.0,0.0,44409.0,44409.0
NV,202405,70946.0,70946.0,18358.0,18358.0,0.0,0.0,44121.0,44121.0
NV,202406,82057.0,82057.0,18361.0,18361.0,0.0,0.0,56245.0,56245.0
NV,202407,68105.0,68105.0,13884.0,13884.0,0.0,0.0,49481.0,49481.0
NV,202408,59688.0,59688.0,13369.0,13369.0,0.0,0.0,41631.0,41631.0
NV,202409,43618.0,43648.0,3964.0,3964.0,0.0,0.0,35347.0,35347.0
NV,202410,51589.0,51631.0,4765.0,4765.0,0.0,0.0,40956.0,40956.0
NV,202411,49188.0,49294.0,4162.0,4162.0,0.0,0.0,39870.0,39870.0
NV,202412,55496.0,55496.0,4829.0,4829.0,0.0,0.0,44601.0,44601.0
NV,202501,52767.0,52767.0,4527.0,4527.0,0.0,0.0,42910.0,42910.0
NV,202502,65190.0,65190.0,4517.0,4517.0,0.0,0.0,53381.0,53381.0
NV,202503,95796.0,95796.0,10318.0,10318.0,0.0,0.0,79284.0,79284.0
NV,202504,77523.0,77523.0,6937.0,6937.0,0.0,0.0,64063.0,64063.0
NV,202505,61771.0,61771.0,3528.0,3528.0,0.0,0.0,48136.0,48136.0
NV,202506,82869.0,82869.0,10638.0,10638.0,0.0,0.0,63486.0,63486.0
NV,202507,64787.0,64787.0,9481.0,9481.0,0.0,0.0,49260.0,49260.0
NV,202508,55102.0,55102.0,7699.0,7699.0,0.0,0.0,41938.0,41938.0
NV,202509,49432.0,55102.0,5930.0,7699.0,0.0,0.0,38649.0,41938.0
NV,202510,53414.0,53414.0,5817.0,5817.0,0.0,0.0,41770.0,41770.0
NV,202511,52679.0,52679.0,5485.0,5485.0,0.0,0.0,41416.0,41416.0
NV,202512,57914.0,57914.0,5787.0,5787.0,0.0,0.0,46499.0,46499.0
NV,202601,54725.0,54725.0,5758.0,6173.0,1429.0,20.0,36527.0,36527.0
NV,202602,65012.0,,6570.0,,1884.0,,51911.0,
NV,202603,88903.0,,11289.0,,3563.0,,69714.0,
NV,202604,73870.0,,9287.0,,1424.0,,57556.0,
NV,202605,60082.0,,5222.0,,479.0,,49079.0,
NY,202303,,,,,,,,
NY,202304,,,,,,,,
NY,202305,,,,,,,,
NY,202306,488480.0,488480.0,83892.0,85242.0,11123.0,1991.0,117606.0,117606.0
NY,202307,540118.0,540118.0,94086.0,97916.0,25202.0,5787.0,123277.0,123277.0
NY,202308,497883.0,497883.0,96423.0,98056.0,12739.0,4824.0,128167.0,128167.0
NY,202309,520242.0,520242.0,61148.0,62905.0,17226.0,9008.0,182457.0,182457.0
NY,202310,541754.0,541754.0,49415.0,50809.0,15701.0,8817.0,208472.0,208472.0
NY,202311,546384.0,546384.0,61896.0,64418.0,20265.0,11291.0,197230.0,197230.0
NY,202312,643689.0,643689.0,62311.0,64523.0,21664.0,11657.0,286366.0,286366.0
NY,202401,498441.0,498441.0,59595.0,61206.0,17178.0,9398.0,213865.0,213865.0
NY,202402,527727.0,527727.0,50306.0,51537.0,14779.0,7742.0,247045.0,247045.0
NY,202403,549599.0,549599.0,80084.0,81586.0,17961.0,11261.0,180656.0,180656.0
NY,202404,554215.0,554215.0,88653.0,89831.0,14052.0,8434.0,197112.0,197112.0
NY,202405,528551.0,528551.0,80184.0,81205.0,17045.0,11288.0,187977.0,187977.0
NY,202406,419452.0,419452.0,50819.0,51499.0,15186.0,10081.0,177838.0,177838.0
NY,202407,437944.0,437944.0,47033.0,47822.0,18112.0,10939.0,192773.0,192773.0
NY,202408,424201.0,424201.0,40331.0,40816.0,12804.0,8731.0,186521.0,186521.0
NY,202409,447218.0,447218.0,46237.0,46640.0,12097.0,8662.0,200092.0,200092.0
NY,202410,477709.0,477709.0,57276.0,57710.0,9138.0,5998.0,177458.0,177458.0
NY,202411,454179.0,454179.0,40235.0,40669.0,10605.0,7405.0,225686.0,225686.0
NY,202412,564794.0,564794.0,48493.0,49074.0,11410.0,7065.0,292963.0,292963.0
NY,202501,448917.0,448917.0,33707.0,34295.0,10993.0,6892.0,224284.0,224284.0
NY,202502,469226.0,469226.0,36704.0,37291.0,11857.0,7730.0,234217.0,234217.0
NY,202503,464241.0,464241.0,32214.0,32816.0,9918.0,6142.0,237085.0,237085.0
NY,202504,436092.0,436092.0,29630.0,30320.0,9812.0,6163.0,225519.0,225519.0
NY,202505,413011.0,413011.0,44554.0,45384.0,7986.0,3687.0,208055.0,208055.0
NY,202506,406591.0,406591.0,48712.0,49725.0,5294.0,1362.0,201526.0,201526.0
NY,202507,431731.0,431731.0,63030.0,63532.0,4366.0,1248.0,194521.0,194521.0
NY,202508,419628.0,419628.0,65231.0,65957.0,6400.0,1804.0,180471.0,180471.0
NY,202509,427706.0,427706.0,67154.0,67818.0,9353.0,4013.0,171528.0,171528.0
NY,202510,410324.0,410324.0,63933.0,64735.0,7269.0,2063.0,161424.0,161424.0
NY,202511,400866.0,400866.0,61052.0,61584.0,7354.0,2349.0,169970.0,169970.0
NY,202512,521324.0,521324.0,86099.0,86442.0,6400.0,1598.0,148098.0,148098.0
NY,202601,413108.0,413108.0,88048.0,88444.0,6244.0,1798.0,105401.0,105401.0
NY,202602,422146.0,,80697.0,,7274.0,,107136.0,
NY,202603,384606.0,,59335.0,,6066.0,,101610.0,
NY,202604,378980.0,,57481.0,,6631.0,,100484.0,
NY,202605,376823.0,,61551.0,,7811.0,,106854.0,
OH,202303,,,,,,,,
OH,202304,220961.0,284158.0,36161.0,46938.0,22515.0,4218.0,111151.0,104872.0
OH,202305,241475.0,316771.0,34660.0,51835.0,27243.0,4933.0,122020.0,121124.0
OH,202306,318313.0,318853.0,55666.0,62971.0,27574.0,7896.0,115986.0,115986.0
OH,202307,320068.0,320868.0,61123.0,67711.0,24861.0,5939.0,128489.0,128489.0
OH,202308,293578.0,294104.0,59378.0,64800.0,24071.0,6386.0,133566.0,133566.0
OH,202309,297527.0,298020.0,57292.0,64358.0,29278.0,9987.0,138895.0,138895.0
OH,202310,298158.0,298852.0,52782.0,58546.0,30620.0,12399.0,139747.0,139747.0
OH,202311,289051.0,289725.0,33151.0,38485.0,29868.0,10244.0,138561.0,138561.0
OH,202312,283694.0,284202.0,32967.0,38869.0,29958.0,15163.0,163566.0,163566.0
OH,202401,266913.0,266913.0,34304.0,39095.0,22041.0,6693.0,153146.0,153146.0
OH,202402,280189.0,280189.0,34210.0,38498.0,18593.0,2767.0,166255.0,166255.0
OH,202403,332241.0,332241.0,43347.0,49648.0,25171.0,4029.0,187109.0,187109.0
OH,202404,195548.0,195548.0,16735.0,18330.0,11262.0,3883.0,135089.0,135089.0
OH,202405,225412.0,225412.0,18447.0,20325.0,13757.0,5059.0,154952.0,154952.0
OH,202406,223740.0,223740.0,16741.0,18203.0,11009.0,3975.0,170966.0,170966.0
OH,202407,241165.0,241165.0,19141.0,20968.0,11930.0,3183.0,184146.0,184146.0
OH,202408,252200.0,252200.0,16766.0,18971.0,13112.0,1633.0,196458.0,196458.0
OH,202409,246892.0,246892.0,15824.0,17358.0,9752.0,1247.0,205488.0,205488.0
OH,202410,249082.0,249082.0,16144.0,17990.0,10051.0,730.0,197662.0,197662.0
OH,202411,253990.0,253990.0,21884.0,24114.0,9488.0,147.0,206221.0,206221.0
OH,202412,249764.0,249764.0,20509.0,22489.0,9390.0,275.0,199473.0,199473.0
OH,202501,233777.0,233777.0,15569.0,16890.0,4926.0,194.0,199612.0,199612.0
OH,202502,246834.0,246834.0,22030.0,24325.0,11165.0,703.0,197289.0,197289.0
OH,202503,268930.0,268930.0,24993.0,26999.0,9778.0,1479.0,216257.0,216257.0
OH,202504,205456.0,205456.0,15130.0,17075.0,8728.0,490.0,166710.0,166710.0
OH,202505,225899.0,225899.0,14792.0,16339.0,8348.0,1528.0,187586.0,187586.0
OH,202506,223656.0,223656.0,14572.0,16196.0,8021.0,1085.0,187465.0,187465.0
OH,202507,244214.0,244214.0,16582.0,18617.0,9896.0,1570.0,202654.0,202654.0
OH,202508,246217.0,246217.0,15141.0,17065.0,9167.0,1508.0,207122.0,207122.0
OH,202509,244214.0,244214.0,16158.0,18938.0,11997.0,2365.0,193373.0,193373.0
OH,202510,250202.0,250202.0,19490.0,25221.0,22874.0,5488.0,160932.0,160932.0
OH,202511,269222.0,269222.0,38217.0,41906.0,23455.0,9334.0,153332.0,153332.0
OH,202512,246520.0,246520.0,42615.0,45977.0,24531.0,9903.0,150198.0,150198.0
OH,202601,233476.0,233476.0,37174.0,39907.0,23280.0,9750.0,145843.0,145843.0
OH,202602,244840.0,,47869.0,,33293.0,,123679.0,
OH,202603,267513.0,,50534.0,,32909.0,,137589.0,
OH,202604,217059.0,,40502.0,,27895.0,,109330.0,
OH,202605,233842.0,,43392.0,,30616.0,,120525.0,
OK,202303,17408.0,17408.0,0.0,0.0,6097.0,674.0,6608.0,6608.0
OK,202304,55309.0,58790.0,22741.0,26204.0,11607.0,487.0,6770.0,6788.0
OK,202305,64487.0,98489.0,22458.0,44612.0,4237.0,1167.0,5887.0,12016.0
OK,202306,66768.0,93311.0,0.0,29039.0,33134.0,692.0,7366.0,11198.0
OK,202307,90375.0,123212.0,30913.0,57226.0,19460.0,908.0,8727.0,12393.0
OK,202308,69101.0,144181.0,37668.0,81000.0,2731.0,1138.0,8600.0,16392.0
OK,202309,60935.0,148091.0,22224.0,65680.0,4531.0,1171.0,11624.0,23726.0
OK,202310,56296.0,143138.0,19728.0,60856.0,3528.0,1270.0,13191.0,25008.0
OK,202311,51269.0,123400.0,17451.0,52708.0,2930.0,405.0,11408.0,21739.0
OK,202312,157487.0,157487.0,77349.0,78316.0,5616.0,1001.0,18567.0,18567.0
OK,202401,118942.0,118942.0,46945.0,47715.0,5467.0,854.0,17589.0,17589.0
OK,202402,119703.0,119703.0,44393.0,44486.0,5538.0,1676.0,15603.0,15603.0
OK,202403,27001.0,27001.0,4573.0,4599.0,1575.0,90.0,9204.0,9204.0
OK,202404,36881.0,36881.0,7423.0,7462.0,2577.0,1902.0,15964.0,15964.0
OK,202405,43151.0,43151.0,6568.0,6607.0,1694.0,255.0,16196.0,16196.0
OK,202406,51289.0,51289.0,18736.0,18838.0,1697.0,226.0,14761.0,14761.0
OK,202407,61787.0,61787.0,15632.0,15884.0,3863.0,1669.0,24452.0,24452.0
OK,202408,62125.0,62125.0,16723.0,16985.0,2252.0,326.0,27690.0,27690.0
OK,202409,66321.0,66321.0,17020.0,17251.0,2728.0,155.0,30417.0,30417.0
OK,202410,63869.0,63869.0,16807.0,17027.0,2374.0,312.0,24018.0,24018.0
OK,202411,63942.0,63942.0,17523.0,17725.0,2383.0,331.0,27767.0,27767.0
OK,202412,82209.0,82209.0,22979.0,23344.0,4624.0,354.0,35001.0,35001.0
OK,202501,65330.0,65330.0,23863.0,24283.0,4342.0,249.0,18600.0,18600.0
OK,202502,63635.0,63635.0,16846.0,17049.0,2246.0,232.0,26686.0,26686.0
OK,202503,55423.0,55423.0,13430.0,13500.0,2268.0,809.0,23047.0,23047.0
OK,202504,52013.0,52013.0,11360.0,11494.0,2109.0,385.0,23913.0,23913.0
OK,202505,58590.0,58590.0,13132.0,13306.0,2526.0,334.0,26590.0,26591.0
OK,202506,61977.0,61977.0,14882.0,15121.0,2320.0,334.0,24795.0,24796.0
OK,202507,61687.0,61687.0,15444.0,15599.0,2877.0,180.0,25586.0,25586.0
OK,202508,61764.0,61764.0,15880.0,16214.0,3166.0,367.0,24026.0,24620.0
OK,202509,65101.0,65101.0,16519.0,16684.0,4440.0,305.0,25258.0,25258.0
OK,202510,67279.0,67279.0,15746.0,16116.0,5723.0,377.0,26462.0,26462.0
OK,202511,63886.0,63886.0,19123.0,19664.0,5884.0,350.0,20415.0,20415.0
OK,202512,78862.0,78862.0,21993.0,22780.0,7702.0,1114.0,27697.0,27697.0
OK,202601,63727.0,63727.0,18691.0,19080.0,5405.0,1341.0,27094.0,27094.0
OK,202602,63713.0,,22649.0,,4213.0,,25041.0,
OK,202603,65790.0,,20799.0,,3895.0,,26026.0,
OK,202604,66004.0,,16753.0,,2706.0,,31315.0,
OK,202605,69984.0,,21329.0,,3136.0,,29417.0,
OR,202303,,,,,,,,
OR,202304,,,,,,,,
OR,202305,,,,,,,,
OR,202306,,,,,,,,
OR,202307,105583.0,118570.0,459.0,350.0,581.0,12.0,98730.0,112901.0
OR,202308,109033.0,115559.0,350.0,380.0,179.0,21.0,96644.0,109884.0
OR,202309,134060.0,121958.0,11194.0,8572.0,9671.0,411.0,90585.0,68333.0
OR,202310,113665.0,108693.0,11595.0,2586.0,1201.0,486.0,81279.0,55877.0
OR,202311,109883.0,105734.0,7246.0,5037.0,856.0,500.0,87126.0,74375.0
OR,202312,132886.0,127315.0,6495.0,4385.0,1564.0,541.0,107650.0,92489.0
OR,202401,121984.0,119672.0,8407.0,5969.0,1202.0,708.0,99834.0,85693.0
OR,202402,135827.0,135827.0,11893.0,12037.0,1017.0,522.0,97984.0,97984.0
OR,202403,137515.0,137515.0,11448.0,11505.0,866.0,663.0,100350.0,100350.0
OR,202404,158060.0,158060.0,12749.0,12769.0,864.0,831.0,115096.0,115096.0
OR,202405,48555.0,48555.0,12222.0,12245.0,799.0,483.0,9013.0,9013.0
OR,202406,55107.0,55107.0,13184.0,13184.0,1985.0,1985.0,2845.0,2845.0
OR,202407,1778.0,3573.0,269.0,275.0,60.0,42.0,0.0,1742.0
OR,202408,2000.0,2001.0,142.0,161.0,46.0,23.0,1696.0,1698.0
OR,202409,272.0,272.0,27.0,43.0,27.0,4.0,176.0,176.0
OR,202410,334.0,334.0,38.0,47.0,17.0,0.0,198.0,198.0
OR,202411,25552.0,25558.0,210.0,210.0,3.0,2.0,17844.0,17850.0
OR,202412,40906.0,40906.0,5906.0,5947.0,299.0,89.0,14064.0,14064.0
OR,202501,47947.0,47947.0,4470.0,4523.0,330.0,84.0,22651.0,22651.0
OR,202502,76290.0,76290.0,10471.0,10573.0,817.0,465.0,35734.0,35734.0
OR,202503,22971.0,22971.0,2840.0,2873.0,146.0,52.0,14622.0,14622.0
OR,202504,7812.0,7812.0,1198.0,1206.0,49.0,14.0,4260.0,4260.0
OR,202505,11073.0,11073.0,1616.0,1626.0,84.0,10.0,6458.0,6458.0
OR,202506,87924.0,87920.0,13976.0,14086.0,473.0,238.0,57141.0,57141.0
OR,202507,88177.0,86396.0,15479.0,14840.0,497.0,93.0,55871.0,55871.0
OR,202508,87852.0,87852.0,9473.0,9514.0,615.0,218.0,60887.0,60887.0
OR,202509,86851.0,75825.0,9545.0,12027.0,8.0,184.0,57748.0,48836.0
OR,202510,91801.0,91801.0,13291.0,13370.0,629.0,174.0,57545.0,57545.0
OR,202511,83582.0,83582.0,11381.0,11475.0,166.0,0.0,52880.0,52880.0
OR,202512,75825.0,75825.0,12027.0,12068.0,184.0,0.0,48836.0,48836.0
OR,202601,79554.0,79554.0,11876.0,11937.0,250.0,39.0,51210.0,51210.0
OR,202602,78941.0,,10928.0,,263.0,,50981.0,
OR,202603,95936.0,,12538.0,,230.0,,62977.0,
OR,202604,72794.0,,9723.0,,172.0,,50441.0,
OR,202605,70931.0,,9005.0,,114.0,,50919.0,
PA,202303,,,,,,,,
PA,202304,262561.0,262561.0,18641.0,40457.0,124950.0,130.0,11067.0,11067.0
PA,202305,254287.0,254287.0,24144.0,41618.0,100142.0,90.0,10584.0,10584.0
PA,202306,229182.0,229182.0,17125.0,33443.0,101833.0,24.0,10430.0,10430.0
PA,202307,247827.0,247827.0,20606.0,33308.0,105085.0,288.0,11842.0,11842.0
PA,202308,322810.0,322810.0,39378.0,63674.0,134770.0,670.0,9580.0,9580.0
PA,202309,273057.0,273057.0,23285.0,45225.0,124160.0,1563.0,13018.0,13018.0
PA,202310,273369.0,273369.0,26347.0,41972.0,107127.0,5042.0,14577.0,14577.0
PA,202311,260173.0,260173.0,19247.0,38901.0,122793.0,4926.0,15508.0,15508.0
PA,202312,290059.0,290059.0,12117.0,45940.0,171647.0,1254.0,15371.0,15371.0
PA,202401,252309.0,252309.0,17197.0,37001.0,111774.0,55.0,13020.0,13020.0
PA,202402,267259.0,267259.0,19368.0,41866.0,116743.0,181.0,15446.0,15446.0
PA,202403,288751.0,288751.0,28979.0,45985.0,114131.0,62.0,15858.0,15858.0
PA,202404,174643.0,174643.0,14761.0,12842.0,31357.0,440.0,14578.0,14578.0
PA,202405,192452.0,192452.0,14136.0,14578.0,44404.0,537.0,15191.0,15191.0
PA,202406,198472.0,198472.0,12020.0,13742.0,49465.0,587.0,18725.0,18725.0
PA,202407,207799.0,207799.0,12960.0,13344.0,52317.0,909.0,18290.0,18290.0
PA,202408,226895.0,226895.0,11427.0,15125.0,77749.0,2033.0,18621.0,18621.0
PA,202409,214006.0,214006.0,8635.0,13081.0,86661.0,9010.0,21144.0,18621.0
PA,202410,224506.0,224506.0,12478.0,13152.0,65301.0,8291.0,42941.0,21144.0
PA,202411,205003.0,205003.0,6421.0,12021.0,84927.0,6932.0,43887.0,42941.0
PA,202412,218941.0,218941.0,8324.0,13268.0,78798.0,5737.0,40581.0,43887.0
PA,202501,209857.0,209857.0,8031.0,12199.0,71531.0,2840.0,40581.0,40581.0
PA,202502,225560.0,225560.0,8440.0,11863.0,80954.0,4500.0,42124.0,42124.0
PA,202503,240602.0,240602.0,9787.0,14813.0,83941.0,3340.0,40915.0,40915.0
PA,202504,210240.0,210240.0,10640.0,11223.0,51170.0,2336.0,35648.0,35648.0
PA,202505,200186.0,200186.0,9651.0,13114.0,56025.0,1048.0,37807.0,37807.0
PA,202506,201902.0,201902.0,11015.0,14630.0,59172.0,764.0,42726.0,42726.0
PA,202507,212911.0,212911.0,13551.0,15568.0,49858.0,769.0,44574.0,44574.0
PA,202508,220901.0,220901.0,11234.0,16932.0,73557.0,1448.0,42530.0,42530.0
PA,202509,208440.0,208440.0,12887.0,15526.0,48591.0,2197.0,44157.0,44157.0
PA,202510,218496.0,218496.0,14191.0,14438.0,58411.0,3671.0,46353.0,46353.0
PA,202511,185233.0,185233.0,10732.0,13687.0,62103.0,4649.0,41449.0,41449.0
PA,202512,218160.0,218160.0,7301.0,16213.0,84839.0,4649.0,47517.0,47517.0
PA,202601,215474.0,215474.0,9578.0,15631.0,83870.0,5592.0,45540.0,45540.0
PA,202602,219691.0,,10753.0,,81813.0,,41470.0,
PA,202603,234269.0,,13716.0,,69126.0,,38218.0,
PA,202604,214310.0,,13115.0,,60517.0,,41547.0,
PA,202605,199158.0,,13273.0,,53746.0,,38970.0,
RI,202303,,,,,,,,
RI,202304,,,,,,,,
RI,202305,10062.0,10894.0,1081.0,2648.0,948.0,379.0,6327.0,6590.0
RI,202306,10119.0,11117.0,1291.0,2407.0,1189.0,388.0,6509.0,6771.0
RI,202307,13790.0,15065.0,3060.0,3780.0,831.0,644.0,6896.0,8847.0
RI,202308,16420.0,16443.0,5152.0,5276.0,961.0,548.0,8802.0,8961.0
RI,202309,18049.0,18101.0,5385.0,5564.0,2173.0,972.0,9094.0,9626.0
RI,202310,17670.0,17670.0,5841.0,6057.0,2023.0,918.0,8445.0,8686.0
RI,202311,22509.0,17597.0,4912.0,5245.0,2263.0,603.0,8688.0,9238.0
RI,202312,17908.0,17908.0,4925.0,5137.0,2246.0,562.0,9338.0,9722.0
RI,202401,42887.0,42892.0,7894.0,8352.0,4725.0,558.0,26375.0,27432.0
RI,202402,42678.0,42683.0,6446.0,6872.0,3983.0,426.0,28555.0,30209.0
RI,202403,46143.0,46151.0,5102.0,5905.0,3371.0,386.0,33731.0,35103.0
RI,202404,55934.0,55956.0,9502.0,10421.0,5646.0,950.0,32663.0,34770.0
RI,202405,8692.0,1778.0,787.0,817.0,180.0,51.0,7225.0,525.0
RI,202406,11569.0,11571.0,1005.0,1063.0,1382.0,1070.0,8346.0,8399.0
RI,202407,11401.0,11401.0,774.0,786.0,145.0,74.0,9723.0,9731.0
RI,202408,11298.0,11299.0,1261.0,1266.0,130.0,76.0,9145.0,9150.0
RI,202409,12702.0,12702.0,1808.0,1825.0,403.0,252.0,9075.0,9081.0
RI,202410,11992.0,11993.0,1608.0,1629.0,178.0,54.0,8733.0,8735.0
RI,202411,11856.0,11866.0,2090.0,2147.0,456.0,244.0,8283.0,8291.0
RI,202412,,13235.0,,531.0,,122.0,,10184.0
RI,202501,,20336.0,,5.0,,6.0,,15619.0
RI,202502,12575.0,12575.0,,0.0,,0.0,12513.0,12513.0
RI,202503,13686.0,13686.0,0.0,0.0,0.0,0.0,13492.0,13492.0
RI,202504,27456.0,27456.0,2614.0,2623.0,54.0,31.0,21641.0,21647.0
RI,202505,24538.0,24538.0,3731.0,3756.0,101.0,21.0,18077.0,18086.0
RI,202506,22943.0,22943.0,2680.0,2681.0,69.0,31.0,16219.0,16227.0
RI,202507,22489.0,22489.0,2690.0,2700.0,58.0,19.0,16583.0,16593.0
RI,202508,19356.0,19356.0,1274.0,1278.0,48.0,13.0,15495.0,15502.0
RI,202509,18554.0,18554.0,2079.0,2083.0,39.0,15.0,13904.0,13911.0
RI,202510,17894.0,17894.0,1359.0,1365.0,87.0,35.0,13252.0,13256.0
RI,202511,15278.0,15278.0,1338.0,1343.0,97.0,56.0,11738.0,11746.0
RI,202512,13707.0,13707.0,1713.0,1716.0,113.0,35.0,9689.0,9701.0
RI,202601,20003.0,20003.0,2597.0,2606.0,94.0,38.0,15210.0,15216.0
RI,202602,14531.0,,1581.0,,90.0,,11220.0,
RI,202603,12902.0,,1531.0,,72.0,,10195.0,
RI,202604,24239.0,,2779.0,,96.0,,17672.0,
RI,202605,21352.0,,2237.0,,50.0,,15768.0,
SC,202303,,,,,,,,
SC,202304,,,,,,,,
SC,202305,228464.0,229900.0,111888.0,74657.0,82963.0,36019.0,20054.0,22668.0
SC,202306,211538.0,231472.0,0.0,58834.0,172771.0,37622.0,21632.0,25456.0
SC,202307,0.0,0.0,0.0,0.0,0.0,0.0,0.0,0.0
SC,202308,13338.0,5861.0,168.0,1644.0,11097.0,894.0,1133.0,813.0
SC,202309,10298.0,10349.0,8.0,18.0,2933.0,1842.0,6551.0,7567.0
SC,202310,34743.0,34924.0,17.0,15.0,10695.0,10689.0,20640.0,20640.0
SC,202311,59020.0,61949.0,3918.0,2567.0,3003.0,230.0,48365.0,49568.0
SC,202312,104179.0,104179.0,21047.0,21047.0,17476.0,8117.0,47219.0,47219.0
SC,202401,84363.0,84363.0,15339.0,15339.0,9290.0,4425.0,47939.0,47939.0
SC,202402,69871.0,69871.0,16073.0,16073.0,7604.0,4588.0,33153.0,33153.0
SC,202403,71387.0,71387.0,15217.0,15217.0,7560.0,5746.0,37453.0,37453.0
SC,202404,145217.0,145217.0,29552.0,29552.0,13047.0,7689.0,70700.0,70700.0
SC,202405,114697.0,114697.0,19074.0,19074.0,7891.0,4642.0,61661.0,61661.0
SC,202406,153867.0,153867.0,29955.0,29955.0,2468.0,410.0,78401.0,78401.0
SC,202407,144194.0,144194.0,24966.0,24966.0,1613.0,595.0,81606.0,81606.0
SC,202408,39235.0,39235.0,1960.0,1960.0,449.0,140.0,20828.0,20828.0
SC,202409,36688.0,36688.0,2111.0,2111.0,398.0,190.0,19892.0,19892.0
SC,202410,63702.0,63702.0,2459.0,2459.0,291.0,145.0,34362.0,34362.0
SC,202411,78408.0,78408.0,3382.0,3382.0,345.0,137.0,48306.0,48306.0
SC,202412,77713.0,77713.0,2937.0,2937.0,771.0,229.0,45838.0,45838.0
SC,202501,76387.0,76387.0,3089.0,3089.0,651.0,162.0,45542.0,45542.0
SC,202502,76056.0,76056.0,2553.0,2553.0,639.0,145.0,51070.0,51070.0
SC,202503,85791.0,85790.0,3462.0,3462.0,562.0,164.0,60217.0,60217.0
SC,202504,59972.0,59972.0,4740.0,4740.0,1591.0,172.0,36669.0,36669.0
SC,202505,82046.0,82046.0,10366.0,10366.0,778.0,89.0,50825.0,50825.0
SC,202506,85093.0,85093.0,3296.0,3296.0,690.0,82.0,54029.0,54029.0
SC,202507,84977.0,84977.0,5033.0,5033.0,465.0,208.0,49198.0,49198.0
SC,202508,82896.0,82896.0,4289.0,4289.0,823.0,448.0,52668.0,52668.0
SC,202509,86386.0,86386.0,4016.0,4016.0,1144.0,352.0,52836.0,52836.0
SC,202510,85311.0,85311.0,5679.0,5679.0,1452.0,462.0,49914.0,49914.0
SC,202511,86125.0,86125.0,5128.0,5128.0,1177.0,655.0,53541.0,53541.0
SC,202512,78994.0,78994.0,4166.0,4166.0,1178.0,721.0,52382.0,52382.0
SC,202601,82514.0,82514.0,5358.0,5358.0,1407.0,752.0,54672.0,54672.0
SC,202602,96863.0,,5133.0,,1288.0,,63299.0,
SC,202603,74934.0,,2862.0,,1096.0,,50537.0,
SC,202604,85471.0,,2632.0,,1570.0,,60703.0,
SC,202605,65756.0,,3143.0,,2172.0,,41663.0,
SD,202303,14649.0,14649.0,4790.0,5131.0,1046.0,0.0,374.0,879.0
SD,202304,17904.0,17904.0,5586.0,5830.0,2022.0,0.0,370.0,1074.0
SD,202305,17536.0,17536.0,5588.0,5866.0,1904.0,0.0,1053.0,1053.0
SD,202306,14688.0,14688.0,4167.0,4286.0,1449.0,0.0,1322.0,1322.0
SD,202307,12304.0,12304.0,3006.0,3121.0,1471.0,0.0,1600.0,1600.0
SD,202308,10094.0,10094.0,2137.0,2266.0,1257.0,0.0,1515.0,1515.0
SD,202309,7962.0,7962.0,1003.0,1035.0,1044.0,0.0,1433.0,1433.0
SD,202310,7110.0,7110.0,867.0,889.0,706.0,0.0,1493.0,1493.0
SD,202311,5911.0,5911.0,594.0,618.0,778.0,0.0,1655.0,1655.0
SD,202312,6522.0,6522.0,451.0,469.0,1055.0,0.0,1762.0,1762.0
SD,202401,4929.0,4929.0,317.0,333.0,948.0,0.0,1282.0,1282.0
SD,202402,5497.0,5497.0,340.0,342.0,131.0,0.0,1319.0,1319.0
SD,202403,0.0,0.0,0.0,0.0,0.0,0.0,0.0,0.0
SD,202404,0.0,0.0,0.0,0.0,0.0,0.0,0.0,0.0
SD,202405,0.0,0.0,0.0,0.0,0.0,0.0,0.0,0.0
SD,202406,0.0,0.0,0.0,0.0,0.0,0.0,0.0,0.0
SD,202407,0.0,0.0,0.0,0.0,0.0,0.0,0.0,0.0
SD,202408,0.0,0.0,0.0,0.0,0.0,0.0,0.0,0.0
SD,202409,0.0,0.0,0.0,0.0,0.0,0.0,0.0,0.0
SD,202410,0.0,0.0,0.0,0.0,0.0,0.0,0.0,0.0
SD,202411,6340.0,5230.0,0.0,1732.0,43.0,0.0,603.0,755.0
SD,202412,6806.0,6234.0,0.0,1710.0,152.0,0.0,349.0,2063.0
SD,202501,9214.0,6842.0,0.0,2329.0,169.0,0.0,2040.0,1148.0
SD,202502,8822.0,8822.0,3141.0,3171.0,137.0,0.0,1297.0,1297.0
SD,202503,10678.0,10678.0,3328.0,3371.0,182.0,0.0,1573.0,1573.0
SD,202504,11122.0,11122.0,3568.0,3655.0,264.0,0.0,2675.0,2675.0
SD,202505,11426.0,11426.0,3404.0,3447.0,304.0,0.0,3221.0,3221.0
SD,202506,11388.0,11388.0,3910.0,4017.0,383.0,0.0,2527.0,2527.0
SD,202507,8433.0,11951.0,2559.0,1758.0,199.0,0.0,2104.0,6579.0
SD,202508,13027.0,13027.0,2508.0,2583.0,150.0,0.0,6624.0,6624.0
SD,202509,10922.0,10922.0,1813.0,1855.0,154.0,0.0,6532.0,6532.0
SD,202510,9886.0,9886.0,2124.0,2180.0,175.0,0.0,5869.0,5869.0
SD,202511,10931.0,10931.0,1653.0,1696.0,153.0,0.0,6110.0,6110.0
SD,202512,10649.0,10649.0,1811.0,1880.0,242.0,0.0,6020.0,6020.0
SD,202601,10432.0,10432.0,1562.0,1662.0,333.0,0.0,6206.0,6206.0
SD,202602,11446.0,,1682.0,,339.0,,6616.0,
SD,202603,12543.0,,1780.0,,174.0,,6981.0,
SD,202604,12726.0,,2053.0,,171.0,,7212.0,
SD,202605,13374.0,,1926.0,,196.0,,7813.0,
TN,202303,,,,,,,,
TN,202304,,,,,,,,
TN,202305,,,,,,,,
TN,202306,80084.0,80084.0,23745.0,26396.0,5290.0,1087.0,24802.0,24802.0
TN,202307,83308.0,83308.0,19374.0,20961.0,10056.0,7260.0,32984.0,32984.0
TN,202308,150448.0,150448.0,37655.0,49816.0,23569.0,8680.0,52925.0,52925.0
TN,202309,154622.0,154622.0,29172.0,31364.0,22117.0,8215.0,72342.0,72342.0
TN,202310,159666.0,159666.0,38715.0,46266.0,22493.0,6207.0,69719.0,69719.0
TN,202311,106872.0,106872.0,22896.0,25615.0,15013.0,4525.0,52941.0,52941.0
TN,202312,140159.0,140159.0,33567.0,45398.0,25386.0,7753.0,60402.0,60402.0
TN,202401,150099.0,150099.0,41357.0,52977.0,29791.0,11359.0,53367.0,53367.0
TN,202402,153758.0,153758.0,46496.0,52604.0,34037.0,4776.0,47631.0,47631.0
TN,202403,104998.0,104998.0,27796.0,31216.0,22225.0,8229.0,37420.0,37420.0
TN,202404,128210.0,128210.0,31815.0,34702.0,18577.0,3546.0,54693.0,54693.0
TN,202405,125901.0,125901.0,35653.0,38589.0,21138.0,3279.0,46109.0,46109.0
TN,202406,47682.0,47682.0,5040.0,5697.0,6210.0,828.0,28596.0,28596.0
TN,202407,52824.0,52824.0,5541.0,6025.0,3316.0,557.0,33753.0,33753.0
TN,202408,73879.0,73879.0,7334.0,7665.0,2696.0,508.0,48335.0,48335.0
TN,202409,91231.0,91231.0,7195.0,7458.0,2472.0,345.0,65051.0,65051.0
TN,202410,93912.0,93912.0,8132.0,8409.0,2716.0,354.0,61968.0,61968.0
TN,202411,74479.0,74479.0,6742.0,7544.0,3658.0,291.0,49692.0,49692.0
TN,202412,79559.0,79559.0,8032.0,8226.0,2386.0,179.0,55301.0,55301.0
TN,202501,73290.0,73290.0,6279.0,6379.0,1755.0,79.0,53146.0,53146.0
TN,202502,83784.0,83784.0,5622.0,5695.0,671.0,45.0,60197.0,60197.0
TN,202503,76224.0,76224.0,5280.0,5320.0,411.0,41.0,53309.0,53309.0
TN,202504,31907.0,31907.0,3072.0,3085.0,215.0,57.0,16963.0,16963.0
TN,202505,82116.0,82116.0,5749.0,5760.0,225.0,34.0,56802.0,56802.0
TN,202506,83120.0,83120.0,4590.0,4600.0,250.0,44.0,56383.0,56383.0
TN,202507,67720.0,67720.0,4478.0,4481.0,128.0,18.0,46519.0,46519.0
TN,202508,69566.0,69566.0,4731.0,4736.0,126.0,11.0,50236.0,50236.0
TN,202509,95012.0,95012.0,6985.0,6627.0,180.0,19.0,67060.0,67060.0
TN,202510,109370.0,109370.0,7124.0,7128.0,262.0,31.0,76219.0,76219.0
TN,202511,147609.0,147609.0,10462.0,10631.0,410.0,68.0,106691.0,106691.0
TN,202512,181654.0,181654.0,11673.0,11808.0,333.0,73.0,136996.0,136996.0
TN,202601,98316.0,98316.0,8349.0,8531.0,369.0,66.0,65019.0,65019.0
TN,202602,58509.0,,5377.0,,242.0,,36501.0,
TN,202603,104983.0,,7792.0,,315.0,,74443.0,
TN,202604,91148.0,,6570.0,,213.0,,62449.0,
TN,202605,89363.0,,6014.0,,220.0,,61147.0,
TX,202303,,,,,,,,
TX,202304,,,,,,,,
TX,202305,785287.0,785287.0,404904.0,465863.0,172960.0,49843.0,4235.0,4291.0
TX,202306,0.0,0.0,0.0,0.0,0.0,0.0,0.0,0.0
TX,202307,176120.0,176120.0,46212.0,47601.0,16076.0,12622.0,19785.0,19795.0
TX,202308,769726.0,769726.0,203322.0,308050.0,246796.0,102843.0,17962.0,18706.0
TX,202309,719891.0,719891.0,161996.0,171373.0,125996.0,65786.0,15814.0,15953.0
TX,202310,363558.0,363558.0,120466.0,123380.0,116508.0,9024.0,1831.0,32734.0
TX,202311,1080037.0,1080037.0,194122.0,366285.0,511696.0,137265.0,44229.0,45370.0
TX,202312,235207.0,235207.0,65090.0,68036.0,19900.0,5466.0,17207.0,17207.0
TX,202401,148530.0,148530.0,24911.0,26168.0,11454.0,3094.0,15900.0,15900.0
TX,202402,189514.0,189514.0,30584.0,32506.0,9375.0,724.0,16439.0,16439.0
TX,202403,172696.0,172696.0,26296.0,27718.0,7307.0,494.0,19230.0,19230.0
TX,202404,176477.0,176477.0,24014.0,25384.0,8836.0,400.0,16440.0,16440.0
TX,202405,250279.0,250279.0,43701.0,45931.0,9743.0,476.0,22526.0,22526.0
TX,202406,212762.0,212762.0,34735.0,36203.0,7406.0,330.0,20038.0,20038.0
TX,202407,260949.0,260949.0,46789.0,48023.0,10008.0,3323.0,26419.0,26419.0
TX,202408,394584.0,394584.0,75070.0,77214.0,13169.0,4399.0,67797.0,67797.0
TX,202409,345110.0,345110.0,97967.0,100374.0,11621.0,3629.0,37126.0,37126.0
TX,202410,329857.0,329857.0,59395.0,61438.0,10891.0,3212.0,51682.0,51682.0
TX,202411,264470.0,264470.0,49154.0,50545.0,8670.0,2724.0,34435.0,34435.0
TX,202412,342885.0,342885.0,70918.0,72402.0,9864.0,3585.0,49301.0,49301.0
TX,202501,274079.0,274079.0,49652.0,51306.0,11926.0,3140.0,25505.0,25505.0
TX,202502,289017.0,289017.0,52971.0,54504.0,12034.0,3230.0,26289.0,26289.0
TX,202503,254996.0,254996.0,48175.0,49490.0,8928.0,2824.0,26210.0,26210.0
TX,202504,281317.0,281317.0,56738.0,58137.0,8824.0,2914.0,26313.0,26313.0
TX,202505,298258.0,298258.0,56100.0,59911.0,15505.0,2932.0,28027.0,28027.0
TX,202506,266802.0,266802.0,48871.0,51882.0,12781.0,2448.0,27671.0,27671.0
TX,202507,291657.0,291657.0,56720.0,60017.0,13340.0,2527.0,25641.0,25641.0
TX,202508,366112.0,366112.0,26316.0,41785.0,71075.0,30774.0,40407.0,40407.0
TX,202509,306798.0,306798.0,64015.0,68792.0,15048.0,2854.0,27987.0,27987.0
TX,202510,374370.0,374370.0,78665.0,81215.0,13174.0,3624.0,34140.0,34140.0
TX,202511,321082.0,321082.0,29960.0,49319.0,59510.0,19986.0,26206.0,26206.0
TX,202512,382936.0,382936.0,86870.0,91131.0,18046.0,3835.0,33412.0,33412.0
TX,202601,283176.0,283176.0,54653.0,59930.0,20975.0,5009.0,24344.0,24344.0
TX,202602,280915.0,,55534.0,,18494.0,,25411.0,
TX,202603,263874.0,,55208.0,,16538.0,,23158.0,
TX,202604,272595.0,,59645.0,,16539.0,,23741.0,
TX,202605,264602.0,,61673.0,,20282.0,,25172.0,
UT,202303,,,,,,,,
UT,202304,40411.0,40411.0,19587.0,20002.0,1615.0,0.0,6254.0,6254.0
UT,202305,44238.0,44238.0,21160.0,21751.0,2382.0,0.0,9993.0,9993.0
UT,202306,29186.0,29186.0,15864.0,16252.0,1371.0,0.0,6994.0,6994.0
UT,202307,29571.0,29571.0,16418.0,16801.0,1266.0,0.0,7145.0,7145.0
UT,202308,31863.0,31863.0,16444.0,17243.0,2573.0,0.0,7293.0,7293.0
UT,202309,33414.0,33414.0,16376.0,17596.0,3616.0,0.0,7251.0,7251.0
UT,202310,35456.0,35456.0,18695.0,19795.0,3392.0,0.0,7264.0,7264.0
UT,202311,34456.0,34456.0,16851.0,18271.0,4081.0,0.0,7939.0,7939.0
UT,202312,37201.0,37201.0,17280.0,18522.0,4369.0,0.0,7550.0,7550.0
UT,202401,33943.0,33943.0,12178.0,13459.0,4992.0,0.0,7090.0,7090.0
UT,202402,28688.0,28688.0,14948.0,15944.0,2831.0,0.0,5289.0,5289.0
UT,202403,20525.0,20525.0,7854.0,8544.0,2327.0,0.0,5420.0,5420.0
UT,202404,25564.0,25564.0,6884.0,7495.0,2320.0,0.0,5323.0,5323.0
UT,202405,24366.0,24366.0,6338.0,6823.0,2449.0,0.0,9195.0,9195.0
UT,202406,22673.0,22673.0,6144.0,6634.0,2171.0,0.0,8761.0,8761.0
UT,202407,24763.0,24763.0,6824.0,7323.0,2408.0,0.0,10435.0,10435.0
UT,202408,25205.0,25205.0,6565.0,7131.0,2446.0,0.0,10030.0,10030.0
UT,202409,27928.0,27928.0,7177.0,7778.0,2583.0,0.0,11159.0,11159.0
UT,202410,30254.0,30254.0,8077.0,8704.0,2534.0,0.0,12064.0,12064.0
UT,202411,29575.0,29575.0,7859.0,8536.0,2446.0,0.0,12043.0,12043.0
UT,202412,34977.0,34977.0,9492.0,10288.0,3626.0,0.0,13925.0,13925.0
UT,202501,30179.0,30179.0,7516.0,8413.0,5475.0,0.0,11475.0,11475.0
UT,202502,30742.0,30742.0,7549.0,8440.0,5255.0,0.0,11390.0,11390.0
UT,202503,29220.0,29220.0,7386.0,8107.0,4226.0,0.0,10792.0,10792.0
UT,202504,28580.0,28580.0,6784.0,7540.0,4121.0,0.0,5805.0,5805.0
UT,202505,26640.0,26640.0,6330.0,7032.0,3941.0,0.0,10351.0,13203.0
UT,202506,26385.0,26385.0,6351.0,7083.0,3771.0,0.0,10762.0,10762.0
UT,202507,28186.0,28186.0,7305.0,8124.0,4264.0,0.0,11394.0,11394.0
UT,202508,28949.0,28949.0,7112.0,8071.0,4417.0,0.0,11300.0,11300.0
UT,202509,30185.0,30185.0,7315.0,8213.0,4466.0,0.0,12127.0,12127.0
UT,202510,31046.0,31046.0,7186.0,8168.0,4896.0,0.0,12663.0,12663.0
UT,202511,31437.0,31437.0,7978.0,8903.0,4645.0,0.0,12585.0,12585.0
UT,202512,34795.0,34795.0,8814.0,9891.0,5736.0,0.0,13824.0,13824.0
UT,202601,29865.0,29865.0,7640.0,8608.0,5412.0,0.0,10792.0,10792.0
UT,202602,30644.0,,7517.0,,5555.0,,11233.0,
UT,202603,30255.0,,7711.0,,5431.0,,10458.0,
UT,202604,29893.0,,7483.0,,5557.0,,5035.0,
UT,202605,28856.0,,7638.0,,4542.0,,10115.0,
VA,202303,,,,,,,,
VA,202304,,,,,,,,
VA,202305,205701.0,205701.0,12012.0,12372.0,19878.0,7606.0,134011.0,134011.0
VA,202306,167232.0,167232.0,22222.0,23567.0,64226.0,31318.0,47423.0,47423.0
VA,202307,199583.0,199583.0,29571.0,29870.0,79446.0,39821.0,55296.0,55296.0
VA,202308,218452.0,218452.0,19922.0,19922.0,108061.0,84188.0,60334.0,60334.0
VA,202309,197886.0,197886.0,10028.0,10130.0,59702.0,56153.0,80957.0,80957.0
VA,202310,179166.0,179166.0,5087.0,5100.0,33775.0,18749.0,113721.0,113721.0
VA,202311,153643.0,153643.0,4891.0,4891.0,25493.0,7596.0,110209.0,110209.0
VA,202312,146891.0,146891.0,5256.0,6066.0,40006.0,17722.0,78525.0,78525.0
VA,202401,145150.0,145150.0,3686.0,6562.0,33086.0,15767.0,73843.0,73843.0
VA,202402,161727.0,161727.0,4630.0,8904.0,39215.0,17400.0,77711.0,77711.0
VA,202403,150250.0,150250.0,4593.0,7807.0,31790.0,8575.0,72349.0,72349.0
VA,202404,179317.0,179317.0,4393.0,6694.0,18624.0,3063.0,110851.0,110851.0
VA,202405,187679.0,187679.0,2970.0,3376.0,12491.0,3649.0,131744.0,131744.0
VA,202406,103996.0,103996.0,2452.0,3568.0,6181.0,1202.0,60306.0,60306.0
VA,202407,118146.0,118146.0,2513.0,3695.0,9766.0,2111.0,68789.0,68789.0
VA,202408,129145.0,129145.0,2791.0,4501.0,11512.0,667.0,74458.0,74458.0
VA,202409,143590.0,143590.0,4240.0,5047.0,7441.0,574.0,79813.0,79813.0
VA,202410,172311.0,172311.0,5458.0,5670.0,10953.0,585.0,96214.0,96214.0
VA,202411,165820.0,165820.0,9865.0,10957.0,12557.0,1736.0,94288.0,94288.0
VA,202412,136162.0,136162.0,3829.0,4082.0,14520.0,4254.0,76019.0,76019.0
VA,202501,158869.0,158869.0,13520.0,13606.0,13706.0,1814.0,76696.0,76696.0
VA,202502,151611.0,151611.0,5521.0,9411.0,37850.0,15911.0,59860.0,59860.0
VA,202503,144908.0,144908.0,14876.0,17210.0,11680.0,917.0,56070.0,56070.0
VA,202504,174212.0,174212.0,7653.0,10960.0,39938.0,18494.0,67590.0,67590.0
VA,202505,193650.0,193650.0,22184.0,15176.0,10881.0,2766.0,98705.0,98705.0
VA,202506,121482.0,121482.0,14071.0,15143.0,3845.0,831.0,50836.0,50836.0
VA,202507,136564.0,136564.0,15668.0,16579.0,4104.0,735.0,57261.0,57261.0
VA,202508,147080.0,147080.0,16248.0,17402.0,5455.0,290.0,60671.0,60671.0
VA,202509,144497.0,144497.0,15054.0,15554.0,2407.0,199.0,67609.0,67609.0
VA,202510,160423.0,160423.0,13413.0,10365.0,9772.0,653.0,78229.0,78229.0
VA,202511,152771.0,152771.0,17687.0,19638.0,7551.0,1568.0,74424.0,74424.0
VA,202512,138891.0,138891.0,16942.0,19062.0,5383.0,781.0,65630.0,65630.0
VA,202601,137990.0,137990.0,15323.0,18114.0,27048.0,3556.0,67935.0,67935.0
VA,202602,123615.0,,11945.0,,1356.0,,60747.0,
VA,202603,129742.0,,7910.0,,3581.0,,62639.0,
VA,202604,141430.0,,11062.0,,2680.0,,69515.0,
VA,202605,159404.0,,12697.0,,2267.0,,86697.0,
VT,202303,,,,,,,,
VT,202304,,,,,,,,
VT,202305,13157.0,13149.0,3928.0,4132.0,938.0,24.0,3827.0,3827.0
VT,202306,13359.0,13294.0,3831.0,4116.0,1572.0,107.0,3880.0,3880.0
VT,202307,9004.0,8946.0,1.0,123.0,1349.0,250.0,5608.0,5608.0
VT,202308,13075.0,13027.0,2626.0,2701.0,1224.0,332.0,6018.0,6018.0
VT,202309,14243.0,14200.0,3779.0,3981.0,1839.0,435.0,5829.0,5829.0
VT,202310,10166.0,10166.0,1923.0,2010.0,1671.0,759.0,4691.0,4691.0
VT,202311,12122.0,12122.0,1949.0,2062.0,1879.0,975.0,6250.0,6250.0
VT,202312,11830.0,11830.0,1429.0,1511.0,1568.0,815.0,7244.0,7244.0
VT,202401,12870.0,12870.0,1616.0,1745.0,1558.0,653.0,7887.0,7887.0
VT,202402,15170.0,15170.0,1978.0,2065.0,1737.0,663.0,9440.0,9440.0
VT,202403,14969.0,14969.0,2458.0,2543.0,1638.0,630.0,8708.0,8708.0
VT,202404,18606.0,18606.0,286.0,3251.0,4738.0,906.0,11055.0,11055.0
VT,202405,9454.0,9454.0,885.0,949.0,953.0,583.0,6434.0,6434.0
VT,202406,8532.0,8532.0,726.0,782.0,574.0,234.0,5938.0,5938.0
VT,202407,9083.0,9083.0,746.0,771.0,659.0,322.0,6439.0,6439.0
VT,202408,12858.0,12858.0,1695.0,1754.0,883.0,470.0,9050.0,9050.0
VT,202409,13125.0,13125.0,1367.0,1458.0,1002.0,476.0,9619.0,9619.0
VT,202410,9786.0,9786.0,1108.0,1177.0,802.0,438.0,6994.0,6994.0
VT,202411,9765.0,9765.0,462.0,493.0,197.0,27.0,8597.0,8597.0
VT,202412,8702.0,8702.0,308.0,335.0,169.0,4.0,7681.0,7681.0
VT,202501,11431.0,11431.0,901.0,989.0,756.0,144.0,8799.0,8799.0
VT,202502,13641.0,13641.0,1135.0,1188.0,691.0,72.0,10639.0,10639.0
VT,202503,13752.0,13641.0,1138.0,1188.0,992.0,72.0,10203.0,10639.0
VT,202504,15822.0,15822.0,1387.0,1504.0,1152.0,156.0,11839.0,11839.0
VT,202505,11400.0,11400.0,1431.0,1538.0,1181.0,101.0,7623.0,7623.0
VT,202506,10115.0,10115.0,1341.0,1469.0,1224.0,81.0,6220.0,6220.0
VT,202507,9230.0,9223.0,982.0,1066.0,733.0,11.0,6300.0,6300.0
VT,202508,11960.0,11960.0,1477.0,1566.0,1101.0,18.0,7941.0,7941.0
VT,202509,12830.0,12340.0,1176.0,1185.0,993.0,0.0,9434.0,9434.0
VT,202510,9866.0,9869.0,1094.0,1151.0,609.0,22.0,6633.0,6633.0
VT,202511,11438.0,11438.0,1400.0,1441.0,922.0,21.0,7944.0,7944.0
VT,202512,11484.0,11484.0,1606.0,1710.0,804.0,25.0,7609.0,7609.0
VT,202601,11025.0,11025.0,1646.0,1708.0,881.0,51.0,6997.0,6997.0
VT,202602,13605.0,,2010.0,,1108.0,,8773.0,
VT,202603,12639.0,,1929.0,,1497.0,,8033.0,
VT,202604,14821.0,,1964.0,,1086.0,,9648.0,
VT,202605,10441.0,,1251.0,,1039.0,,6991.0,
WA,202303,,,,,,,,
WA,202304,,,,,,,,
WA,202305,192611.0,192611.0,83676.0,82234.0,1032.0,14.0,87731.0,87731.0
WA,202306,199496.0,199496.0,85561.0,85837.0,1124.0,31.0,90085.0,90085.0
WA,202307,195074.0,195074.0,80732.0,80893.0,868.0,39.0,92191.0,92191.0
WA,202308,119931.0,119931.0,17390.0,17465.0,536.0,46.0,85586.0,85586.0
WA,202309,115401.0,115401.0,15253.0,15323.0,547.0,35.0,84669.0,84669.0
WA,202310,124481.0,124481.0,16588.0,16762.0,621.0,44.0,90690.0,90690.0
WA,202311,142381.0,142381.0,18998.0,19076.0,550.0,20.0,104612.0,104612.0
WA,202312,150978.0,150978.0,20104.0,20263.0,684.0,21.0,111728.0,111728.0
WA,202401,119817.0,119817.0,15293.0,15301.0,572.0,23.0,89073.0,89073.0
WA,202402,127852.0,127852.0,15426.0,15498.0,2624.0,47.0,93659.0,93659.0
WA,202403,123453.0,123453.0,16018.0,16168.0,769.0,39.0,91151.0,91151.0
WA,202404,103444.0,103444.0,11916.0,11984.0,507.0,24.0,79096.0,79096.0
WA,202405,113777.0,113777.0,13171.0,13228.0,649.0,35.0,89367.0,89367.0
WA,202406,117862.0,117862.0,13368.0,13536.0,633.0,21.0,94312.0,94312.0
WA,202407,118743.0,118743.0,12367.0,12442.0,517.0,37.0,96082.0,96082.0
WA,202408,113274.0,113274.0,10821.0,10821.0,433.0,18.0,93313.0,93313.0
WA,202409,105740.0,105740.0,10580.0,10618.0,570.0,27.0,86359.0,86359.0
WA,202410,115200.0,115200.0,10897.0,10897.0,574.0,17.0,95228.0,95228.0
WA,202411,126731.0,126731.0,12180.0,12245.0,489.0,17.0,105282.0,105282.0
WA,202412,133983.0,133983.0,17894.0,18273.0,1277.0,20.0,98574.0,98574.0
WA,202501,115909.0,115909.0,10850.0,10850.0,712.0,19.0,95321.0,95321.0
WA,202502,115704.0,115704.0,10979.0,10979.0,619.0,17.0,95515.0,95515.0
WA,202503,112989.0,112989.0,12799.0,12799.0,504.0,29.0,90629.0,90629.0
WA,202504,105901.0,105901.0,11134.0,11134.0,537.0,88.0,85514.0,85514.0
WA,202505,112012.0,112012.0,11994.0,11994.0,392.0,20.0,90590.0,90590.0
WA,202506,122484.0,122484.0,12645.0,12645.0,569.0,25.0,100220.0,100220.0
WA,202507,117663.0,117683.0,11359.0,11359.0,446.0,32.0,96745.0,96745.0
WA,202508,114092.0,114092.0,11092.0,11092.0,602.0,20.0,93640.0,93640.0
WA,202509,108628.0,108628.0,11341.0,11341.0,557.0,29.0,88445.0,88445.0
WA,202510,117775.0,117775.0,11512.0,11512.0,605.0,33.0,96544.0,96544.0
WA,202511,130421.0,130421.0,12330.0,12330.0,678.0,20.0,107782.0,107782.0
WA,202512,150565.0,150565.0,18350.0,18350.0,3916.0,20.0,117797.0,117797.0
WA,202601,116929.0,116929.0,11180.0,11180.0,894.0,25.0,96586.0,96586.0
WA,202602,119005.0,,11465.0,,1154.0,,97610.0,
WA,202603,115414.0,,10119.0,,757.0,,95761.0,
WA,202604,111303.0,,10434.0,,694.0,,90326.0,
WA,202605,113571.0,,11321.0,,849.0,,92728.0,
WI,202303,,,,,,,,
WI,202304,,,,,,,,
WI,202305,,,,,,,,
WI,202306,86475.0,86475.0,20925.0,24456.0,13685.0,0.0,5993.0,5993.0
WI,202307,86455.0,86455.0,26802.0,27711.0,8065.0,0.0,7020.0,7020.0
WI,202308,90490.0,90490.0,27428.0,28358.0,7538.0,0.0,7316.0,7316.0
WI,202309,78094.0,78094.0,19078.0,19880.0,6971.0,0.0,5882.0,5882.0
WI,202310,77631.0,77631.0,16999.0,17497.0,5088.0,0.0,7703.0,7703.0
WI,202311,84934.0,84934.0,24923.0,25527.0,7097.0,0.0,9227.0,9227.0
WI,202312,81381.0,81381.0,18210.0,18795.0,5947.0,0.0,22655.0,22655.0
WI,202401,97156.0,97156.0,23388.0,23863.0,7328.0,0.0,25518.0,25518.0
WI,202402,147936.0,147936.0,22364.0,23155.0,11110.0,0.0,45614.0,45614.0
WI,202403,148138.0,148138.0,16541.0,17348.0,12662.0,0.0,46366.0,46366.0
WI,202404,116768.0,116768.0,15476.0,16098.0,5818.0,0.0,50409.0,50409.0
WI,202405,111789.0,111789.0,13560.0,14923.0,5869.0,0.0,48302.0,48302.0
WI,202406,84747.0,84747.0,13585.0,14251.0,5069.0,0.0,35497.0,35497.0
WI,202407,54899.0,54899.0,5691.0,5969.0,4648.0,0.0,17968.0,17968.0
WI,202408,59233.0,59233.0,6117.0,6423.0,5482.0,0.0,17866.0,17866.0
WI,202409,60244.0,60244.0,5802.0,6087.0,5787.0,0.0,17245.0,17245.0
WI,202410,63770.0,63770.0,5694.0,5972.0,4997.0,0.0,20037.0,20037.0
WI,202411,58769.0,58769.0,6402.0,6659.0,5289.0,0.0,18255.0,18255.0
WI,202412,68731.0,68731.0,8397.0,8760.0,6435.0,0.0,20496.0,20496.0
WI,202501,75623.0,75623.0,9851.0,10292.0,6759.0,0.0,23619.0,23619.0
WI,202502,100180.0,100180.0,10497.0,10838.0,8176.0,0.0,25548.0,25548.0
WI,202503,108250.0,108250.0,10718.0,11132.0,8449.0,0.0,22405.0,22405.0
WI,202504,100543.0,100543.0,10138.0,10489.0,5703.0,0.0,34002.0,34002.0
WI,202505,87894.0,87894.0,9179.0,9529.0,5180.0,0.0,34090.0,34090.0
WI,202506,78388.0,78388.0,7677.0,7987.0,4313.0,0.0,32979.0,32979.0
WI,202507,61374.0,61374.0,7143.0,7430.0,3622.0,0.0,22405.0,22405.0
WI,202508,57307.0,57307.0,6881.0,7185.0,4124.0,0.0,22219.0,22219.0
WI,202509,58196.0,58196.0,7308.0,7582.0,3877.0,0.0,21760.0,21760.0
WI,202510,60832.0,60832.0,7226.0,7556.0,3798.0,0.0,22679.0,22679.0
WI,202511,59524.0,59524.0,8728.0,9020.0,4552.0,0.0,23137.0,23137.0
WI,202512,66143.0,66143.0,8605.0,8921.0,4573.0,0.0,27825.0,27825.0
WI,202601,62429.0,62429.0,8552.0,8893.0,4959.0,0.0,24308.0,24308.0
WI,202602,74223.0,,9635.0,,5592.0,,29372.0,
WI,202603,77922.0,,10723.0,,6121.0,,28842.0,
WI,202604,81603.0,,10433.0,,6181.0,,35566.0,
WI,202605,73043.0,,9462.0,,5387.0,,33066.0,
WV,202303,,,,,,,,
WV,202304,48057.0,48057.0,15573.0,10736.0,513.0,5420.0,4658.0,4658.0
WV,202305,47329.0,47329.0,11524.0,11636.0,752.0,4279.0,4610.0,4610.0
WV,202306,50551.0,50551.0,14303.0,14439.0,910.0,3105.0,5724.0,5724.0
WV,202307,43610.0,43610.0,14611.0,14738.0,1116.0,3119.0,5949.0,5949.0
WV,202308,50000.0,50000.0,18796.0,18975.0,1088.0,3773.0,7741.0,7741.0
WV,202309,48368.0,48368.0,12634.0,16535.0,1118.0,475.0,4241.0,6705.0
WV,202310,44419.0,44419.0,15009.0,15110.0,4198.0,639.0,11206.0,11206.0
WV,202311,38716.0,38716.0,13300.0,13435.0,3614.0,775.0,7303.0,7303.0
WV,202312,43923.0,43923.0,12843.0,12964.0,5165.0,147.0,10297.0,10297.0
WV,202401,31039.0,31039.0,12375.0,12425.0,444.0,402.0,7785.0,7785.0
WV,202402,36211.0,36211.0,9795.0,9855.0,835.0,893.0,10865.0,10865.0
WV,202403,33748.0,33748.0,6454.0,6548.0,5334.0,1248.0,9075.0,9075.0
WV,202404,26796.0,26796.0,6172.0,6223.0,2139.0,54.0,6661.0,6661.0
WV,202405,28509.0,28509.0,4924.0,4974.0,1991.0,42.0,12764.0,12764.0
WV,202406,28713.0,28713.0,4885.0,4896.0,372.0,14.0,16075.0,16075.0
WV,202407,36635.0,36635.0,6239.0,6265.0,590.0,46.0,21065.0,21065.0
WV,202408,37088.0,37088.0,6137.0,6155.0,617.0,1.0,21000.0,21000.0
WV,202409,32479.0,32479.0,5976.0,6001.0,430.0,20.0,18579.0,18579.0
WV,202410,32720.0,32720.0,5731.0,5796.0,539.0,25.0,18727.0,18727.0
WV,202411,29977.0,29977.0,5987.0,6015.0,363.0,12.0,17086.0,17086.0
WV,202412,34476.0,34476.0,6023.0,6055.0,663.0,16.0,21986.0,21986.0
WV,202501,22503.0,22503.0,4277.0,4361.0,381.0,7.0,12872.0,12872.0
WV,202502,32977.0,32977.0,5293.0,5315.0,530.0,11.0,19487.0,19487.0
WV,202503,29106.0,29106.0,4198.0,4215.0,390.0,4.0,17431.0,17431.0
WV,202504,25868.0,25868.0,3609.0,3634.0,386.0,9.0,15208.0,15208.0
WV,202505,27864.0,27864.0,4325.0,4363.0,416.0,7.0,16147.0,16147.0
WV,202506,27695.0,27695.0,4140.0,4164.0,334.0,18.0,16713.0,16713.0
WV,202507,34940.0,34940.0,5005.0,5045.0,618.0,8.0,21510.0,21510.0
WV,202508,35813.0,35813.0,5397.0,5418.0,338.0,10.0,22444.0,22444.0
WV,202509,32289.0,32289.0,4430.0,4475.0,582.0,11.0,19499.0,19499.0
WV,202510,33212.0,33212.0,4975.0,5002.0,291.0,7.0,19558.0,19558.0
WV,202511,28942.0,28942.0,4623.0,4641.0,215.0,8.0,17362.0,17362.0
WV,202512,28976.0,28976.0,5414.0,5427.0,234.0,15.0,16496.0,16496.0
WV,202601,22299.0,22299.0,4193.0,4218.0,190.0,2.0,13118.0,13118.0
WV,202602,34449.0,,5390.0,,341.0,,22134.0,
WV,202603,31021.0,,4172.0,,297.0,,19339.0,
WV,202604,28476.0,,4151.0,,249.0,,16790.0,
WV,202605,27421.0,,4436.0,,283.0,,16439.0,
WY,202303,,,,,,,,
WY,202304,5137.0,4060.0,0.0,30.0,4288.0,227.0,29.0,1907.0
WY,202305,5904.0,6209.0,0.0,1494.0,4591.0,300.0,28.0,1736.0
WY,202306,5618.0,5536.0,0.0,1206.0,4243.0,224.0,20.0,1897.0
WY,202307,4828.0,6335.0,2629.0,1230.0,390.0,209.0,676.0,1933.0
WY,202308,5830.0,6582.0,347.0,459.0,2124.0,1270.0,1527.0,2081.0
WY,202309,6600.0,5712.0,11.0,653.0,3058.0,1131.0,2159.0,2499.0
WY,202310,6030.0,6336.0,239.0,716.0,2179.0,1102.0,1973.0,2103.0
WY,202311,5478.0,5318.0,27.0,128.0,2538.0,938.0,1655.0,2305.0
WY,202312,5771.0,6286.0,52.0,757.0,3040.0,530.0,1453.0,2638.0
WY,202401,5484.0,5982.0,69.0,1255.0,2911.0,492.0,1313.0,2407.0
WY,202402,5653.0,4470.0,118.0,1299.0,3127.0,297.0,983.0,1085.0
WY,202403,8618.0,5350.0,1091.0,1006.0,1771.0,378.0,1979.0,2003.0
WY,202404,4118.0,3041.0,70.0,455.0,1167.0,344.0,1264.0,1453.0
WY,202405,3864.0,3675.0,40.0,647.0,948.0,1.0,1322.0,1897.0
WY,202406,4306.0,4531.0,956.0,1074.0,431.0,241.0,1226.0,1313.0
WY,202407,7167.0,6632.0,1194.0,1253.0,619.0,583.0,2715.0,2716.0
WY,202408,6347.0,5954.0,1186.0,1015.0,1159.0,624.0,2407.0,2595.0
WY,202409,4778.0,4590.0,907.0,755.0,672.0,334.0,1593.0,1827.0
WY,202410,5693.0,5666.0,1025.0,820.0,633.0,316.0,2219.0,2509.0
WY,202411,4978.0,5429.0,1190.0,1180.0,471.0,406.0,2147.0,1951.0
WY,202412,5260.0,6282.0,1142.0,1125.0,510.0,362.0,2667.0,2840.0
WY,202501,5197.0,5594.0,1296.0,949.0,586.0,504.0,2243.0,2447.0
WY,202502,6981.0,7354.0,1415.0,1062.0,562.0,417.0,2507.0,2675.0
WY,202503,5641.0,6324.0,1762.0,1587.0,487.0,445.0,2044.0,2106.0
WY,202504,5616.0,4718.0,1862.0,1043.0,468.0,396.0,1851.0,1771.0
WY,202505,5158.0,4752.0,1257.0,758.0,431.0,352.0,1994.0,2130.0
WY,202506,5260.0,5631.0,1406.0,1092.0,503.0,287.0,1842.0,1902.0
WY,202507,6185.0,5951.0,1524.0,952.0,826.0,978.0,2603.0,2350.0
WY,202508,5763.0,5704.0,1137.0,1051.0,857.0,617.0,2202.0,2270.0
WY,202509,5126.0,5817.0,938.0,1214.0,833.0,681.0,1952.0,681.0
WY,202510,5951.0,5459.0,952.0,1092.0,978.0,834.0,2350.0,1730.0
WY,202511,5656.0,5833.0,907.0,1027.0,1110.0,1048.0,2254.0,711.0
WY,202512,5744.0,6830.0,1091.0,1293.0,1142.0,802.0,662.0,2312.0
WY,202601,5411.0,5064.0,987.0,829.0,1288.0,285.0,1719.0,2369.0
WY,202602,4572.0,,25.0,,544.0,,2829.0,
WY,202603,4282.0,,30.0,,526.0,,2320.0,
WY,202604,5013.0,,934.0,,510.0,,2029.0,
WY,202605,3920.0,,741.0,,462.0,,1748.0,
